ISO-10303-21;
HEADER;
FILE_DESCRIPTION(('FreeCAD Model'),'2;1');
FILE_NAME('Open CASCADE Shape Model','2026-02-03T17:27:12',(''),(''),
  'Open CASCADE STEP processor 7.8','FreeCAD','Unknown');
FILE_SCHEMA(('AUTOMOTIVE_DESIGN { 1 0 10303 214 1 1 1 1 }'));
ENDSEC;
DATA;
#1 = APPLICATION_PROTOCOL_DEFINITION('international standard',
  'automotive_design',2000,#2);
#2 = APPLICATION_CONTEXT(
  'core data for automotive mechanical design processes');
#3 = SHAPE_DEFINITION_REPRESENTATION(#4,#10);
#4 = PRODUCT_DEFINITION_SHAPE('','',#5);
#5 = PRODUCT_DEFINITION('design','',#6,#9);
#6 = PRODUCT_DEFINITION_FORMATION('','',#7);
#7 = PRODUCT('Assembly007','Assembly007','',(#8));
#8 = PRODUCT_CONTEXT('',#2,'mechanical');
#9 = PRODUCT_DEFINITION_CONTEXT('part definition',#2,'design');
#10 = SHAPE_REPRESENTATION('',(#11,#15,#19,#23,#27,#31,#35,#39),#43);
#11 = AXIS2_PLACEMENT_3D('',#12,#13,#14);
#12 = CARTESIAN_POINT('',(0.,0.,0.));
#13 = DIRECTION('',(0.,0.,1.));
#14 = DIRECTION('',(1.,0.,-0.));
#15 = AXIS2_PLACEMENT_3D('',#16,#17,#18);
#16 = CARTESIAN_POINT('',(150.8687133789,-428.8153229202,-867.3667385124
    ));
#17 = DIRECTION('',(1.425003289364E-16,-0.412544840768,0.910937294415));
#18 = DIRECTION('',(1.,6.600717452288E-16,1.425003289364E-16));
#19 = AXIS2_PLACEMENT_3D('',#20,#21,#22);
#20 = CARTESIAN_POINT('',(150.8687133789,-511.8050498563,-684.117719621)
  );
#21 = DIRECTION('',(3.743115503265E-16,-0.412544840768,0.910937294415));
#22 = DIRECTION('',(-4.440892098501E-16,0.910937294415,0.412544840768));
#23 = AXIS2_PLACEMENT_3D('',#24,#25,#26);
#24 = CARTESIAN_POINT('',(151.08092756362,-423.4522399902,
    -879.2089233398));
#25 = DIRECTION('',(-8.999999730204E-16,1.,4.496598060566E-08));
#26 = DIRECTION('',(1.,8.999999865102E-16,-2.999999730204E-16));
#27 = AXIS2_PLACEMENT_3D('',#28,#29,#30);
#28 = CARTESIAN_POINT('',(131.08092756362,-402.6918999235,-891.578574924
    ));
#29 = DIRECTION('',(2.510549834083E-17,0.11049475032,0.993876707722));
#30 = DIRECTION('',(1.,-4.530284763102E-16,2.510549834083E-17));
#31 = AXIS2_PLACEMENT_3D('',#32,#33,#34);
#32 = CARTESIAN_POINT('',(150.8687133789,-426.7525987163,-871.9214249845
    ));
#33 = DIRECTION('',(1.425003289364E-16,-0.412544840768,0.910937294415));
#34 = DIRECTION('',(1.,6.600717452288E-16,1.425003289364E-16));
#35 = AXIS2_PLACEMENT_3D('',#36,#37,#38);
#36 = CARTESIAN_POINT('',(150.86871337883,-652.0702957175,
    -374.3990395199));
#37 = DIRECTION('',(-8.930845610747E-16,0.910937294415,0.412544840768));
#38 = DIRECTION('',(1.,1.054825628666E-15,-1.643347255429E-16));
#39 = AXIS2_PLACEMENT_3D('',#40,#41,#42);
#40 = CARTESIAN_POINT('',(130.36871337883,-641.7698880587,
    -396.2600002048));
#41 = DIRECTION('',(-2.614033683641E-16,0.647152497394,0.762360574214));
#42 = DIRECTION('',(1.,7.118677471335E-16,-2.614033683641E-16));
#43 = ( GEOMETRIC_REPRESENTATION_CONTEXT(3) 
GLOBAL_UNCERTAINTY_ASSIGNED_CONTEXT((#47)) GLOBAL_UNIT_ASSIGNED_CONTEXT(
(#44,#45,#46)) REPRESENTATION_CONTEXT('Context #1',
  '3D Context with UNIT and UNCERTAINTY') );
#44 = ( LENGTH_UNIT() NAMED_UNIT(*) SI_UNIT(.MILLI.,.METRE.) );
#45 = ( NAMED_UNIT(*) PLANE_ANGLE_UNIT() SI_UNIT($,.RADIAN.) );
#46 = ( NAMED_UNIT(*) SI_UNIT($,.STERADIAN.) SOLID_ANGLE_UNIT() );
#47 = UNCERTAINTY_MEASURE_WITH_UNIT(LENGTH_MEASURE(1.E-05),#44,
  'distance_accuracy_value','confusion accuracy');
#48 = PRODUCT_RELATED_PRODUCT_CATEGORY('part',$,(#7));
#49 = SHAPE_DEFINITION_REPRESENTATION(#50,#56);
#50 = PRODUCT_DEFINITION_SHAPE('','',#51);
#51 = PRODUCT_DEFINITION('design','',#52,#55);
#52 = PRODUCT_DEFINITION_FORMATION('','',#53);
#53 = PRODUCT('cylinder_base','cylinder_base','',(#54));
#54 = PRODUCT_CONTEXT('',#2,'mechanical');
#55 = PRODUCT_DEFINITION_CONTEXT('part definition',#2,'design');
#56 = ADVANCED_BREP_SHAPE_REPRESENTATION('',(#11,#57),#435);
#57 = MANIFOLD_SOLID_BREP('',#58);
#58 = CLOSED_SHELL('',(#59,#99,#130,#161,#190,#253,#265,#290,#321,#345,
    #369,#386,#411,#426));
#59 = ADVANCED_FACE('',(#60),#94,.F.);
#60 = FACE_BOUND('',#61,.F.);
#61 = EDGE_LOOP('',(#62,#72,#80,#88));
#62 = ORIENTED_EDGE('',*,*,#63,.T.);
#63 = EDGE_CURVE('',#64,#66,#68,.T.);
#64 = VERTEX_POINT('',#65);
#65 = CARTESIAN_POINT('',(-22.7,-22.7,0.));
#66 = VERTEX_POINT('',#67);
#67 = CARTESIAN_POINT('',(-22.7,-22.7,40.));
#68 = LINE('',#69,#70);
#69 = CARTESIAN_POINT('',(-22.7,-22.7,0.));
#70 = VECTOR('',#71,1.);
#71 = DIRECTION('',(0.,0.,1.));
#72 = ORIENTED_EDGE('',*,*,#73,.T.);
#73 = EDGE_CURVE('',#66,#74,#76,.T.);
#74 = VERTEX_POINT('',#75);
#75 = CARTESIAN_POINT('',(22.7,-22.7,40.));
#76 = LINE('',#77,#78);
#77 = CARTESIAN_POINT('',(-22.7,-22.7,40.));
#78 = VECTOR('',#79,1.);
#79 = DIRECTION('',(1.,0.,0.));
#80 = ORIENTED_EDGE('',*,*,#81,.F.);
#81 = EDGE_CURVE('',#82,#74,#84,.T.);
#82 = VERTEX_POINT('',#83);
#83 = CARTESIAN_POINT('',(22.7,-22.7,0.));
#84 = LINE('',#85,#86);
#85 = CARTESIAN_POINT('',(22.7,-22.7,0.));
#86 = VECTOR('',#87,1.);
#87 = DIRECTION('',(0.,0.,1.));
#88 = ORIENTED_EDGE('',*,*,#89,.F.);
#89 = EDGE_CURVE('',#64,#82,#90,.T.);
#90 = LINE('',#91,#92);
#91 = CARTESIAN_POINT('',(-22.7,-22.7,0.));
#92 = VECTOR('',#93,1.);
#93 = DIRECTION('',(1.,0.,0.));
#94 = PLANE('',#95);
#95 = AXIS2_PLACEMENT_3D('',#96,#97,#98);
#96 = CARTESIAN_POINT('',(-22.7,-22.7,0.));
#97 = DIRECTION('',(0.,1.,0.));
#98 = DIRECTION('',(1.,0.,0.));
#99 = ADVANCED_FACE('',(#100),#125,.T.);
#100 = FACE_BOUND('',#101,.T.);
#101 = EDGE_LOOP('',(#102,#112,#118,#119));
#102 = ORIENTED_EDGE('',*,*,#103,.F.);
#103 = EDGE_CURVE('',#104,#106,#108,.T.);
#104 = VERTEX_POINT('',#105);
#105 = CARTESIAN_POINT('',(-22.69999999998,45.400039508014,0.));
#106 = VERTEX_POINT('',#107);
#107 = CARTESIAN_POINT('',(-22.69999999998,45.400039508014,40.));
#108 = LINE('',#109,#110);
#109 = CARTESIAN_POINT('',(-22.69999999998,45.400039508014,0.));
#110 = VECTOR('',#111,1.);
#111 = DIRECTION('',(0.,0.,1.));
#112 = ORIENTED_EDGE('',*,*,#113,.T.);
#113 = EDGE_CURVE('',#104,#64,#114,.T.);
#114 = LINE('',#115,#116);
#115 = CARTESIAN_POINT('',(-22.7,22.7,0.));
#116 = VECTOR('',#117,1.);
#117 = DIRECTION('',(0.,-1.,0.));
#118 = ORIENTED_EDGE('',*,*,#63,.T.);
#119 = ORIENTED_EDGE('',*,*,#120,.F.);
#120 = EDGE_CURVE('',#106,#66,#121,.T.);
#121 = LINE('',#122,#123);
#122 = CARTESIAN_POINT('',(-22.7,45.400039508014,40.));
#123 = VECTOR('',#124,1.);
#124 = DIRECTION('',(0.,-1.,0.));
#125 = PLANE('',#126);
#126 = AXIS2_PLACEMENT_3D('',#127,#128,#129);
#127 = CARTESIAN_POINT('',(-22.69999999999,11.350019754007,20.));
#128 = DIRECTION('',(-1.,1.2971E-13,0.));
#129 = DIRECTION('',(-1.2971E-13,-1.,0.));
#130 = ADVANCED_FACE('',(#131),#156,.T.);
#131 = FACE_BOUND('',#132,.T.);
#132 = EDGE_LOOP('',(#133,#134,#142,#150));
#133 = ORIENTED_EDGE('',*,*,#81,.F.);
#134 = ORIENTED_EDGE('',*,*,#135,.T.);
#135 = EDGE_CURVE('',#82,#136,#138,.T.);
#136 = VERTEX_POINT('',#137);
#137 = CARTESIAN_POINT('',(22.7,45.4,0.));
#138 = LINE('',#139,#140);
#139 = CARTESIAN_POINT('',(22.7,22.7,0.));
#140 = VECTOR('',#141,1.);
#141 = DIRECTION('',(0.,1.,0.));
#142 = ORIENTED_EDGE('',*,*,#143,.T.);
#143 = EDGE_CURVE('',#136,#144,#146,.T.);
#144 = VERTEX_POINT('',#145);
#145 = CARTESIAN_POINT('',(22.7,45.4,40.));
#146 = LINE('',#147,#148);
#147 = CARTESIAN_POINT('',(22.7,45.4,0.));
#148 = VECTOR('',#149,1.);
#149 = DIRECTION('',(0.,0.,1.));
#150 = ORIENTED_EDGE('',*,*,#151,.F.);
#151 = EDGE_CURVE('',#74,#144,#152,.T.);
#152 = LINE('',#153,#154);
#153 = CARTESIAN_POINT('',(22.7,-22.7,40.));
#154 = VECTOR('',#155,1.);
#155 = DIRECTION('',(0.,1.,0.));
#156 = PLANE('',#157);
#157 = AXIS2_PLACEMENT_3D('',#158,#159,#160);
#158 = CARTESIAN_POINT('',(22.7,11.35,20.));
#159 = DIRECTION('',(1.,0.,0.));
#160 = DIRECTION('',(0.,0.,1.));
#161 = ADVANCED_FACE('',(#162,#174),#185,.F.);
#162 = FACE_BOUND('',#163,.F.);
#163 = EDGE_LOOP('',(#164,#165,#166,#173));
#164 = ORIENTED_EDGE('',*,*,#89,.T.);
#165 = ORIENTED_EDGE('',*,*,#135,.T.);
#166 = ORIENTED_EDGE('',*,*,#167,.T.);
#167 = EDGE_CURVE('',#136,#104,#168,.T.);
#168 = CIRCLE('',#169,22.7);
#169 = AXIS2_PLACEMENT_3D('',#170,#171,#172);
#170 = CARTESIAN_POINT('',(0.,45.4,0.));
#171 = DIRECTION('',(0.,0.,1.));
#172 = DIRECTION('',(1.,0.,0.));
#173 = ORIENTED_EDGE('',*,*,#113,.T.);
#174 = FACE_BOUND('',#175,.F.);
#175 = EDGE_LOOP('',(#176));
#176 = ORIENTED_EDGE('',*,*,#177,.F.);
#177 = EDGE_CURVE('',#178,#178,#180,.T.);
#178 = VERTEX_POINT('',#179);
#179 = CARTESIAN_POINT('',(10.,0.,0.));
#180 = CIRCLE('',#181,10.);
#181 = AXIS2_PLACEMENT_3D('',#182,#183,#184);
#182 = CARTESIAN_POINT('',(0.,0.,0.));
#183 = DIRECTION('',(0.,0.,1.));
#184 = DIRECTION('',(1.,0.,0.));
#185 = PLANE('',#186);
#186 = AXIS2_PLACEMENT_3D('',#187,#188,#189);
#187 = CARTESIAN_POINT('',(-4.8118766656E-07,18.019778754624,0.));
#188 = DIRECTION('',(0.,0.,1.));
#189 = DIRECTION('',(1.,0.,0.));
#190 = ADVANCED_FACE('',(#191,#203,#237),#248,.T.);
#191 = FACE_BOUND('',#192,.T.);
#192 = EDGE_LOOP('',(#193,#194,#195,#202));
#193 = ORIENTED_EDGE('',*,*,#73,.T.);
#194 = ORIENTED_EDGE('',*,*,#151,.T.);
#195 = ORIENTED_EDGE('',*,*,#196,.T.);
#196 = EDGE_CURVE('',#144,#106,#197,.T.);
#197 = CIRCLE('',#198,22.7);
#198 = AXIS2_PLACEMENT_3D('',#199,#200,#201);
#199 = CARTESIAN_POINT('',(0.,45.4,40.));
#200 = DIRECTION('',(0.,0.,1.));
#201 = DIRECTION('',(1.,0.,0.));
#202 = ORIENTED_EDGE('',*,*,#120,.T.);
#203 = FACE_BOUND('',#204,.T.);
#204 = EDGE_LOOP('',(#205,#215,#223,#231));
#205 = ORIENTED_EDGE('',*,*,#206,.F.);
#206 = EDGE_CURVE('',#207,#209,#211,.T.);
#207 = VERTEX_POINT('',#208);
#208 = CARTESIAN_POINT('',(-17.25,-17.25,40.));
#209 = VERTEX_POINT('',#210);
#210 = CARTESIAN_POINT('',(17.25,-17.25,40.));
#211 = LINE('',#212,#213);
#212 = CARTESIAN_POINT('',(-17.25,-17.25,40.));
#213 = VECTOR('',#214,1.);
#214 = DIRECTION('',(1.,0.,0.));
#215 = ORIENTED_EDGE('',*,*,#216,.F.);
#216 = EDGE_CURVE('',#217,#207,#219,.T.);
#217 = VERTEX_POINT('',#218);
#218 = CARTESIAN_POINT('',(-17.25,17.25,40.));
#219 = LINE('',#220,#221);
#220 = CARTESIAN_POINT('',(-17.25,17.25,40.));
#221 = VECTOR('',#222,1.);
#222 = DIRECTION('',(0.,-1.,0.));
#223 = ORIENTED_EDGE('',*,*,#224,.F.);
#224 = EDGE_CURVE('',#225,#217,#227,.T.);
#225 = VERTEX_POINT('',#226);
#226 = CARTESIAN_POINT('',(17.25,17.25,40.));
#227 = LINE('',#228,#229);
#228 = CARTESIAN_POINT('',(17.25,17.25,40.));
#229 = VECTOR('',#230,1.);
#230 = DIRECTION('',(-1.,0.,0.));
#231 = ORIENTED_EDGE('',*,*,#232,.F.);
#232 = EDGE_CURVE('',#209,#225,#233,.T.);
#233 = LINE('',#234,#235);
#234 = CARTESIAN_POINT('',(17.25,-17.25,40.));
#235 = VECTOR('',#236,1.);
#236 = DIRECTION('',(0.,1.,0.));
#237 = FACE_BOUND('',#238,.T.);
#238 = EDGE_LOOP('',(#239));
#239 = ORIENTED_EDGE('',*,*,#240,.F.);
#240 = EDGE_CURVE('',#241,#241,#243,.T.);
#241 = VERTEX_POINT('',#242);
#242 = CARTESIAN_POINT('',(20.,45.4,40.));
#243 = CIRCLE('',#244,20.);
#244 = AXIS2_PLACEMENT_3D('',#245,#246,#247);
#245 = CARTESIAN_POINT('',(0.,45.4,40.));
#246 = DIRECTION('',(0.,0.,1.));
#247 = DIRECTION('',(1.,0.,0.));
#248 = PLANE('',#249);
#249 = AXIS2_PLACEMENT_3D('',#250,#251,#252);
#250 = CARTESIAN_POINT('',(-4.8118766656E-07,18.019778754624,40.));
#251 = DIRECTION('',(0.,0.,1.));
#252 = DIRECTION('',(1.,0.,0.));
#253 = ADVANCED_FACE('',(#254),#260,.T.);
#254 = FACE_BOUND('',#255,.F.);
#255 = EDGE_LOOP('',(#256,#257,#258,#259));
#256 = ORIENTED_EDGE('',*,*,#143,.T.);
#257 = ORIENTED_EDGE('',*,*,#196,.T.);
#258 = ORIENTED_EDGE('',*,*,#103,.F.);
#259 = ORIENTED_EDGE('',*,*,#167,.F.);
#260 = CYLINDRICAL_SURFACE('',#261,22.7);
#261 = AXIS2_PLACEMENT_3D('',#262,#263,#264);
#262 = CARTESIAN_POINT('',(0.,45.4,0.));
#263 = DIRECTION('',(-0.,-0.,-1.));
#264 = DIRECTION('',(1.,0.,0.));
#265 = ADVANCED_FACE('',(#266),#285,.F.);
#266 = FACE_BOUND('',#267,.F.);
#267 = EDGE_LOOP('',(#268,#276,#283,#284));
#268 = ORIENTED_EDGE('',*,*,#269,.F.);
#269 = EDGE_CURVE('',#270,#178,#272,.T.);
#270 = VERTEX_POINT('',#271);
#271 = CARTESIAN_POINT('',(10.,0.,370.));
#272 = LINE('',#273,#274);
#273 = CARTESIAN_POINT('',(10.,0.,370.));
#274 = VECTOR('',#275,1.);
#275 = DIRECTION('',(-0.,-0.,-1.));
#276 = ORIENTED_EDGE('',*,*,#277,.F.);
#277 = EDGE_CURVE('',#270,#270,#278,.T.);
#278 = CIRCLE('',#279,10.);
#279 = AXIS2_PLACEMENT_3D('',#280,#281,#282);
#280 = CARTESIAN_POINT('',(0.,0.,370.));
#281 = DIRECTION('',(0.,0.,1.));
#282 = DIRECTION('',(1.,0.,0.));
#283 = ORIENTED_EDGE('',*,*,#269,.T.);
#284 = ORIENTED_EDGE('',*,*,#177,.T.);
#285 = CYLINDRICAL_SURFACE('',#286,10.);
#286 = AXIS2_PLACEMENT_3D('',#287,#288,#289);
#287 = CARTESIAN_POINT('',(0.,0.,370.));
#288 = DIRECTION('',(0.,0.,1.));
#289 = DIRECTION('',(1.,0.,0.));
#290 = ADVANCED_FACE('',(#291),#316,.F.);
#291 = FACE_BOUND('',#292,.F.);
#292 = EDGE_LOOP('',(#293,#301,#309,#315));
#293 = ORIENTED_EDGE('',*,*,#294,.T.);
#294 = EDGE_CURVE('',#207,#295,#297,.T.);
#295 = VERTEX_POINT('',#296);
#296 = CARTESIAN_POINT('',(-17.25,-17.25,370.));
#297 = LINE('',#298,#299);
#298 = CARTESIAN_POINT('',(-17.25,-17.25,40.));
#299 = VECTOR('',#300,1.);
#300 = DIRECTION('',(0.,0.,1.));
#301 = ORIENTED_EDGE('',*,*,#302,.T.);
#302 = EDGE_CURVE('',#295,#303,#305,.T.);
#303 = VERTEX_POINT('',#304);
#304 = CARTESIAN_POINT('',(17.25,-17.25,370.));
#305 = LINE('',#306,#307);
#306 = CARTESIAN_POINT('',(-17.25,-17.25,370.));
#307 = VECTOR('',#308,1.);
#308 = DIRECTION('',(1.,0.,0.));
#309 = ORIENTED_EDGE('',*,*,#310,.F.);
#310 = EDGE_CURVE('',#209,#303,#311,.T.);
#311 = LINE('',#312,#313);
#312 = CARTESIAN_POINT('',(17.25,-17.25,40.));
#313 = VECTOR('',#314,1.);
#314 = DIRECTION('',(0.,0.,1.));
#315 = ORIENTED_EDGE('',*,*,#206,.F.);
#316 = PLANE('',#317);
#317 = AXIS2_PLACEMENT_3D('',#318,#319,#320);
#318 = CARTESIAN_POINT('',(-17.25,-17.25,40.));
#319 = DIRECTION('',(0.,1.,0.));
#320 = DIRECTION('',(1.,0.,0.));
#321 = ADVANCED_FACE('',(#322),#340,.F.);
#322 = FACE_BOUND('',#323,.F.);
#323 = EDGE_LOOP('',(#324,#325,#333,#339));
#324 = ORIENTED_EDGE('',*,*,#310,.T.);
#325 = ORIENTED_EDGE('',*,*,#326,.T.);
#326 = EDGE_CURVE('',#303,#327,#329,.T.);
#327 = VERTEX_POINT('',#328);
#328 = CARTESIAN_POINT('',(17.25,17.25,370.));
#329 = LINE('',#330,#331);
#330 = CARTESIAN_POINT('',(17.25,-17.25,370.));
#331 = VECTOR('',#332,1.);
#332 = DIRECTION('',(0.,1.,0.));
#333 = ORIENTED_EDGE('',*,*,#334,.F.);
#334 = EDGE_CURVE('',#225,#327,#335,.T.);
#335 = LINE('',#336,#337);
#336 = CARTESIAN_POINT('',(17.25,17.25,40.));
#337 = VECTOR('',#338,1.);
#338 = DIRECTION('',(0.,0.,1.));
#339 = ORIENTED_EDGE('',*,*,#232,.F.);
#340 = PLANE('',#341);
#341 = AXIS2_PLACEMENT_3D('',#342,#343,#344);
#342 = CARTESIAN_POINT('',(17.25,-17.25,40.));
#343 = DIRECTION('',(-1.,0.,0.));
#344 = DIRECTION('',(0.,1.,0.));
#345 = ADVANCED_FACE('',(#346),#364,.F.);
#346 = FACE_BOUND('',#347,.F.);
#347 = EDGE_LOOP('',(#348,#349,#357,#363));
#348 = ORIENTED_EDGE('',*,*,#334,.T.);
#349 = ORIENTED_EDGE('',*,*,#350,.T.);
#350 = EDGE_CURVE('',#327,#351,#353,.T.);
#351 = VERTEX_POINT('',#352);
#352 = CARTESIAN_POINT('',(-17.25,17.25,370.));
#353 = LINE('',#354,#355);
#354 = CARTESIAN_POINT('',(17.25,17.25,370.));
#355 = VECTOR('',#356,1.);
#356 = DIRECTION('',(-1.,0.,0.));
#357 = ORIENTED_EDGE('',*,*,#358,.F.);
#358 = EDGE_CURVE('',#217,#351,#359,.T.);
#359 = LINE('',#360,#361);
#360 = CARTESIAN_POINT('',(-17.25,17.25,40.));
#361 = VECTOR('',#362,1.);
#362 = DIRECTION('',(0.,0.,1.));
#363 = ORIENTED_EDGE('',*,*,#224,.F.);
#364 = PLANE('',#365);
#365 = AXIS2_PLACEMENT_3D('',#366,#367,#368);
#366 = CARTESIAN_POINT('',(17.25,17.25,40.));
#367 = DIRECTION('',(0.,-1.,0.));
#368 = DIRECTION('',(-1.,0.,0.));
#369 = ADVANCED_FACE('',(#370),#381,.F.);
#370 = FACE_BOUND('',#371,.F.);
#371 = EDGE_LOOP('',(#372,#373,#379,#380));
#372 = ORIENTED_EDGE('',*,*,#358,.T.);
#373 = ORIENTED_EDGE('',*,*,#374,.T.);
#374 = EDGE_CURVE('',#351,#295,#375,.T.);
#375 = LINE('',#376,#377);
#376 = CARTESIAN_POINT('',(-17.25,17.25,370.));
#377 = VECTOR('',#378,1.);
#378 = DIRECTION('',(0.,-1.,0.));
#379 = ORIENTED_EDGE('',*,*,#294,.F.);
#380 = ORIENTED_EDGE('',*,*,#216,.F.);
#381 = PLANE('',#382);
#382 = AXIS2_PLACEMENT_3D('',#383,#384,#385);
#383 = CARTESIAN_POINT('',(-17.25,17.25,40.));
#384 = DIRECTION('',(1.,0.,0.));
#385 = DIRECTION('',(0.,-1.,0.));
#386 = ADVANCED_FACE('',(#387),#406,.T.);
#387 = FACE_BOUND('',#388,.F.);
#388 = EDGE_LOOP('',(#389,#397,#404,#405));
#389 = ORIENTED_EDGE('',*,*,#390,.T.);
#390 = EDGE_CURVE('',#241,#391,#393,.T.);
#391 = VERTEX_POINT('',#392);
#392 = CARTESIAN_POINT('',(20.,45.4,134.));
#393 = LINE('',#394,#395);
#394 = CARTESIAN_POINT('',(20.,45.4,40.));
#395 = VECTOR('',#396,1.);
#396 = DIRECTION('',(0.,0.,1.));
#397 = ORIENTED_EDGE('',*,*,#398,.T.);
#398 = EDGE_CURVE('',#391,#391,#399,.T.);
#399 = CIRCLE('',#400,20.);
#400 = AXIS2_PLACEMENT_3D('',#401,#402,#403);
#401 = CARTESIAN_POINT('',(0.,45.4,134.));
#402 = DIRECTION('',(0.,0.,1.));
#403 = DIRECTION('',(1.,0.,0.));
#404 = ORIENTED_EDGE('',*,*,#390,.F.);
#405 = ORIENTED_EDGE('',*,*,#240,.F.);
#406 = CYLINDRICAL_SURFACE('',#407,20.);
#407 = AXIS2_PLACEMENT_3D('',#408,#409,#410);
#408 = CARTESIAN_POINT('',(0.,45.4,40.));
#409 = DIRECTION('',(-0.,-0.,-1.));
#410 = DIRECTION('',(1.,0.,0.));
#411 = ADVANCED_FACE('',(#412,#418),#421,.T.);
#412 = FACE_BOUND('',#413,.T.);
#413 = EDGE_LOOP('',(#414,#415,#416,#417));
#414 = ORIENTED_EDGE('',*,*,#302,.T.);
#415 = ORIENTED_EDGE('',*,*,#326,.T.);
#416 = ORIENTED_EDGE('',*,*,#350,.T.);
#417 = ORIENTED_EDGE('',*,*,#374,.T.);
#418 = FACE_BOUND('',#419,.T.);
#419 = EDGE_LOOP('',(#420));
#420 = ORIENTED_EDGE('',*,*,#277,.F.);
#421 = PLANE('',#422);
#422 = AXIS2_PLACEMENT_3D('',#423,#424,#425);
#423 = CARTESIAN_POINT('',(0.,0.,370.));
#424 = DIRECTION('',(0.,0.,1.));
#425 = DIRECTION('',(1.,0.,0.));
#426 = ADVANCED_FACE('',(#427),#430,.T.);
#427 = FACE_BOUND('',#428,.T.);
#428 = EDGE_LOOP('',(#429));
#429 = ORIENTED_EDGE('',*,*,#398,.T.);
#430 = PLANE('',#431);
#431 = AXIS2_PLACEMENT_3D('',#432,#433,#434);
#432 = CARTESIAN_POINT('',(-1.09E-15,45.4,134.));
#433 = DIRECTION('',(0.,0.,1.));
#434 = DIRECTION('',(1.,0.,0.));
#435 = ( GEOMETRIC_REPRESENTATION_CONTEXT(3) 
GLOBAL_UNCERTAINTY_ASSIGNED_CONTEXT((#439)) GLOBAL_UNIT_ASSIGNED_CONTEXT
((#436,#437,#438)) REPRESENTATION_CONTEXT('Context #1',
  '3D Context with UNIT and UNCERTAINTY') );
#436 = ( LENGTH_UNIT() NAMED_UNIT(*) SI_UNIT(.MILLI.,.METRE.) );
#437 = ( NAMED_UNIT(*) PLANE_ANGLE_UNIT() SI_UNIT($,.RADIAN.) );
#438 = ( NAMED_UNIT(*) SI_UNIT($,.STERADIAN.) SOLID_ANGLE_UNIT() );
#439 = UNCERTAINTY_MEASURE_WITH_UNIT(LENGTH_MEASURE(1.E-07),#436,
  'distance_accuracy_value','confusion accuracy');
#440 = CONTEXT_DEPENDENT_SHAPE_REPRESENTATION(#441,#443);
#441 = ( REPRESENTATION_RELATIONSHIP('','',#56,#10) 
REPRESENTATION_RELATIONSHIP_WITH_TRANSFORMATION(#442) 
SHAPE_REPRESENTATION_RELATIONSHIP() );
#442 = ITEM_DEFINED_TRANSFORMATION('','',#11,#15);
#443 = PRODUCT_DEFINITION_SHAPE('Placement','Placement of an item',#444
  );
#444 = NEXT_ASSEMBLY_USAGE_OCCURRENCE('1','cylinder_base002','',#5,#51,$
  );
#445 = PRODUCT_RELATED_PRODUCT_CATEGORY('part',$,(#53));
#446 = SHAPE_DEFINITION_REPRESENTATION(#447,#453);
#447 = PRODUCT_DEFINITION_SHAPE('','',#448);
#448 = PRODUCT_DEFINITION('design','',#449,#452);
#449 = PRODUCT_DEFINITION_FORMATION('','',#450);
#450 = PRODUCT('cylinder_arm','cylinder_arm','',(#451));
#451 = PRODUCT_CONTEXT('',#2,'mechanical');
#452 = PRODUCT_DEFINITION_CONTEXT('part definition',#2,'design');
#453 = ADVANCED_BREP_SHAPE_REPRESENTATION('',(#11,#454),#758);
#454 = MANIFOLD_SOLID_BREP('',#455);
#455 = CLOSED_SHELL('',(#456,#473,#732,#741));
#456 = ADVANCED_FACE('',(#457),#468,.T.);
#457 = FACE_BOUND('',#458,.F.);
#458 = EDGE_LOOP('',(#459));
#459 = ORIENTED_EDGE('',*,*,#460,.F.);
#460 = EDGE_CURVE('',#461,#461,#463,.T.);
#461 = VERTEX_POINT('',#462);
#462 = CARTESIAN_POINT('',(10.,0.,0.));
#463 = CIRCLE('',#464,10.);
#464 = AXIS2_PLACEMENT_3D('',#465,#466,#467);
#465 = CARTESIAN_POINT('',(0.,0.,0.));
#466 = DIRECTION('',(0.,-2.2E-16,-1.));
#467 = DIRECTION('',(1.,0.,0.));
#468 = PLANE('',#469);
#469 = AXIS2_PLACEMENT_3D('',#470,#471,#472);
#470 = CARTESIAN_POINT('',(0.,0.,0.));
#471 = DIRECTION('',(0.,-2.2E-16,-1.));
#472 = DIRECTION('',(1.,0.,0.));
#473 = ADVANCED_FACE('',(#474,#493,#610),#727,.T.);
#474 = FACE_BOUND('',#475,.F.);
#475 = EDGE_LOOP('',(#476,#484,#485,#486));
#476 = ORIENTED_EDGE('',*,*,#477,.F.);
#477 = EDGE_CURVE('',#461,#478,#480,.T.);
#478 = VERTEX_POINT('',#479);
#479 = CARTESIAN_POINT('',(10.,0.,350.));
#480 = LINE('',#481,#482);
#481 = CARTESIAN_POINT('',(10.,0.,0.));
#482 = VECTOR('',#483,1.);
#483 = DIRECTION('',(0.,-2.2E-16,1.));
#484 = ORIENTED_EDGE('',*,*,#460,.T.);
#485 = ORIENTED_EDGE('',*,*,#477,.T.);
#486 = ORIENTED_EDGE('',*,*,#487,.F.);
#487 = EDGE_CURVE('',#478,#478,#488,.T.);
#488 = CIRCLE('',#489,10.);
#489 = AXIS2_PLACEMENT_3D('',#490,#491,#492);
#490 = CARTESIAN_POINT('',(0.,7.772E-14,350.));
#491 = DIRECTION('',(0.,-2.2E-16,-1.));
#492 = DIRECTION('',(1.,0.,0.));
#493 = FACE_BOUND('',#494,.F.);
#494 = EDGE_LOOP('',(#495));
#495 = ORIENTED_EDGE('',*,*,#496,.T.);
#496 = EDGE_CURVE('',#497,#497,#499,.T.);
#497 = VERTEX_POINT('',#498);
#498 = CARTESIAN_POINT('',(4.,-9.165151389913,340.));
#499 = B_SPLINE_CURVE_WITH_KNOTS('',7,(#500,#501,#502,#503,#504,#505,
    #506,#507,#508,#509,#510,#511,#512,#513,#514,#515,#516,#517,#518,
    #519,#520,#521,#522,#523,#524,#525,#526,#527,#528,#529,#530,#531,
    #532,#533,#534,#535,#536,#537,#538,#539,#540,#541,#542,#543,#544,
    #545,#546,#547,#548,#549,#550,#551,#552,#553,#554,#555,#556,#557,
    #558,#559,#560,#561,#562,#563,#564,#565,#566,#567,#568,#569,#570,
    #571,#572,#573,#574,#575,#576,#577,#578,#579,#580,#581,#582,#583,
    #584,#585,#586,#587,#588,#589,#590,#591,#592,#593,#594,#595,#596,
    #597,#598,#599,#600,#601,#602,#603,#604,#605,#606,#607,#608,#609),
  .UNSPECIFIED.,.T.,.F.,(8,6,6,6,6,6,6,6,6,6,6,6,6,6,6,6,6,6,8),(0.,
    2.9090120508E-02,0.131246562977,0.186305003427,0.222713497675,
    0.276502195864,0.314441790807,0.345646439267,0.471081854192,
    0.502327409505,0.529547746795,0.631492810558,0.686437325965,
    0.722770485026,0.776447885514,0.814308977174,0.845449058066,
    0.97062492641,1.),.UNSPECIFIED.);
#500 = CARTESIAN_POINT('',(4.,-9.165151389912,340.));
#501 = CARTESIAN_POINT('',(4.,-9.165151389912,340.09166946752));
#502 = CARTESIAN_POINT('',(3.997548977493,-9.166221120022,
    340.18333896976));
#503 = CARTESIAN_POINT('',(3.992647067213,-9.168360486463,
    340.27495293514));
#504 = CARTESIAN_POINT('',(3.985293715633,-9.171564813336,
    340.36645591802));
#505 = CARTESIAN_POINT('',(3.975487680967,-9.175824842624,
    340.45779259866));
#506 = CARTESIAN_POINT('',(3.963227033171,-9.181126734194,
    340.54890778324));
#507 = CARTESIAN_POINT('',(3.896824040354,-9.209664877643,340.9587464684
    ));
#508 = CARTESIAN_POINT('',(3.814940940456,-9.244454503524,
    341.27368430904));
#509 = CARTESIAN_POINT('',(3.702851677749,-9.29098075616,341.58285083116
    ));
#510 = CARTESIAN_POINT('',(3.560088743407,-9.347889509489,
    341.88427402444));
#511 = CARTESIAN_POINT('',(3.385822612274,-9.413271484972,
    342.17553544297));
#512 = CARTESIAN_POINT('',(3.178998345265,-9.484580607193,
    342.45348885164));
#513 = CARTESIAN_POINT('',(2.808898195576,-9.598358101645,
    342.85422253245));
#514 = CARTESIAN_POINT('',(2.669323158667,-9.63902251743,342.98966128759
    ));
#515 = CARTESIAN_POINT('',(2.519558854369,-9.679993264601,343.1195108001
    ));
#516 = CARTESIAN_POINT('',(2.359385417392,-9.720684196029,
    343.24296093112));
#517 = CARTESIAN_POINT('',(2.188615318319,-9.760423788125,
    343.35906101422));
#518 = CARTESIAN_POINT('',(2.007120708029,-9.798453360147,
    343.46670028572));
#519 = CARTESIAN_POINT('',(1.687729442945,-9.857397368176,
    343.62931428409));
#520 = CARTESIAN_POINT('',(1.555797758327,-9.879762674312,
    343.68982410874));
#521 = CARTESIAN_POINT('',(1.419305902298,-9.900737182426,343.745597845)
  );
#522 = CARTESIAN_POINT('',(1.278523102227,-9.920032625303,
    343.79615369322));
#523 = CARTESIAN_POINT('',(1.133749952998,-9.937373339171,
    343.84104289022));
#524 = CARTESIAN_POINT('',(0.985318094838,-9.952503744725,
    343.87984727825));
#525 = CARTESIAN_POINT('',(0.609431690581,-9.983946689972,
    343.95993954322));
#526 = CARTESIAN_POINT('',(0.378120288835,-9.997372143184,
    343.99356179368));
#527 = CARTESIAN_POINT('',(0.142344314864,-10.00461356737,
    344.01147401604));
#528 = CARTESIAN_POINT('',(-9.507005932098E-02,-10.00518522631,
    344.01288715584));
#529 = CARTESIAN_POINT('',(-0.331247782282,-9.999061070806,
    343.99775916992));
#530 = CARTESIAN_POINT('',(-0.563353752691,-9.98667727914,343.9667945466
    ));
#531 = CARTESIAN_POINT('',(-0.947615860278,-9.956276528794,
    343.88951230195));
#532 = CARTESIAN_POINT('',(-1.10308720475,-9.941001780383,
    343.85042491411));
#533 = CARTESIAN_POINT('',(-1.254668639758,-9.92327755948,
    343.80464700946));
#534 = CARTESIAN_POINT('',(-1.401969173117,-9.903390168266,
    343.75264697315));
#535 = CARTESIAN_POINT('',(-1.544634504693,-9.881651588312,
    343.69493233369));
#536 = CARTESIAN_POINT('',(-1.682347502177,-9.858390127206,
    343.63205280464));
#537 = CARTESIAN_POINT('',(-1.923792109159,-9.813832142394,
    343.50912731854));
#538 = CARTESIAN_POINT('',(-2.029330108951,-9.792898816285,
    343.45050215496));
#539 = CARTESIAN_POINT('',(-2.131436896092,-9.771294512303,
    343.38896436091));
#540 = CARTESIAN_POINT('',(-2.230115049843,-9.749165746,343.32473575397)
  );
#541 = CARTESIAN_POINT('',(-2.325375254771,-9.726651387992,
    343.2580236939));
#542 = CARTESIAN_POINT('',(-2.417236046639,-9.703881928919,
    343.18902133262));
#543 = CARTESIAN_POINT('',(-2.861422734092,-9.588913279941,
    342.83204829316));
#544 = CARTESIAN_POINT('',(-3.163695824611,-9.494406933977,
    342.51120611426));
#545 = CARTESIAN_POINT('',(-3.414646336098,-9.405065114131,
    342.16581771521));
#546 = CARTESIAN_POINT('',(-3.616887678464,-9.32645109822,
    341.80269836259));
#547 = CARTESIAN_POINT('',(-3.772461189495,-9.262454044208,
    341.42664741484));
#548 = CARTESIAN_POINT('',(-3.882572203266,-9.215777715571,
    341.0410439453));
#549 = CARTESIAN_POINT('',(-3.963121128822,-9.181175118754,
    340.55089322141));
#550 = CARTESIAN_POINT('',(-3.976337473284,-9.175458737877,
    340.45282177439));
#551 = CARTESIAN_POINT('',(-3.986710269064,-9.170949779839,
    340.35449411634));
#552 = CARTESIAN_POINT('',(-3.994241900787,-9.167665388155,
    340.25597907258));
#553 = CARTESIAN_POINT('',(-3.998933842663,-9.165616548165,
    340.15734565413));
#554 = CARTESIAN_POINT('',(-4.00078665849,-9.164808087033,
    340.05866305768));
#555 = CARTESIAN_POINT('',(-3.998940451185,-9.165613789999,
    339.87404848584));
#556 = CARTESIAN_POINT('',(-3.995925911907,-9.166929265176,
    339.78811148828));
#557 = CARTESIAN_POINT('',(-3.990756376503,-9.169184064233,
    339.7022354725));
#558 = CARTESIAN_POINT('',(-3.98343129556,-9.172373616909,
    339.61646613455));
#559 = CARTESIAN_POINT('',(-3.97394957757,-9.176489817727,
    339.53084906701));
#560 = CARTESIAN_POINT('',(-3.96230958893,-9.181521025991,339.445429759)
  );
#561 = CARTESIAN_POINT('',(-3.896824040354,-9.209664877643,
    339.04125353159));
#562 = CARTESIAN_POINT('',(-3.814940940456,-9.244454503524,
    338.72631569095));
#563 = CARTESIAN_POINT('',(-3.702851677748,-9.29098075616,
    338.41714916883));
#564 = CARTESIAN_POINT('',(-3.560088743407,-9.34788950949,
    338.11572597555));
#565 = CARTESIAN_POINT('',(-3.385822612273,-9.413271484972,
    337.82446455702));
#566 = CARTESIAN_POINT('',(-3.178998345264,-9.484580607193,
    337.54651114835));
#567 = CARTESIAN_POINT('',(-2.808898195462,-9.59835810168,
    337.14577746742));
#568 = CARTESIAN_POINT('',(-2.669323158638,-9.639022517435,
    337.01033871239));
#569 = CARTESIAN_POINT('',(-2.519558854449,-9.679993264577,
    336.88048919997));
#570 = CARTESIAN_POINT('',(-2.359385417487,-9.720684196008,
    336.75703906892));
#571 = CARTESIAN_POINT('',(-2.188615318308,-9.760423788133,
    336.64093898575));
#572 = CARTESIAN_POINT('',(-2.007120707896,-9.798453360172,
    336.53329971421));
#573 = CARTESIAN_POINT('',(-1.68772944294,-9.857397368177,336.3706857159
    ));
#574 = CARTESIAN_POINT('',(-1.555797758322,-9.879762674313,
    336.31017589125));
#575 = CARTESIAN_POINT('',(-1.419305902292,-9.900737182427,
    336.25440215499));
#576 = CARTESIAN_POINT('',(-1.27852310222,-9.920032625304,
    336.20384630677));
#577 = CARTESIAN_POINT('',(-1.133749952991,-9.937373339172,
    336.15895710977));
#578 = CARTESIAN_POINT('',(-0.985318094831,-9.952503744726,
    336.12015272174));
#579 = CARTESIAN_POINT('',(-0.609431690573,-9.983946689973,
    336.04006045677));
#580 = CARTESIAN_POINT('',(-0.378120288826,-9.997372143184,
    336.00643820631));
#581 = CARTESIAN_POINT('',(-0.142344314855,-10.00461356737,
    335.98852598395));
#582 = CARTESIAN_POINT('',(9.507005932965E-02,-10.00518522631,
    335.98711284415));
#583 = CARTESIAN_POINT('',(0.33124778229,-9.999061070805,336.00224083007
    ));
#584 = CARTESIAN_POINT('',(0.563353752699,-9.986677279139,336.0332054534
    ));
#585 = CARTESIAN_POINT('',(0.947615860303,-9.956276528791,
    336.11048769805));
#586 = CARTESIAN_POINT('',(1.103087204759,-9.941001780381,
    336.14957508589));
#587 = CARTESIAN_POINT('',(1.254668639752,-9.92327755948,336.19535299053
    ));
#588 = CARTESIAN_POINT('',(1.401969173112,-9.903390168267,
    336.24735302684));
#589 = CARTESIAN_POINT('',(1.5446345047,-9.881651588311,336.3050676663)
  );
#590 = CARTESIAN_POINT('',(1.682347502195,-9.858390127203,
    336.36794719536));
#591 = CARTESIAN_POINT('',(1.923792109156,-9.813832142395,
    336.49087268145));
#592 = CARTESIAN_POINT('',(2.029330108954,-9.792898816285,
    336.54949784503));
#593 = CARTESIAN_POINT('',(2.131436896102,-9.771294512301,
    336.61103563908));
#594 = CARTESIAN_POINT('',(2.230115049851,-9.749165745998,
    336.67526424602));
#595 = CARTESIAN_POINT('',(2.325375254774,-9.726651387992,
    336.74197630609));
#596 = CARTESIAN_POINT('',(2.417236046636,-9.70388192892,336.81097866737
    ));
#597 = CARTESIAN_POINT('',(2.861422734093,-9.588913279941,
    337.16795170683));
#598 = CARTESIAN_POINT('',(3.163695824614,-9.494406933976,
    337.48879388573));
#599 = CARTESIAN_POINT('',(3.414646336097,-9.405065114131,
    337.83418228478));
#600 = CARTESIAN_POINT('',(3.616887678465,-9.326451098219,338.1973016374
    ));
#601 = CARTESIAN_POINT('',(3.772461189495,-9.262454044208,
    338.57335258515));
#602 = CARTESIAN_POINT('',(3.882572203266,-9.21577771557,338.95895605469
    ));
#603 = CARTESIAN_POINT('',(3.962190835714,-9.181574758564,
    339.44344582362));
#604 = CARTESIAN_POINT('',(3.974797062853,-9.17612484697,339.5358196647)
  );
#605 = CARTESIAN_POINT('',(3.984879407606,-9.171745350482,
    339.62842443769));
#606 = CARTESIAN_POINT('',(3.992439921984,-9.168450893146,
    339.72120266073));
#607 = CARTESIAN_POINT('',(3.997479924466,-9.166251258566,
    339.81409663784));
#608 = CARTESIAN_POINT('',(4.,-9.165151389912,339.90704845898));
#609 = CARTESIAN_POINT('',(4.,-9.165151389912,340.));
#610 = FACE_BOUND('',#611,.F.);
#611 = EDGE_LOOP('',(#612));
#612 = ORIENTED_EDGE('',*,*,#613,.F.);
#613 = EDGE_CURVE('',#614,#614,#616,.T.);
#614 = VERTEX_POINT('',#615);
#615 = CARTESIAN_POINT('',(4.,9.165151389913,340.));
#616 = B_SPLINE_CURVE_WITH_KNOTS('',7,(#617,#618,#619,#620,#621,#622,
    #623,#624,#625,#626,#627,#628,#629,#630,#631,#632,#633,#634,#635,
    #636,#637,#638,#639,#640,#641,#642,#643,#644,#645,#646,#647,#648,
    #649,#650,#651,#652,#653,#654,#655,#656,#657,#658,#659,#660,#661,
    #662,#663,#664,#665,#666,#667,#668,#669,#670,#671,#672,#673,#674,
    #675,#676,#677,#678,#679,#680,#681,#682,#683,#684,#685,#686,#687,
    #688,#689,#690,#691,#692,#693,#694,#695,#696,#697,#698,#699,#700,
    #701,#702,#703,#704,#705,#706,#707,#708,#709,#710,#711,#712,#713,
    #714,#715,#716,#717,#718,#719,#720,#721,#722,#723,#724,#725,#726),
  .UNSPECIFIED.,.T.,.F.,(8,6,6,6,6,6,6,6,6,6,6,6,6,6,6,6,6,6,8),(0.,
    2.909012048184E-02,0.131246562859,0.186305003259,0.222713497475,
    0.276502195615,0.31444179052,0.345646438947,0.471081853739,
    0.502327409018,0.52954774628,0.631492809934,0.686437325283,
    0.722770484306,0.776447884737,0.814308976349,0.8454490572,
    0.970624926425,1.),.UNSPECIFIED.);
#617 = CARTESIAN_POINT('',(4.,9.165151389912,340.));
#618 = CARTESIAN_POINT('',(4.,9.165151389912,340.09166946752));
#619 = CARTESIAN_POINT('',(3.997548977493,9.166221120022,340.18333896976
    ));
#620 = CARTESIAN_POINT('',(3.992647067213,9.168360486463,340.27495293514
    ));
#621 = CARTESIAN_POINT('',(3.985293715633,9.171564813336,340.36645591802
    ));
#622 = CARTESIAN_POINT('',(3.975487680967,9.175824842624,340.45779259866
    ));
#623 = CARTESIAN_POINT('',(3.963227033171,9.181126734194,340.54890778324
    ));
#624 = CARTESIAN_POINT('',(3.896824040354,9.209664877643,340.9587464684)
  );
#625 = CARTESIAN_POINT('',(3.814940940456,9.244454503524,341.27368430904
    ));
#626 = CARTESIAN_POINT('',(3.702851677748,9.29098075616,341.58285083116)
  );
#627 = CARTESIAN_POINT('',(3.560088743408,9.34788950949,341.88427402443)
  );
#628 = CARTESIAN_POINT('',(3.385822612275,9.413271484972,342.17553544297
    ));
#629 = CARTESIAN_POINT('',(3.178998345265,9.484580607193,342.45348885164
    ));
#630 = CARTESIAN_POINT('',(2.808898195576,9.598358101645,342.85422253245
    ));
#631 = CARTESIAN_POINT('',(2.669323158667,9.63902251743,342.98966128759)
  );
#632 = CARTESIAN_POINT('',(2.519558854369,9.679993264602,343.1195108001)
  );
#633 = CARTESIAN_POINT('',(2.359385417392,9.720684196029,343.24296093112
    ));
#634 = CARTESIAN_POINT('',(2.188615318319,9.760423788125,343.35906101422
    ));
#635 = CARTESIAN_POINT('',(2.007120708029,9.798453360147,343.46670028572
    ));
#636 = CARTESIAN_POINT('',(1.687729442945,9.857397368176,343.62931428409
    ));
#637 = CARTESIAN_POINT('',(1.555797758327,9.879762674312,343.68982410874
    ));
#638 = CARTESIAN_POINT('',(1.419305902298,9.900737182426,343.745597845)
  );
#639 = CARTESIAN_POINT('',(1.278523102227,9.920032625304,343.79615369322
    ));
#640 = CARTESIAN_POINT('',(1.133749952998,9.937373339171,343.84104289022
    ));
#641 = CARTESIAN_POINT('',(0.985318094838,9.952503744725,343.87984727825
    ));
#642 = CARTESIAN_POINT('',(0.609431690581,9.983946689972,343.95993954322
    ));
#643 = CARTESIAN_POINT('',(0.378120288835,9.997372143184,343.99356179368
    ));
#644 = CARTESIAN_POINT('',(0.142344314864,10.004613567373,
    344.01147401604));
#645 = CARTESIAN_POINT('',(-9.507005932102E-02,10.005185226316,
    344.01288715584));
#646 = CARTESIAN_POINT('',(-0.331247782282,9.999061070806,
    343.99775916992));
#647 = CARTESIAN_POINT('',(-0.563353752691,9.98667727914,343.9667945466)
  );
#648 = CARTESIAN_POINT('',(-0.947615860264,9.956276528795,
    343.88951230195));
#649 = CARTESIAN_POINT('',(-1.103087204749,9.941001780383,
    343.85042491411));
#650 = CARTESIAN_POINT('',(-1.254668639768,9.923277559479,
    343.80464700946));
#651 = CARTESIAN_POINT('',(-1.401969173127,9.903390168265,
    343.75264697314));
#652 = CARTESIAN_POINT('',(-1.544634504691,9.881651588312,
    343.69493233369));
#653 = CARTESIAN_POINT('',(-1.682347502167,9.858390127209,
    343.63205280464));
#654 = CARTESIAN_POINT('',(-1.923792109159,9.813832142394,
    343.50912731854));
#655 = CARTESIAN_POINT('',(-2.029330108951,9.792898816286,
    343.45050215496));
#656 = CARTESIAN_POINT('',(-2.131436896092,9.771294512304,
    343.38896436091));
#657 = CARTESIAN_POINT('',(-2.230115049843,9.749165746,343.32473575397)
  );
#658 = CARTESIAN_POINT('',(-2.325375254771,9.726651387993,343.2580236939
    ));
#659 = CARTESIAN_POINT('',(-2.417236046639,9.70388192892,343.18902133262
    ));
#660 = CARTESIAN_POINT('',(-2.861422734093,9.588913279941,
    342.83204829316));
#661 = CARTESIAN_POINT('',(-3.163695824608,9.494406933978,
    342.51120611426));
#662 = CARTESIAN_POINT('',(-3.414646336103,9.40506511413,342.1658177152)
  );
#663 = CARTESIAN_POINT('',(-3.616887678461,9.32645109822,341.80269836259
    ));
#664 = CARTESIAN_POINT('',(-3.772461189495,9.262454044209,
    341.42664741485));
#665 = CARTESIAN_POINT('',(-3.882572203266,9.215777715571,341.0410439453
    ));
#666 = CARTESIAN_POINT('',(-3.963121128822,9.181175118754,
    340.55089322141));
#667 = CARTESIAN_POINT('',(-3.976337473284,9.175458737877,
    340.45282177439));
#668 = CARTESIAN_POINT('',(-3.986710269064,9.170949779839,
    340.35449411634));
#669 = CARTESIAN_POINT('',(-3.994241900787,9.167665388156,
    340.25597907258));
#670 = CARTESIAN_POINT('',(-3.998933842663,9.165616548165,
    340.15734565413));
#671 = CARTESIAN_POINT('',(-4.00078665849,9.164808087033,340.05866305768
    ));
#672 = CARTESIAN_POINT('',(-3.998940451185,9.165613789999,
    339.87404848584));
#673 = CARTESIAN_POINT('',(-3.995925911907,9.166929265176,
    339.78811148828));
#674 = CARTESIAN_POINT('',(-3.990756376503,9.169184064233,339.7022354725
    ));
#675 = CARTESIAN_POINT('',(-3.98343129556,9.17237361691,339.61646613455)
  );
#676 = CARTESIAN_POINT('',(-3.97394957757,9.176489817727,339.53084906701
    ));
#677 = CARTESIAN_POINT('',(-3.96230958893,9.181521025991,339.445429759)
  );
#678 = CARTESIAN_POINT('',(-3.896824040354,9.209664877643,
    339.04125353159));
#679 = CARTESIAN_POINT('',(-3.814940940456,9.244454503524,
    338.72631569095));
#680 = CARTESIAN_POINT('',(-3.702851677748,9.29098075616,338.41714916883
    ));
#681 = CARTESIAN_POINT('',(-3.560088743407,9.34788950949,338.11572597555
    ));
#682 = CARTESIAN_POINT('',(-3.385822612273,9.413271484973,
    337.82446455702));
#683 = CARTESIAN_POINT('',(-3.178998345264,9.484580607194,
    337.54651114835));
#684 = CARTESIAN_POINT('',(-2.808898195462,9.59835810168,337.14577746742
    ));
#685 = CARTESIAN_POINT('',(-2.669323158638,9.639022517435,
    337.01033871239));
#686 = CARTESIAN_POINT('',(-2.519558854449,9.679993264577,
    336.88048919997));
#687 = CARTESIAN_POINT('',(-2.359385417487,9.720684196008,
    336.75703906892));
#688 = CARTESIAN_POINT('',(-2.188615318308,9.760423788133,
    336.64093898575));
#689 = CARTESIAN_POINT('',(-2.007120707896,9.798453360172,
    336.53329971421));
#690 = CARTESIAN_POINT('',(-1.68772944294,9.857397368177,336.3706857159)
  );
#691 = CARTESIAN_POINT('',(-1.555797758322,9.879762674313,
    336.31017589125));
#692 = CARTESIAN_POINT('',(-1.419305902292,9.900737182427,
    336.25440215499));
#693 = CARTESIAN_POINT('',(-1.27852310222,9.920032625304,336.20384630677
    ));
#694 = CARTESIAN_POINT('',(-1.133749952991,9.937373339172,
    336.15895710977));
#695 = CARTESIAN_POINT('',(-0.985318094831,9.952503744726,
    336.12015272174));
#696 = CARTESIAN_POINT('',(-0.609431690573,9.983946689973,
    336.04006045677));
#697 = CARTESIAN_POINT('',(-0.378120288826,9.997372143184,
    336.00643820631));
#698 = CARTESIAN_POINT('',(-0.142344314855,10.004613567373,
    335.98852598395));
#699 = CARTESIAN_POINT('',(9.507005932943E-02,10.005185226316,
    335.98711284415));
#700 = CARTESIAN_POINT('',(0.33124778229,9.999061070806,336.00224083007)
  );
#701 = CARTESIAN_POINT('',(0.563353752699,9.98667727914,336.0332054534)
  );
#702 = CARTESIAN_POINT('',(0.947615860272,9.956276528794,336.11048769804
    ));
#703 = CARTESIAN_POINT('',(1.103087204756,9.941001780382,336.14957508588
    ));
#704 = CARTESIAN_POINT('',(1.254668639775,9.923277559478,336.19535299054
    ));
#705 = CARTESIAN_POINT('',(1.401969173133,9.903390168264,336.24735302685
    ));
#706 = CARTESIAN_POINT('',(1.544634504697,9.881651588311,336.30506766631
    ));
#707 = CARTESIAN_POINT('',(1.682347502172,9.858390127208,336.36794719535
    ));
#708 = CARTESIAN_POINT('',(1.923792109164,9.813832142393,336.49087268146
    ));
#709 = CARTESIAN_POINT('',(2.029330108955,9.792898816285,336.54949784503
    ));
#710 = CARTESIAN_POINT('',(2.131436896096,9.771294512303,336.61103563908
    ));
#711 = CARTESIAN_POINT('',(2.230115049846,9.749165745999,336.67526424602
    ));
#712 = CARTESIAN_POINT('',(2.325375254775,9.726651387992,336.74197630609
    ));
#713 = CARTESIAN_POINT('',(2.417236046642,9.703881928919,336.81097866737
    ));
#714 = CARTESIAN_POINT('',(2.86142273706,9.588913279173,337.16795170921)
  );
#715 = CARTESIAN_POINT('',(3.163695815302,9.494406936561,337.48879387555
    ));
#716 = CARTESIAN_POINT('',(3.414646349549,9.405065110161,337.83418230404
    ));
#717 = CARTESIAN_POINT('',(3.616887668083,9.326451101483,338.19730161754
    ));
#718 = CARTESIAN_POINT('',(3.772461193499,9.262454042837,338.57335259644
    ));
#719 = CARTESIAN_POINT('',(3.882572202778,9.21577771578,338.95895605172)
  );
#720 = CARTESIAN_POINT('',(3.962190835714,9.181574758564,339.44344582362
    ));
#721 = CARTESIAN_POINT('',(3.974797062853,9.17612484697,339.5358196647)
  );
#722 = CARTESIAN_POINT('',(3.984879407606,9.171745350483,339.62842443769
    ));
#723 = CARTESIAN_POINT('',(3.992439921984,9.168450893146,339.72120266073
    ));
#724 = CARTESIAN_POINT('',(3.997479924466,9.166251258566,339.81409663784
    ));
#725 = CARTESIAN_POINT('',(4.,9.165151389912,339.90704845898));
#726 = CARTESIAN_POINT('',(4.,9.165151389912,340.));
#727 = CYLINDRICAL_SURFACE('',#728,10.);
#728 = AXIS2_PLACEMENT_3D('',#729,#730,#731);
#729 = CARTESIAN_POINT('',(0.,0.,0.));
#730 = DIRECTION('',(0.,2.2E-16,1.));
#731 = DIRECTION('',(1.,0.,0.));
#732 = ADVANCED_FACE('',(#733),#736,.F.);
#733 = FACE_BOUND('',#734,.F.);
#734 = EDGE_LOOP('',(#735));
#735 = ORIENTED_EDGE('',*,*,#487,.T.);
#736 = PLANE('',#737);
#737 = AXIS2_PLACEMENT_3D('',#738,#739,#740);
#738 = CARTESIAN_POINT('',(0.,7.772E-14,350.));
#739 = DIRECTION('',(0.,-2.2E-16,-1.));
#740 = DIRECTION('',(1.,0.,0.));
#741 = ADVANCED_FACE('',(#742),#753,.F.);
#742 = FACE_BOUND('',#743,.F.);
#743 = EDGE_LOOP('',(#744,#745,#751,#752));
#744 = ORIENTED_EDGE('',*,*,#496,.F.);
#745 = ORIENTED_EDGE('',*,*,#746,.T.);
#746 = EDGE_CURVE('',#497,#614,#747,.T.);
#747 = LINE('',#748,#749);
#748 = CARTESIAN_POINT('',(4.,-354.6440490824,340.));
#749 = VECTOR('',#750,1.);
#750 = DIRECTION('',(0.,1.,-2.2E-16));
#751 = ORIENTED_EDGE('',*,*,#613,.T.);
#752 = ORIENTED_EDGE('',*,*,#746,.F.);
#753 = CYLINDRICAL_SURFACE('',#754,4.);
#754 = AXIS2_PLACEMENT_3D('',#755,#756,#757);
#755 = CARTESIAN_POINT('',(0.,-354.6440490824,340.));
#756 = DIRECTION('',(0.,-1.,2.2E-16));
#757 = DIRECTION('',(1.,0.,0.));
#758 = ( GEOMETRIC_REPRESENTATION_CONTEXT(3) 
GLOBAL_UNCERTAINTY_ASSIGNED_CONTEXT((#762)) GLOBAL_UNIT_ASSIGNED_CONTEXT
((#759,#760,#761)) REPRESENTATION_CONTEXT('Context #1',
  '3D Context with UNIT and UNCERTAINTY') );
#759 = ( LENGTH_UNIT() NAMED_UNIT(*) SI_UNIT(.MILLI.,.METRE.) );
#760 = ( NAMED_UNIT(*) PLANE_ANGLE_UNIT() SI_UNIT($,.RADIAN.) );
#761 = ( NAMED_UNIT(*) SI_UNIT($,.STERADIAN.) SOLID_ANGLE_UNIT() );
#762 = UNCERTAINTY_MEASURE_WITH_UNIT(LENGTH_MEASURE(2.E-07),#759,
  'distance_accuracy_value','confusion accuracy');
#763 = CONTEXT_DEPENDENT_SHAPE_REPRESENTATION(#764,#766);
#764 = ( REPRESENTATION_RELATIONSHIP('','',#453,#10) 
REPRESENTATION_RELATIONSHIP_WITH_TRANSFORMATION(#765) 
SHAPE_REPRESENTATION_RELATIONSHIP() );
#765 = ITEM_DEFINED_TRANSFORMATION('','',#11,#19);
#766 = PRODUCT_DEFINITION_SHAPE('Placement','Placement of an item',#767
  );
#767 = NEXT_ASSEMBLY_USAGE_OCCURRENCE('2','cylinder_arm002','',#5,#448,$
  );
#768 = PRODUCT_RELATED_PRODUCT_CATEGORY('part',$,(#450));
#769 = SHAPE_DEFINITION_REPRESENTATION(#770,#776);
#770 = PRODUCT_DEFINITION_SHAPE('','',#771);
#771 = PRODUCT_DEFINITION('design','',#772,#775);
#772 = PRODUCT_DEFINITION_FORMATION('','',#773);
#773 = PRODUCT('cliyder','cliyder','',(#774));
#774 = PRODUCT_CONTEXT('',#2,'mechanical');
#775 = PRODUCT_DEFINITION_CONTEXT('part definition',#2,'design');
#776 = ADVANCED_BREP_SHAPE_REPRESENTATION('',(#11,#777),#830);
#777 = MANIFOLD_SOLID_BREP('',#778);
#778 = CLOSED_SHELL('',(#779,#812,#821));
#779 = ADVANCED_FACE('',(#780),#807,.T.);
#780 = FACE_BOUND('',#781,.F.);
#781 = EDGE_LOOP('',(#782,#792,#799,#800));
#782 = ORIENTED_EDGE('',*,*,#783,.T.);
#783 = EDGE_CURVE('',#784,#786,#788,.T.);
#784 = VERTEX_POINT('',#785);
#785 = CARTESIAN_POINT('',(-20.,4.1,-4.E-15));
#786 = VERTEX_POINT('',#787);
#787 = CARTESIAN_POINT('',(20.,4.1,0.));
#788 = LINE('',#789,#790);
#789 = CARTESIAN_POINT('',(-20.,4.1,-3.59E-15));
#790 = VECTOR('',#791,1.);
#791 = DIRECTION('',(1.,-2.2E-16,1.1E-16));
#792 = ORIENTED_EDGE('',*,*,#793,.T.);
#793 = EDGE_CURVE('',#786,#786,#794,.T.);
#794 = CIRCLE('',#795,4.1);
#795 = AXIS2_PLACEMENT_3D('',#796,#797,#798);
#796 = CARTESIAN_POINT('',(20.,0.,-7.105427357601E-15));
#797 = DIRECTION('',(1.,2.2E-16,3.3E-16));
#798 = DIRECTION('',(-2.2E-16,1.,-3.3E-16));
#799 = ORIENTED_EDGE('',*,*,#783,.F.);
#800 = ORIENTED_EDGE('',*,*,#801,.F.);
#801 = EDGE_CURVE('',#784,#784,#802,.T.);
#802 = CIRCLE('',#803,4.1);
#803 = AXIS2_PLACEMENT_3D('',#804,#805,#806);
#804 = CARTESIAN_POINT('',(-20.,0.,7.105427357601E-15));
#805 = DIRECTION('',(1.,2.2E-16,3.3E-16));
#806 = DIRECTION('',(-2.2E-16,1.,-3.3E-16));
#807 = CYLINDRICAL_SURFACE('',#808,4.1);
#808 = AXIS2_PLACEMENT_3D('',#809,#810,#811);
#809 = CARTESIAN_POINT('',(-20.,4.44E-15,-2.22E-15));
#810 = DIRECTION('',(-1.,-0.,-3.3E-16));
#811 = DIRECTION('',(1.089E-31,1.,-3.3E-16));
#812 = ADVANCED_FACE('',(#813),#816,.F.);
#813 = FACE_BOUND('',#814,.F.);
#814 = EDGE_LOOP('',(#815));
#815 = ORIENTED_EDGE('',*,*,#801,.T.);
#816 = PLANE('',#817);
#817 = AXIS2_PLACEMENT_3D('',#818,#819,#820);
#818 = CARTESIAN_POINT('',(-20.,-1.7E-16,7.105427357601E-15));
#819 = DIRECTION('',(1.,-2.2E-16,-1.1E-16));
#820 = DIRECTION('',(1.1E-16,-1.1E-16,1.));
#821 = ADVANCED_FACE('',(#822),#825,.T.);
#822 = FACE_BOUND('',#823,.T.);
#823 = EDGE_LOOP('',(#824));
#824 = ORIENTED_EDGE('',*,*,#793,.T.);
#825 = PLANE('',#826);
#826 = AXIS2_PLACEMENT_3D('',#827,#828,#829);
#827 = CARTESIAN_POINT('',(20.,-1.7E-16,-7.105427357601E-15));
#828 = DIRECTION('',(1.,-2.2E-16,-1.1E-16));
#829 = DIRECTION('',(1.1E-16,-1.1E-16,1.));
#830 = ( GEOMETRIC_REPRESENTATION_CONTEXT(3) 
GLOBAL_UNCERTAINTY_ASSIGNED_CONTEXT((#834)) GLOBAL_UNIT_ASSIGNED_CONTEXT
((#831,#832,#833)) REPRESENTATION_CONTEXT('Context #1',
  '3D Context with UNIT and UNCERTAINTY') );
#831 = ( LENGTH_UNIT() NAMED_UNIT(*) SI_UNIT(.MILLI.,.METRE.) );
#832 = ( NAMED_UNIT(*) PLANE_ANGLE_UNIT() SI_UNIT($,.RADIAN.) );
#833 = ( NAMED_UNIT(*) SI_UNIT($,.STERADIAN.) SOLID_ANGLE_UNIT() );
#834 = UNCERTAINTY_MEASURE_WITH_UNIT(LENGTH_MEASURE(1.E-07),#831,
  'distance_accuracy_value','confusion accuracy');
#835 = CONTEXT_DEPENDENT_SHAPE_REPRESENTATION(#836,#838);
#836 = ( REPRESENTATION_RELATIONSHIP('','',#776,#10) 
REPRESENTATION_RELATIONSHIP_WITH_TRANSFORMATION(#837) 
SHAPE_REPRESENTATION_RELATIONSHIP() );
#837 = ITEM_DEFINED_TRANSFORMATION('','',#11,#23);
#838 = PRODUCT_DEFINITION_SHAPE('Placement','Placement of an item',#839
  );
#839 = NEXT_ASSEMBLY_USAGE_OCCURRENCE('3','cliyder004','',#5,#771,$);
#840 = PRODUCT_RELATED_PRODUCT_CATEGORY('part',$,(#773));
#841 = SHAPE_DEFINITION_REPRESENTATION(#842,#848);
#842 = PRODUCT_DEFINITION_SHAPE('','',#843);
#843 = PRODUCT_DEFINITION('design','',#844,#847);
#844 = PRODUCT_DEFINITION_FORMATION('','',#845);
#845 = PRODUCT('braket','braket','',(#846));
#846 = PRODUCT_CONTEXT('',#2,'mechanical');
#847 = PRODUCT_DEFINITION_CONTEXT('part definition',#2,'design');
#848 = ADVANCED_BREP_SHAPE_REPRESENTATION('',(#11,#849),#1213);
#849 = MANIFOLD_SOLID_BREP('',#850);
#850 = CLOSED_SHELL('',(#851,#891,#954,#1017,#1046,#1075,#1093,#1121,
    #1138,#1167,#1179,#1196));
#851 = ADVANCED_FACE('',(#852),#886,.F.);
#852 = FACE_BOUND('',#853,.F.);
#853 = EDGE_LOOP('',(#854,#864,#872,#880));
#854 = ORIENTED_EDGE('',*,*,#855,.T.);
#855 = EDGE_CURVE('',#856,#858,#860,.T.);
#856 = VERTEX_POINT('',#857);
#857 = CARTESIAN_POINT('',(8.E-15,-44.,-20.));
#858 = VERTEX_POINT('',#859);
#859 = CARTESIAN_POINT('',(40.,-44.,-20.));
#860 = LINE('',#861,#862);
#861 = CARTESIAN_POINT('',(2.798E-14,-44.,-20.));
#862 = VECTOR('',#863,1.);
#863 = DIRECTION('',(1.,-3.3E-16,0.));
#864 = ORIENTED_EDGE('',*,*,#865,.T.);
#865 = EDGE_CURVE('',#858,#866,#868,.T.);
#866 = VERTEX_POINT('',#867);
#867 = CARTESIAN_POINT('',(40.,-2.9E-14,-20.));
#868 = LINE('',#869,#870);
#869 = CARTESIAN_POINT('',(40.,-44.,-20.));
#870 = VECTOR('',#871,1.);
#871 = DIRECTION('',(-5.6E-16,1.,-5.6E-16));
#872 = ORIENTED_EDGE('',*,*,#873,.F.);
#873 = EDGE_CURVE('',#874,#866,#876,.T.);
#874 = VERTEX_POINT('',#875);
#875 = CARTESIAN_POINT('',(1.3E-14,-7.E-15,-20.));
#876 = LINE('',#877,#878);
#877 = CARTESIAN_POINT('',(1.332E-14,2.22E-15,-20.));
#878 = VECTOR('',#879,1.);
#879 = DIRECTION('',(1.,-3.3E-16,0.));
#880 = ORIENTED_EDGE('',*,*,#881,.F.);
#881 = EDGE_CURVE('',#856,#874,#882,.T.);
#882 = LINE('',#883,#884);
#883 = CARTESIAN_POINT('',(3.775E-14,-44.,-20.));
#884 = VECTOR('',#885,1.);
#885 = DIRECTION('',(-5.6E-16,1.,-5.6E-16));
#886 = PLANE('',#887);
#887 = AXIS2_PLACEMENT_3D('',#888,#889,#890);
#888 = CARTESIAN_POINT('',(2.798E-14,-44.,-20.));
#889 = DIRECTION('',(-4.4E-16,1.1E-16,1.));
#890 = DIRECTION('',(-3.3E-16,1.,-1.1E-16));
#891 = ADVANCED_FACE('',(#892),#949,.F.);
#892 = FACE_BOUND('',#893,.F.);
#893 = EDGE_LOOP('',(#894,#902,#910,#918,#926,#934,#942,#948));
#894 = ORIENTED_EDGE('',*,*,#895,.F.);
#895 = EDGE_CURVE('',#896,#856,#898,.T.);
#896 = VERTEX_POINT('',#897);
#897 = CARTESIAN_POINT('',(-5.E-15,-44.,7.784E-12));
#898 = LINE('',#899,#900);
#899 = CARTESIAN_POINT('',(2.442E-14,-44.,7.77472E-12));
#900 = VECTOR('',#901,1.);
#901 = DIRECTION('',(6.7E-16,3.3E-16,-1.));
#902 = ORIENTED_EDGE('',*,*,#903,.T.);
#903 = EDGE_CURVE('',#896,#904,#906,.T.);
#904 = VERTEX_POINT('',#905);
#905 = CARTESIAN_POINT('',(7.,-44.,7.785E-12));
#906 = LINE('',#907,#908);
#907 = CARTESIAN_POINT('',(1.465E-14,-44.,7.77471E-12));
#908 = VECTOR('',#909,1.);
#909 = DIRECTION('',(1.,-3.3E-16,0.));
#910 = ORIENTED_EDGE('',*,*,#911,.T.);
#911 = EDGE_CURVE('',#904,#912,#914,.T.);
#912 = VERTEX_POINT('',#913);
#913 = CARTESIAN_POINT('',(7.,-44.,-13.));
#914 = LINE('',#915,#916);
#915 = CARTESIAN_POINT('',(7.,-44.,32.27837));
#916 = VECTOR('',#917,1.);
#917 = DIRECTION('',(3.3E-16,1.1E-16,-1.));
#918 = ORIENTED_EDGE('',*,*,#919,.T.);
#919 = EDGE_CURVE('',#912,#920,#922,.T.);
#920 = VERTEX_POINT('',#921);
#921 = CARTESIAN_POINT('',(33.,-44.,-13.));
#922 = LINE('',#923,#924);
#923 = CARTESIAN_POINT('',(7.,-44.,-13.));
#924 = VECTOR('',#925,1.);
#925 = DIRECTION('',(1.,-2.2E-16,-1.1E-16));
#926 = ORIENTED_EDGE('',*,*,#927,.T.);
#927 = EDGE_CURVE('',#920,#928,#930,.T.);
#928 = VERTEX_POINT('',#929);
#929 = CARTESIAN_POINT('',(33.,-44.,7.792E-12));
#930 = LINE('',#931,#932);
#931 = CARTESIAN_POINT('',(33.,-44.,-13.));
#932 = VECTOR('',#933,1.);
#933 = DIRECTION('',(-3.3E-16,-1.1E-16,1.));
#934 = ORIENTED_EDGE('',*,*,#935,.T.);
#935 = EDGE_CURVE('',#928,#936,#938,.T.);
#936 = VERTEX_POINT('',#937);
#937 = CARTESIAN_POINT('',(40.,-44.,7.793E-12));
#938 = LINE('',#939,#940);
#939 = CARTESIAN_POINT('',(1.465E-14,-44.,7.77471E-12));
#940 = VECTOR('',#941,1.);
#941 = DIRECTION('',(1.,-3.3E-16,0.));
#942 = ORIENTED_EDGE('',*,*,#943,.T.);
#943 = EDGE_CURVE('',#936,#858,#944,.T.);
#944 = LINE('',#945,#946);
#945 = CARTESIAN_POINT('',(40.,-44.,7.737810392427E-12));
#946 = VECTOR('',#947,1.);
#947 = DIRECTION('',(6.7E-16,3.3E-16,-1.));
#948 = ORIENTED_EDGE('',*,*,#855,.F.);
#949 = PLANE('',#950);
#950 = AXIS2_PLACEMENT_3D('',#951,#952,#953);
#951 = CARTESIAN_POINT('',(1.465E-14,-44.,7.77472E-12));
#952 = DIRECTION('',(-1.1E-16,1.,-3.3E-16));
#953 = DIRECTION('',(6.7E-16,-3.3E-16,-1.));
#954 = ADVANCED_FACE('',(#955),#1012,.F.);
#955 = FACE_BOUND('',#956,.F.);
#956 = EDGE_LOOP('',(#957,#965,#966,#974,#982,#990,#998,#1006));
#957 = ORIENTED_EDGE('',*,*,#958,.F.);
#958 = EDGE_CURVE('',#874,#959,#961,.T.);
#959 = VERTEX_POINT('',#960);
#960 = CARTESIAN_POINT('',(0.,0.,7.365E-12));
#961 = LINE('',#962,#963);
#962 = CARTESIAN_POINT('',(1.332E-14,6.66E-15,-20.));
#963 = VECTOR('',#964,1.);
#964 = DIRECTION('',(-6.7E-16,-3.3E-16,1.));
#965 = ORIENTED_EDGE('',*,*,#873,.T.);
#966 = ORIENTED_EDGE('',*,*,#967,.T.);
#967 = EDGE_CURVE('',#866,#968,#970,.T.);
#968 = VERTEX_POINT('',#969);
#969 = CARTESIAN_POINT('',(40.,-2.2E-14,7.374E-12));
#970 = LINE('',#971,#972);
#971 = CARTESIAN_POINT('',(40.,1.11E-14,-20.));
#972 = VECTOR('',#973,1.);
#973 = DIRECTION('',(-6.7E-16,-3.3E-16,1.));
#974 = ORIENTED_EDGE('',*,*,#975,.F.);
#975 = EDGE_CURVE('',#976,#968,#978,.T.);
#976 = VERTEX_POINT('',#977);
#977 = CARTESIAN_POINT('',(33.,-1.8E-14,7.373E-12));
#978 = LINE('',#979,#980);
#979 = CARTESIAN_POINT('',(0.,0.,7.36519E-12));
#980 = VECTOR('',#981,1.);
#981 = DIRECTION('',(1.,-3.3E-16,0.));
#982 = ORIENTED_EDGE('',*,*,#983,.F.);
#983 = EDGE_CURVE('',#984,#976,#986,.T.);
#984 = VERTEX_POINT('',#985);
#985 = CARTESIAN_POINT('',(33.,-1.4E-14,-13.));
#986 = LINE('',#987,#988);
#987 = CARTESIAN_POINT('',(33.,-1.016E-14,-16.5));
#988 = VECTOR('',#989,1.);
#989 = DIRECTION('',(-3.3E-16,4.4E-16,1.));
#990 = ORIENTED_EDGE('',*,*,#991,.F.);
#991 = EDGE_CURVE('',#992,#984,#994,.T.);
#992 = VERTEX_POINT('',#993);
#993 = CARTESIAN_POINT('',(7.,-4.E-15,-13.));
#994 = LINE('',#995,#996);
#995 = CARTESIAN_POINT('',(3.5,-1.39E-15,-13.));
#996 = VECTOR('',#997,1.);
#997 = DIRECTION('',(1.,-2.2E-16,1.1E-16));
#998 = ORIENTED_EDGE('',*,*,#999,.F.);
#999 = EDGE_CURVE('',#1000,#992,#1002,.T.);
#1000 = VERTEX_POINT('',#1001);
#1001 = CARTESIAN_POINT('',(7.,-4.E-15,7.367E-12));
#1002 = LINE('',#1003,#1004);
#1003 = CARTESIAN_POINT('',(7.,9.45E-15,6.139185));
#1004 = VECTOR('',#1005,1.);
#1005 = DIRECTION('',(3.3E-16,-4.4E-16,-1.));
#1006 = ORIENTED_EDGE('',*,*,#1007,.F.);
#1007 = EDGE_CURVE('',#959,#1000,#1008,.T.);
#1008 = LINE('',#1009,#1010);
#1009 = CARTESIAN_POINT('',(0.,0.,7.36519E-12));
#1010 = VECTOR('',#1011,1.);
#1011 = DIRECTION('',(1.,-3.3E-16,0.));
#1012 = PLANE('',#1013);
#1013 = AXIS2_PLACEMENT_3D('',#1014,#1015,#1016);
#1014 = CARTESIAN_POINT('',(1.332E-14,2.22E-15,-20.));
#1015 = DIRECTION('',(1.1E-16,-1.,3.3E-16));
#1016 = DIRECTION('',(-6.7E-16,3.3E-16,1.));
#1017 = ADVANCED_FACE('',(#1018,#1030),#1041,.F.);
#1018 = FACE_BOUND('',#1019,.F.);
#1019 = EDGE_LOOP('',(#1020,#1021,#1022,#1029));
#1020 = ORIENTED_EDGE('',*,*,#881,.T.);
#1021 = ORIENTED_EDGE('',*,*,#958,.T.);
#1022 = ORIENTED_EDGE('',*,*,#1023,.T.);
#1023 = EDGE_CURVE('',#959,#896,#1024,.T.);
#1024 = CIRCLE('',#1025,22.);
#1025 = AXIS2_PLACEMENT_3D('',#1026,#1027,#1028);
#1026 = CARTESIAN_POINT('',(1.221E-14,-22.,1.221E-14));
#1027 = DIRECTION('',(1.,5.6E-16,6.7E-16));
#1028 = DIRECTION('',(-5.6E-16,1.,-5.6E-16));
#1029 = ORIENTED_EDGE('',*,*,#895,.T.);
#1030 = FACE_BOUND('',#1031,.T.);
#1031 = EDGE_LOOP('',(#1032));
#1032 = ORIENTED_EDGE('',*,*,#1033,.T.);
#1033 = EDGE_CURVE('',#1034,#1034,#1036,.T.);
#1034 = VERTEX_POINT('',#1035);
#1035 = CARTESIAN_POINT('',(-9.E-15,-17.9,10.));
#1036 = CIRCLE('',#1037,4.1);
#1037 = AXIS2_PLACEMENT_3D('',#1038,#1039,#1040);
#1038 = CARTESIAN_POINT('',(5.55E-15,-22.,10.));
#1039 = DIRECTION('',(1.,5.6E-16,6.7E-16));
#1040 = DIRECTION('',(-5.6E-16,1.,-5.6E-16));
#1041 = PLANE('',#1042);
#1042 = AXIS2_PLACEMENT_3D('',#1043,#1044,#1045);
#1043 = CARTESIAN_POINT('',(1.31E-14,-22.,-1.334731585838));
#1044 = DIRECTION('',(1.,-3.3E-16,-2.2E-16));
#1045 = DIRECTION('',(2.2E-16,-3.3E-16,1.));
#1046 = ADVANCED_FACE('',(#1047,#1059),#1070,.T.);
#1047 = FACE_BOUND('',#1048,.T.);
#1048 = EDGE_LOOP('',(#1049,#1050,#1051,#1058));
#1049 = ORIENTED_EDGE('',*,*,#865,.T.);
#1050 = ORIENTED_EDGE('',*,*,#967,.T.);
#1051 = ORIENTED_EDGE('',*,*,#1052,.T.);
#1052 = EDGE_CURVE('',#968,#936,#1053,.T.);
#1053 = CIRCLE('',#1054,22.);
#1054 = AXIS2_PLACEMENT_3D('',#1055,#1056,#1057);
#1055 = CARTESIAN_POINT('',(40.,-22.,-2.13162820728E-14));
#1056 = DIRECTION('',(1.,5.6E-16,6.7E-16));
#1057 = DIRECTION('',(-5.6E-16,1.,-5.6E-16));
#1058 = ORIENTED_EDGE('',*,*,#943,.T.);
#1059 = FACE_BOUND('',#1060,.F.);
#1060 = EDGE_LOOP('',(#1061));
#1061 = ORIENTED_EDGE('',*,*,#1062,.T.);
#1062 = EDGE_CURVE('',#1063,#1063,#1065,.T.);
#1063 = VERTEX_POINT('',#1064);
#1064 = CARTESIAN_POINT('',(40.,-17.9,10.));
#1065 = CIRCLE('',#1066,4.1);
#1066 = AXIS2_PLACEMENT_3D('',#1067,#1068,#1069);
#1067 = CARTESIAN_POINT('',(40.,-22.,10.));
#1068 = DIRECTION('',(1.,5.6E-16,6.7E-16));
#1069 = DIRECTION('',(-5.6E-16,1.,-5.6E-16));
#1070 = PLANE('',#1071);
#1071 = AXIS2_PLACEMENT_3D('',#1072,#1073,#1074);
#1072 = CARTESIAN_POINT('',(40.,-22.,-1.334731585838));
#1073 = DIRECTION('',(1.,-3.3E-16,-2.2E-16));
#1074 = DIRECTION('',(2.2E-16,-3.3E-16,1.));
#1075 = ADVANCED_FACE('',(#1076),#1088,.T.);
#1076 = FACE_BOUND('',#1077,.F.);
#1077 = EDGE_LOOP('',(#1078,#1085,#1086,#1087));
#1078 = ORIENTED_EDGE('',*,*,#1079,.T.);
#1079 = EDGE_CURVE('',#928,#976,#1080,.T.);
#1080 = CIRCLE('',#1081,22.);
#1081 = AXIS2_PLACEMENT_3D('',#1082,#1083,#1084);
#1082 = CARTESIAN_POINT('',(33.,-22.,2.931E-14));
#1083 = DIRECTION('',(-1.,2.2E-16,-4.4E-16));
#1084 = DIRECTION('',(2.2E-16,1.,-6.7E-16));
#1085 = ORIENTED_EDGE('',*,*,#975,.T.);
#1086 = ORIENTED_EDGE('',*,*,#1052,.T.);
#1087 = ORIENTED_EDGE('',*,*,#935,.F.);
#1088 = CYLINDRICAL_SURFACE('',#1089,22.);
#1089 = AXIS2_PLACEMENT_3D('',#1090,#1091,#1092);
#1090 = CARTESIAN_POINT('',(7.33E-15,-22.,1.221E-14));
#1091 = DIRECTION('',(-1.,1.1E-16,-2.2E-16));
#1092 = DIRECTION('',(1.1E-16,1.,-5.6E-16));
#1093 = ADVANCED_FACE('',(#1094,#1105),#1116,.F.);
#1094 = FACE_BOUND('',#1095,.F.);
#1095 = EDGE_LOOP('',(#1096,#1097,#1103,#1104));
#1096 = ORIENTED_EDGE('',*,*,#927,.F.);
#1097 = ORIENTED_EDGE('',*,*,#1098,.T.);
#1098 = EDGE_CURVE('',#920,#984,#1099,.T.);
#1099 = LINE('',#1100,#1101);
#1100 = CARTESIAN_POINT('',(33.,-44.,-13.));
#1101 = VECTOR('',#1102,1.);
#1102 = DIRECTION('',(0.,1.,-3.3E-16));
#1103 = ORIENTED_EDGE('',*,*,#983,.T.);
#1104 = ORIENTED_EDGE('',*,*,#1079,.F.);
#1105 = FACE_BOUND('',#1106,.F.);
#1106 = EDGE_LOOP('',(#1107));
#1107 = ORIENTED_EDGE('',*,*,#1108,.T.);
#1108 = EDGE_CURVE('',#1109,#1109,#1111,.T.);
#1109 = VERTEX_POINT('',#1110);
#1110 = CARTESIAN_POINT('',(33.,-17.9,10.));
#1111 = CIRCLE('',#1112,4.1);
#1112 = AXIS2_PLACEMENT_3D('',#1113,#1114,#1115);
#1113 = CARTESIAN_POINT('',(33.,-22.,10.));
#1114 = DIRECTION('',(-1.,2.2E-16,-4.4E-16));
#1115 = DIRECTION('',(2.2E-16,1.,-6.7E-16));
#1116 = PLANE('',#1117);
#1117 = AXIS2_PLACEMENT_3D('',#1118,#1119,#1120);
#1118 = CARTESIAN_POINT('',(33.,-44.,-13.));
#1119 = DIRECTION('',(1.,0.,3.3E-16));
#1120 = DIRECTION('',(-3.3E-16,1.1E-16,1.));
#1121 = ADVANCED_FACE('',(#1122),#1133,.F.);
#1122 = FACE_BOUND('',#1123,.F.);
#1123 = EDGE_LOOP('',(#1124,#1125,#1131,#1132));
#1124 = ORIENTED_EDGE('',*,*,#919,.F.);
#1125 = ORIENTED_EDGE('',*,*,#1126,.T.);
#1126 = EDGE_CURVE('',#912,#992,#1127,.T.);
#1127 = LINE('',#1128,#1129);
#1128 = CARTESIAN_POINT('',(7.,-44.,-13.));
#1129 = VECTOR('',#1130,1.);
#1130 = DIRECTION('',(0.,1.,-3.3E-16));
#1131 = ORIENTED_EDGE('',*,*,#991,.T.);
#1132 = ORIENTED_EDGE('',*,*,#1098,.F.);
#1133 = PLANE('',#1134);
#1134 = AXIS2_PLACEMENT_3D('',#1135,#1136,#1137);
#1135 = CARTESIAN_POINT('',(7.,-44.,-13.));
#1136 = DIRECTION('',(1.1E-16,-3.3E-16,-1.));
#1137 = DIRECTION('',(1.,-2.2E-16,1.1E-16));
#1138 = ADVANCED_FACE('',(#1139,#1151),#1162,.F.);
#1139 = FACE_BOUND('',#1140,.F.);
#1140 = EDGE_LOOP('',(#1141,#1142,#1149,#1150));
#1141 = ORIENTED_EDGE('',*,*,#911,.F.);
#1142 = ORIENTED_EDGE('',*,*,#1143,.T.);
#1143 = EDGE_CURVE('',#904,#1000,#1144,.T.);
#1144 = CIRCLE('',#1145,22.);
#1145 = AXIS2_PLACEMENT_3D('',#1146,#1147,#1148);
#1146 = CARTESIAN_POINT('',(7.,-22.,1.776E-14));
#1147 = DIRECTION('',(-1.,2.2E-16,-4.4E-16));
#1148 = DIRECTION('',(2.2E-16,1.,-6.7E-16));
#1149 = ORIENTED_EDGE('',*,*,#999,.T.);
#1150 = ORIENTED_EDGE('',*,*,#1126,.F.);
#1151 = FACE_BOUND('',#1152,.F.);
#1152 = EDGE_LOOP('',(#1153));
#1153 = ORIENTED_EDGE('',*,*,#1154,.F.);
#1154 = EDGE_CURVE('',#1155,#1155,#1157,.T.);
#1155 = VERTEX_POINT('',#1156);
#1156 = CARTESIAN_POINT('',(7.,-17.9,10.));
#1157 = CIRCLE('',#1158,4.1);
#1158 = AXIS2_PLACEMENT_3D('',#1159,#1160,#1161);
#1159 = CARTESIAN_POINT('',(7.,-22.,10.));
#1160 = DIRECTION('',(-1.,2.2E-16,-4.4E-16));
#1161 = DIRECTION('',(2.2E-16,1.,-6.7E-16));
#1162 = PLANE('',#1163);
#1163 = AXIS2_PLACEMENT_3D('',#1164,#1165,#1166);
#1164 = CARTESIAN_POINT('',(7.,-44.,32.27837));
#1165 = DIRECTION('',(-1.,-0.,-3.3E-16));
#1166 = DIRECTION('',(3.3E-16,-1.1E-16,-1.));
#1167 = ADVANCED_FACE('',(#1168),#1174,.T.);
#1168 = FACE_BOUND('',#1169,.F.);
#1169 = EDGE_LOOP('',(#1170,#1171,#1172,#1173));
#1170 = ORIENTED_EDGE('',*,*,#1023,.F.);
#1171 = ORIENTED_EDGE('',*,*,#1007,.T.);
#1172 = ORIENTED_EDGE('',*,*,#1143,.F.);
#1173 = ORIENTED_EDGE('',*,*,#903,.F.);
#1174 = CYLINDRICAL_SURFACE('',#1175,22.);
#1175 = AXIS2_PLACEMENT_3D('',#1176,#1177,#1178);
#1176 = CARTESIAN_POINT('',(7.33E-15,-22.,1.221E-14));
#1177 = DIRECTION('',(-1.,1.1E-16,-2.2E-16));
#1178 = DIRECTION('',(1.1E-16,1.,-5.6E-16));
#1179 = ADVANCED_FACE('',(#1180),#1191,.F.);
#1180 = FACE_BOUND('',#1181,.T.);
#1181 = EDGE_LOOP('',(#1182,#1183,#1189,#1190));
#1182 = ORIENTED_EDGE('',*,*,#1033,.F.);
#1183 = ORIENTED_EDGE('',*,*,#1184,.T.);
#1184 = EDGE_CURVE('',#1034,#1155,#1185,.T.);
#1185 = LINE('',#1186,#1187);
#1186 = CARTESIAN_POINT('',(-7.E-16,-17.9,10.));
#1187 = VECTOR('',#1188,1.);
#1188 = DIRECTION('',(1.,-3.3E-16,0.));
#1189 = ORIENTED_EDGE('',*,*,#1154,.F.);
#1190 = ORIENTED_EDGE('',*,*,#1184,.F.);
#1191 = CYLINDRICAL_SURFACE('',#1192,4.1);
#1192 = AXIS2_PLACEMENT_3D('',#1193,#1194,#1195);
#1193 = CARTESIAN_POINT('',(6.7E-16,-22.,10.));
#1194 = DIRECTION('',(-1.,1.1E-16,-2.2E-16));
#1195 = DIRECTION('',(1.1E-16,1.,-5.6E-16));
#1196 = ADVANCED_FACE('',(#1197),#1208,.F.);
#1197 = FACE_BOUND('',#1198,.T.);
#1198 = EDGE_LOOP('',(#1199,#1200,#1206,#1207));
#1199 = ORIENTED_EDGE('',*,*,#1108,.T.);
#1200 = ORIENTED_EDGE('',*,*,#1201,.T.);
#1201 = EDGE_CURVE('',#1109,#1063,#1202,.T.);
#1202 = LINE('',#1203,#1204);
#1203 = CARTESIAN_POINT('',(-7.E-16,-17.9,10.));
#1204 = VECTOR('',#1205,1.);
#1205 = DIRECTION('',(1.,-3.3E-16,0.));
#1206 = ORIENTED_EDGE('',*,*,#1062,.T.);
#1207 = ORIENTED_EDGE('',*,*,#1201,.F.);
#1208 = CYLINDRICAL_SURFACE('',#1209,4.1);
#1209 = AXIS2_PLACEMENT_3D('',#1210,#1211,#1212);
#1210 = CARTESIAN_POINT('',(6.7E-16,-22.,10.));
#1211 = DIRECTION('',(-1.,1.1E-16,-2.2E-16));
#1212 = DIRECTION('',(1.1E-16,1.,-5.6E-16));
#1213 = ( GEOMETRIC_REPRESENTATION_CONTEXT(3) 
GLOBAL_UNCERTAINTY_ASSIGNED_CONTEXT((#1217)) 
GLOBAL_UNIT_ASSIGNED_CONTEXT((#1214,#1215,#1216)) REPRESENTATION_CONTEXT
('Context #1','3D Context with UNIT and UNCERTAINTY') );
#1214 = ( LENGTH_UNIT() NAMED_UNIT(*) SI_UNIT(.MILLI.,.METRE.) );
#1215 = ( NAMED_UNIT(*) PLANE_ANGLE_UNIT() SI_UNIT($,.RADIAN.) );
#1216 = ( NAMED_UNIT(*) SI_UNIT($,.STERADIAN.) SOLID_ANGLE_UNIT() );
#1217 = UNCERTAINTY_MEASURE_WITH_UNIT(LENGTH_MEASURE(2.E-05),#1214,
  'distance_accuracy_value','confusion accuracy');
#1218 = CONTEXT_DEPENDENT_SHAPE_REPRESENTATION(#1219,#1221);
#1219 = ( REPRESENTATION_RELATIONSHIP('','',#848,#10) 
REPRESENTATION_RELATIONSHIP_WITH_TRANSFORMATION(#1220) 
SHAPE_REPRESENTATION_RELATIONSHIP() );
#1220 = ITEM_DEFINED_TRANSFORMATION('','',#11,#27);
#1221 = PRODUCT_DEFINITION_SHAPE('Placement','Placement of an item',
  #1222);
#1222 = NEXT_ASSEMBLY_USAGE_OCCURRENCE('4','braket008','',#5,#843,$);
#1223 = PRODUCT_RELATED_PRODUCT_CATEGORY('part',$,(#845));
#1224 = SHAPE_DEFINITION_REPRESENTATION(#1225,#1231);
#1225 = PRODUCT_DEFINITION_SHAPE('','',#1226);
#1226 = PRODUCT_DEFINITION('design','',#1227,#1230);
#1227 = PRODUCT_DEFINITION_FORMATION('','',#1228);
#1228 = PRODUCT('arm_low','arm_low','',(#1229));
#1229 = PRODUCT_CONTEXT('',#2,'mechanical');
#1230 = PRODUCT_DEFINITION_CONTEXT('part definition',#2,'design');
#1231 = ADVANCED_BREP_SHAPE_REPRESENTATION('',(#11,#1232),#1438);
#1232 = MANIFOLD_SOLID_BREP('',#1233);
#1233 = CLOSED_SHELL('',(#1234,#1386,#1395,#1404,#1429));
#1234 = ADVANCED_FACE('',(#1235,#1262),#1381,.T.);
#1235 = FACE_BOUND('',#1236,.F.);
#1236 = EDGE_LOOP('',(#1237,#1246,#1254,#1261));
#1237 = ORIENTED_EDGE('',*,*,#1238,.F.);
#1238 = EDGE_CURVE('',#1239,#1239,#1241,.T.);
#1239 = VERTEX_POINT('',#1240);
#1240 = CARTESIAN_POINT('',(10.,0.,-20.));
#1241 = CIRCLE('',#1242,10.);
#1242 = AXIS2_PLACEMENT_3D('',#1243,#1244,#1245);
#1243 = CARTESIAN_POINT('',(0.,0.,-20.));
#1244 = DIRECTION('',(0.,0.,1.));
#1245 = DIRECTION('',(1.,0.,0.));
#1246 = ORIENTED_EDGE('',*,*,#1247,.T.);
#1247 = EDGE_CURVE('',#1239,#1248,#1250,.T.);
#1248 = VERTEX_POINT('',#1249);
#1249 = CARTESIAN_POINT('',(10.,0.,20.));
#1250 = LINE('',#1251,#1252);
#1251 = CARTESIAN_POINT('',(10.,0.,-20.));
#1252 = VECTOR('',#1253,1.);
#1253 = DIRECTION('',(0.,0.,1.));
#1254 = ORIENTED_EDGE('',*,*,#1255,.T.);
#1255 = EDGE_CURVE('',#1248,#1248,#1256,.T.);
#1256 = CIRCLE('',#1257,10.);
#1257 = AXIS2_PLACEMENT_3D('',#1258,#1259,#1260);
#1258 = CARTESIAN_POINT('',(0.,0.,20.));
#1259 = DIRECTION('',(0.,0.,1.));
#1260 = DIRECTION('',(1.,0.,0.));
#1261 = ORIENTED_EDGE('',*,*,#1247,.F.);
#1262 = FACE_BOUND('',#1263,.F.);
#1263 = EDGE_LOOP('',(#1264));
#1264 = ORIENTED_EDGE('',*,*,#1265,.F.);
#1265 = EDGE_CURVE('',#1266,#1266,#1268,.T.);
#1266 = VERTEX_POINT('',#1267);
#1267 = CARTESIAN_POINT('',(-9.120855223059,4.1,-8.));
#1268 = B_SPLINE_CURVE_WITH_KNOTS('',6,(#1269,#1270,#1271,#1272,#1273,
    #1274,#1275,#1276,#1277,#1278,#1279,#1280,#1281,#1282,#1283,#1284,
    #1285,#1286,#1287,#1288,#1289,#1290,#1291,#1292,#1293,#1294,#1295,
    #1296,#1297,#1298,#1299,#1300,#1301,#1302,#1303,#1304,#1305,#1306,
    #1307,#1308,#1309,#1310,#1311,#1312,#1313,#1314,#1315,#1316,#1317,
    #1318,#1319,#1320,#1321,#1322,#1323,#1324,#1325,#1326,#1327,#1328,
    #1329,#1330,#1331,#1332,#1333,#1334,#1335,#1336,#1337,#1338,#1339,
    #1340,#1341,#1342,#1343,#1344,#1345,#1346,#1347,#1348,#1349,#1350,
    #1351,#1352,#1353,#1354,#1355,#1356,#1357,#1358,#1359,#1360,#1361,
    #1362,#1363,#1364,#1365,#1366,#1367,#1368,#1369,#1370,#1371,#1372,
    #1373,#1374,#1375,#1376,#1377,#1378,#1379,#1380),.UNSPECIFIED.,.T.,
  .F.,(7,5,5,5,5,5,5,5,5,5,5,5,5,5,5,5,5,5,5,5,5,5,7),(0.,
    4.002590351087E-02,0.132157058585,0.1569126346,0.187123988928,
    0.223159881461,0.2768263405,0.312834418634,0.343623011277,
    0.367515726276,0.460244238972,0.499992798112,0.540019854683,
    0.632153663857,0.656909953028,0.68712217768,0.723159108333,
    0.776827113398,0.812836228855,0.843625708457,0.867519111758,
    0.960250295781,1.),.UNSPECIFIED.);
#1269 = CARTESIAN_POINT('',(-9.120855223059,4.1,-8.));
#1270 = CARTESIAN_POINT('',(-9.120855223059,4.1,-7.848865506525));
#1271 = CARTESIAN_POINT('',(-9.123860354576,4.093314717002,
    -7.697740252922));
#1272 = CARTESIAN_POINT('',(-9.129870241312,4.079945330263,
    -7.54687833521));
#1273 = CARTESIAN_POINT('',(-9.138842469839,4.05988724099,-7.39653948052
    ));
#1274 = CARTESIAN_POINT('',(-9.150693373935,4.033130824228,
    -7.246989358815));
#1275 = CARTESIAN_POINT('',(-9.198917460804,3.922624449828,
    -6.756708588155));
#1276 = CARTESIAN_POINT('',(-9.24706864887,3.810166378252,
    -6.421169474416));
#1277 = CARTESIAN_POINT('',(-9.308240578495,3.662126009313,
    -6.094132068629));
#1278 = CARTESIAN_POINT('',(-9.380105260329,3.477569567642,
    -5.778394516518));
#1279 = CARTESIAN_POINT('',(-9.459396374297,3.255035313969,
    -5.477744841333));
#1280 = CARTESIAN_POINT('',(-9.563687363302,2.922555448134,
    -5.122625358638));
#1281 = CARTESIAN_POINT('',(-9.585994620543,2.849256148866,
    -5.048880542987));
#1282 = CARTESIAN_POINT('',(-9.608437237103,2.773029303561,
    -4.976704027529));
#1283 = CARTESIAN_POINT('',(-9.630922915728,2.693832142118,
    -4.906213434208));
#1284 = CARTESIAN_POINT('',(-9.653351050605,2.611623666566,
    -4.837542057182));
#1285 = CARTESIAN_POINT('',(-9.702780562355,2.422315756165,
    -4.68943522922));
#1286 = CARTESIAN_POINT('',(-9.729706825531,2.313699094795,
    -4.610943521498));
#1287 = CARTESIAN_POINT('',(-9.756184088727,2.200474381661,
    -4.535664715916));
#1288 = CARTESIAN_POINT('',(-9.781985371364,2.082618158559,
    -4.463929340075));
#1289 = CARTESIAN_POINT('',(-9.806866600898,1.960124578671,
    -4.396098314938));
#1290 = CARTESIAN_POINT('',(-9.858841216833,1.68138026534,
    -4.256780267206));
#1291 = CARTESIAN_POINT('',(-9.885472555467,1.522979991973,
    -4.187012839462));
#1292 = CARTESIAN_POINT('',(-9.909932946794,1.358240197181,
    -4.124178689846));
#1293 = CARTESIAN_POINT('',(-9.931707641448,1.187669250048,
    -4.069107363518));
#1294 = CARTESIAN_POINT('',(-9.950323705337,1.011847866081,
    -4.022549652972));
#1295 = CARTESIAN_POINT('',(-9.98779373238,0.562737462338,
    -3.929543359508));
#1296 = CARTESIAN_POINT('',(-10.00229798139,0.283967934508,
    -3.894316774248));
#1297 = CARTESIAN_POINT('',(-10.00733914468,4.885E-13,-3.882280170524));
#1298 = CARTESIAN_POINT('',(-10.00229798139,-0.283967934508,
    -3.894316774248));
#1299 = CARTESIAN_POINT('',(-9.98779373238,-0.562737462338,
    -3.929543359508));
#1300 = CARTESIAN_POINT('',(-9.950335323831,-1.011708608464,
    -4.022520814106));
#1301 = CARTESIAN_POINT('',(-9.93173559388,-1.187407222295,
    -4.069037438388));
#1302 = CARTESIAN_POINT('',(-9.909980706952,-1.357867780566,
    -4.124057825031));
#1303 = CARTESIAN_POINT('',(-9.885543018993,-1.522505389889,
    -4.186831811889));
#1304 = CARTESIAN_POINT('',(-9.858937289789,-1.68080748438,
    -4.25652871518));
#1305 = CARTESIAN_POINT('',(-9.806545009548,-1.961898258588,
    -4.396955259506));
#1306 = CARTESIAN_POINT('',(-9.781171056371,-2.086656944164,
    -4.466144593904));
#1307 = CARTESIAN_POINT('',(-9.754846049101,-2.20659893019,
    -4.539381611742));
#1308 = CARTESIAN_POINT('',(-9.727827834253,-2.321731667821,
    -4.616285363717));
#1309 = CARTESIAN_POINT('',(-9.700355740038,-2.432081390905,
    -4.696507874882));
#1310 = CARTESIAN_POINT('',(-9.651145986877,-2.619648901488,
    -4.844318181117));
#1311 = CARTESIAN_POINT('',(-9.629498129468,-2.698766971103,
    -4.910723601345));
#1312 = CARTESIAN_POINT('',(-9.607801638091,-2.775082307696,
    -4.978816896216));
#1313 = CARTESIAN_POINT('',(-9.586146647532,-2.848632048172,
    -5.048478868897));
#1314 = CARTESIAN_POINT('',(-9.564616151439,-2.91945461384,
    -5.119603721294));
#1315 = CARTESIAN_POINT('',(-9.460502902854,-3.25202454619,
    -5.473456128129));
#1316 = CARTESIAN_POINT('',(-9.380607067623,-3.476396153435,
    -5.775900918323));
#1317 = CARTESIAN_POINT('',(-9.308214152907,-3.662286784737,
    -6.093649193612));
#1318 = CARTESIAN_POINT('',(-9.246656721025,-3.811190739176,
    -6.422837300523));
#1319 = CARTESIAN_POINT('',(-9.198304646498,-3.924060343407,
    -6.760616603595));
#1320 = CARTESIAN_POINT('',(-9.15028254934,-4.034058270769,
    -7.252191719105));
#1321 = CARTESIAN_POINT('',(-9.138593661156,-4.060443450049,
    -7.400723080186));
#1322 = CARTESIAN_POINT('',(-9.129745245765,-4.080223390248,
    -7.550026902926));
#1323 = CARTESIAN_POINT('',(-9.123818683981,-4.09340742008,
    -7.699843034635));
#1324 = CARTESIAN_POINT('',(-9.120855223059,-4.1,-7.849917059444));
#1325 = CARTESIAN_POINT('',(-9.120855223059,-4.1,-8.151134493475));
#1326 = CARTESIAN_POINT('',(-9.123860354576,-4.093314717002,
    -8.302259747078));
#1327 = CARTESIAN_POINT('',(-9.129870241312,-4.079945330263,
    -8.45312166479));
#1328 = CARTESIAN_POINT('',(-9.138842469839,-4.05988724099,
    -8.60346051948));
#1329 = CARTESIAN_POINT('',(-9.150693373935,-4.033130824228,
    -8.753010641185));
#1330 = CARTESIAN_POINT('',(-9.198917460804,-3.922624449828,
    -9.243291411845));
#1331 = CARTESIAN_POINT('',(-9.24706864887,-3.810166378252,
    -9.578830525583));
#1332 = CARTESIAN_POINT('',(-9.308240578495,-3.662126009312,
    -9.905867931372));
#1333 = CARTESIAN_POINT('',(-9.380105260329,-3.477569567642,
    -10.22160548348));
#1334 = CARTESIAN_POINT('',(-9.459396374297,-3.255035313969,
    -10.52225515866));
#1335 = CARTESIAN_POINT('',(-9.563687363302,-2.922555448134,
    -10.87737464136));
#1336 = CARTESIAN_POINT('',(-9.585994620543,-2.849256148866,
    -10.95111945701));
#1337 = CARTESIAN_POINT('',(-9.608437237103,-2.773029303561,
    -11.02329597247));
#1338 = CARTESIAN_POINT('',(-9.630922915728,-2.693832142118,
    -11.09378656579));
#1339 = CARTESIAN_POINT('',(-9.653351050605,-2.611623666566,
    -11.16245794281));
#1340 = CARTESIAN_POINT('',(-9.702780562356,-2.422315756165,
    -11.31056477078));
#1341 = CARTESIAN_POINT('',(-9.729706825531,-2.313699094795,
    -11.3890564785));
#1342 = CARTESIAN_POINT('',(-9.756184088727,-2.200474381661,
    -11.46433528408));
#1343 = CARTESIAN_POINT('',(-9.781985371364,-2.082618158559,
    -11.53607065992));
#1344 = CARTESIAN_POINT('',(-9.806866600898,-1.960124578671,
    -11.60390168506));
#1345 = CARTESIAN_POINT('',(-9.858841216835,-1.681380265327,
    -11.7432197328));
#1346 = CARTESIAN_POINT('',(-9.885472555466,-1.522979991978,
    -11.81298716053));
#1347 = CARTESIAN_POINT('',(-9.909932946792,-1.358240197198,
    -11.87582131014));
#1348 = CARTESIAN_POINT('',(-9.931707641448,-1.187669250053,
    -11.93089263648));
#1349 = CARTESIAN_POINT('',(-9.950323705339,-1.011847866062,
    -11.97745034703));
#1350 = CARTESIAN_POINT('',(-9.98779373238,-0.562737462338,
    -12.07045664049));
#1351 = CARTESIAN_POINT('',(-10.00229798139,-0.283967934508,
    -12.10568322575));
#1352 = CARTESIAN_POINT('',(-10.00733914468,9.326E-14,-12.11771982947));
#1353 = CARTESIAN_POINT('',(-10.00229798139,0.283967934508,
    -12.10568322575));
#1354 = CARTESIAN_POINT('',(-9.98779373238,0.562737462338,
    -12.07045664049));
#1355 = CARTESIAN_POINT('',(-9.950335323831,1.011708608464,
    -11.97747918589));
#1356 = CARTESIAN_POINT('',(-9.93173559388,1.187407222295,
    -11.93096256161));
#1357 = CARTESIAN_POINT('',(-9.909980706952,1.357867780566,
    -11.87594217496));
#1358 = CARTESIAN_POINT('',(-9.885543018993,1.522505389889,
    -11.81316818811));
#1359 = CARTESIAN_POINT('',(-9.858937289789,1.68080748438,
    -11.74347128482));
#1360 = CARTESIAN_POINT('',(-9.806545009548,1.961898258588,
    -11.60304474049));
#1361 = CARTESIAN_POINT('',(-9.781171056371,2.086656944164,
    -11.53385540609));
#1362 = CARTESIAN_POINT('',(-9.754846049101,2.20659893019,
    -11.46061838825));
#1363 = CARTESIAN_POINT('',(-9.727827834253,2.321731667821,
    -11.38371463628));
#1364 = CARTESIAN_POINT('',(-9.700355740038,2.432081390905,
    -11.30349212511));
#1365 = CARTESIAN_POINT('',(-9.651145986877,2.619648901488,
    -11.15568181888));
#1366 = CARTESIAN_POINT('',(-9.629498129468,2.698766971103,
    -11.08927639865));
#1367 = CARTESIAN_POINT('',(-9.607801638091,2.775082307696,
    -11.02118310378));
#1368 = CARTESIAN_POINT('',(-9.586146647532,2.848632048172,
    -10.9515211311));
#1369 = CARTESIAN_POINT('',(-9.564616151439,2.91945461384,-10.8803962787
    ));
#1370 = CARTESIAN_POINT('',(-9.460502902854,3.252024546191,
    -10.52654387187));
#1371 = CARTESIAN_POINT('',(-9.380607067623,3.476396153434,
    -10.22409908167));
#1372 = CARTESIAN_POINT('',(-9.308214152907,3.662286784737,
    -9.906350806388));
#1373 = CARTESIAN_POINT('',(-9.246656721025,3.811190739176,
    -9.577162699476));
#1374 = CARTESIAN_POINT('',(-9.198304646498,3.924060343407,
    -9.239383396406));
#1375 = CARTESIAN_POINT('',(-9.15028254934,4.034058270769,
    -8.747808280895));
#1376 = CARTESIAN_POINT('',(-9.138593661156,4.060443450049,
    -8.599276919814));
#1377 = CARTESIAN_POINT('',(-9.129745245765,4.080223390248,
    -8.449973097074));
#1378 = CARTESIAN_POINT('',(-9.123818683981,4.09340742008,
    -8.300156965365));
#1379 = CARTESIAN_POINT('',(-9.120855223059,4.1,-8.150082940556));
#1380 = CARTESIAN_POINT('',(-9.120855223059,4.1,-8.));
#1381 = CYLINDRICAL_SURFACE('',#1382,10.);
#1382 = AXIS2_PLACEMENT_3D('',#1383,#1384,#1385);
#1383 = CARTESIAN_POINT('',(0.,0.,-20.));
#1384 = DIRECTION('',(-0.,-0.,-1.));
#1385 = DIRECTION('',(1.,0.,0.));
#1386 = ADVANCED_FACE('',(#1387),#1390,.F.);
#1387 = FACE_BOUND('',#1388,.F.);
#1388 = EDGE_LOOP('',(#1389));
#1389 = ORIENTED_EDGE('',*,*,#1238,.T.);
#1390 = PLANE('',#1391);
#1391 = AXIS2_PLACEMENT_3D('',#1392,#1393,#1394);
#1392 = CARTESIAN_POINT('',(-5.5E-16,6.9E-16,-20.));
#1393 = DIRECTION('',(0.,0.,1.));
#1394 = DIRECTION('',(1.,0.,0.));
#1395 = ADVANCED_FACE('',(#1396),#1399,.T.);
#1396 = FACE_BOUND('',#1397,.T.);
#1397 = EDGE_LOOP('',(#1398));
#1398 = ORIENTED_EDGE('',*,*,#1255,.T.);
#1399 = PLANE('',#1400);
#1400 = AXIS2_PLACEMENT_3D('',#1401,#1402,#1403);
#1401 = CARTESIAN_POINT('',(-5.5E-16,6.9E-16,20.));
#1402 = DIRECTION('',(0.,0.,1.));
#1403 = DIRECTION('',(1.,0.,0.));
#1404 = ADVANCED_FACE('',(#1405),#1424,.F.);
#1405 = FACE_BOUND('',#1406,.F.);
#1406 = EDGE_LOOP('',(#1407,#1416,#1422,#1423));
#1407 = ORIENTED_EDGE('',*,*,#1408,.F.);
#1408 = EDGE_CURVE('',#1409,#1409,#1411,.T.);
#1409 = VERTEX_POINT('',#1410);
#1410 = CARTESIAN_POINT('',(0.,4.1,-8.));
#1411 = CIRCLE('',#1412,4.1);
#1412 = AXIS2_PLACEMENT_3D('',#1413,#1414,#1415);
#1413 = CARTESIAN_POINT('',(0.,0.,-8.));
#1414 = DIRECTION('',(1.,0.,0.));
#1415 = DIRECTION('',(0.,1.,0.));
#1416 = ORIENTED_EDGE('',*,*,#1417,.T.);
#1417 = EDGE_CURVE('',#1409,#1266,#1418,.T.);
#1418 = LINE('',#1419,#1420);
#1419 = CARTESIAN_POINT('',(0.,4.1,-8.));
#1420 = VECTOR('',#1421,1.);
#1421 = DIRECTION('',(-1.,-0.,-0.));
#1422 = ORIENTED_EDGE('',*,*,#1265,.T.);
#1423 = ORIENTED_EDGE('',*,*,#1417,.F.);
#1424 = CYLINDRICAL_SURFACE('',#1425,4.1);
#1425 = AXIS2_PLACEMENT_3D('',#1426,#1427,#1428);
#1426 = CARTESIAN_POINT('',(0.,0.,-8.));
#1427 = DIRECTION('',(1.,0.,0.));
#1428 = DIRECTION('',(-0.,1.,0.));
#1429 = ADVANCED_FACE('',(#1430),#1433,.F.);
#1430 = FACE_BOUND('',#1431,.F.);
#1431 = EDGE_LOOP('',(#1432));
#1432 = ORIENTED_EDGE('',*,*,#1408,.T.);
#1433 = PLANE('',#1434);
#1434 = AXIS2_PLACEMENT_3D('',#1435,#1436,#1437);
#1435 = CARTESIAN_POINT('',(0.,-1.7E-16,-8.));
#1436 = DIRECTION('',(1.,0.,0.));
#1437 = DIRECTION('',(0.,0.,1.));
#1438 = ( GEOMETRIC_REPRESENTATION_CONTEXT(3) 
GLOBAL_UNCERTAINTY_ASSIGNED_CONTEXT((#1442)) 
GLOBAL_UNIT_ASSIGNED_CONTEXT((#1439,#1440,#1441)) REPRESENTATION_CONTEXT
('Context #1','3D Context with UNIT and UNCERTAINTY') );
#1439 = ( LENGTH_UNIT() NAMED_UNIT(*) SI_UNIT(.MILLI.,.METRE.) );
#1440 = ( NAMED_UNIT(*) PLANE_ANGLE_UNIT() SI_UNIT($,.RADIAN.) );
#1441 = ( NAMED_UNIT(*) SI_UNIT($,.STERADIAN.) SOLID_ANGLE_UNIT() );
#1442 = UNCERTAINTY_MEASURE_WITH_UNIT(LENGTH_MEASURE(1.E-07),#1439,
  'distance_accuracy_value','confusion accuracy');
#1443 = CONTEXT_DEPENDENT_SHAPE_REPRESENTATION(#1444,#1446);
#1444 = ( REPRESENTATION_RELATIONSHIP('','',#1231,#10) 
REPRESENTATION_RELATIONSHIP_WITH_TRANSFORMATION(#1445) 
SHAPE_REPRESENTATION_RELATIONSHIP() );
#1445 = ITEM_DEFINED_TRANSFORMATION('','',#11,#31);
#1446 = PRODUCT_DEFINITION_SHAPE('Placement','Placement of an item',
  #1447);
#1447 = NEXT_ASSEMBLY_USAGE_OCCURRENCE('5','arm_low002','',#5,#1226,$);
#1448 = PRODUCT_RELATED_PRODUCT_CATEGORY('part',$,(#1228));
#1449 = SHAPE_DEFINITION_REPRESENTATION(#1450,#1456);
#1450 = PRODUCT_DEFINITION_SHAPE('','',#1451);
#1451 = PRODUCT_DEFINITION('design','',#1452,#1455);
#1452 = PRODUCT_DEFINITION_FORMATION('','',#1453);
#1453 = PRODUCT('cliyder001','cliyder001','',(#1454));
#1454 = PRODUCT_CONTEXT('',#2,'mechanical');
#1455 = PRODUCT_DEFINITION_CONTEXT('part definition',#2,'design');
#1456 = ADVANCED_BREP_SHAPE_REPRESENTATION('',(#11,#1457),#1510);
#1457 = MANIFOLD_SOLID_BREP('',#1458);
#1458 = CLOSED_SHELL('',(#1459,#1492,#1501));
#1459 = ADVANCED_FACE('',(#1460),#1487,.T.);
#1460 = FACE_BOUND('',#1461,.F.);
#1461 = EDGE_LOOP('',(#1462,#1472,#1479,#1480));
#1462 = ORIENTED_EDGE('',*,*,#1463,.T.);
#1463 = EDGE_CURVE('',#1464,#1466,#1468,.T.);
#1464 = VERTEX_POINT('',#1465);
#1465 = CARTESIAN_POINT('',(-20.,4.1,-4.E-15));
#1466 = VERTEX_POINT('',#1467);
#1467 = CARTESIAN_POINT('',(20.,4.1,0.));
#1468 = LINE('',#1469,#1470);
#1469 = CARTESIAN_POINT('',(-20.,4.1,-3.59E-15));
#1470 = VECTOR('',#1471,1.);
#1471 = DIRECTION('',(1.,-2.2E-16,1.1E-16));
#1472 = ORIENTED_EDGE('',*,*,#1473,.T.);
#1473 = EDGE_CURVE('',#1466,#1466,#1474,.T.);
#1474 = CIRCLE('',#1475,4.1);
#1475 = AXIS2_PLACEMENT_3D('',#1476,#1477,#1478);
#1476 = CARTESIAN_POINT('',(20.,0.,-7.105427357601E-15));
#1477 = DIRECTION('',(1.,2.2E-16,3.3E-16));
#1478 = DIRECTION('',(-2.2E-16,1.,-3.3E-16));
#1479 = ORIENTED_EDGE('',*,*,#1463,.F.);
#1480 = ORIENTED_EDGE('',*,*,#1481,.F.);
#1481 = EDGE_CURVE('',#1464,#1464,#1482,.T.);
#1482 = CIRCLE('',#1483,4.1);
#1483 = AXIS2_PLACEMENT_3D('',#1484,#1485,#1486);
#1484 = CARTESIAN_POINT('',(-20.,0.,7.105427357601E-15));
#1485 = DIRECTION('',(1.,2.2E-16,3.3E-16));
#1486 = DIRECTION('',(-2.2E-16,1.,-3.3E-16));
#1487 = CYLINDRICAL_SURFACE('',#1488,4.1);
#1488 = AXIS2_PLACEMENT_3D('',#1489,#1490,#1491);
#1489 = CARTESIAN_POINT('',(-20.,4.44E-15,-2.22E-15));
#1490 = DIRECTION('',(-1.,-0.,-3.3E-16));
#1491 = DIRECTION('',(1.089E-31,1.,-3.3E-16));
#1492 = ADVANCED_FACE('',(#1493),#1496,.F.);
#1493 = FACE_BOUND('',#1494,.F.);
#1494 = EDGE_LOOP('',(#1495));
#1495 = ORIENTED_EDGE('',*,*,#1481,.T.);
#1496 = PLANE('',#1497);
#1497 = AXIS2_PLACEMENT_3D('',#1498,#1499,#1500);
#1498 = CARTESIAN_POINT('',(-20.,-1.7E-16,7.105427357601E-15));
#1499 = DIRECTION('',(1.,-2.2E-16,-1.1E-16));
#1500 = DIRECTION('',(1.1E-16,-1.1E-16,1.));
#1501 = ADVANCED_FACE('',(#1502),#1505,.T.);
#1502 = FACE_BOUND('',#1503,.T.);
#1503 = EDGE_LOOP('',(#1504));
#1504 = ORIENTED_EDGE('',*,*,#1473,.T.);
#1505 = PLANE('',#1506);
#1506 = AXIS2_PLACEMENT_3D('',#1507,#1508,#1509);
#1507 = CARTESIAN_POINT('',(20.,-1.7E-16,-7.105427357601E-15));
#1508 = DIRECTION('',(1.,-2.2E-16,-1.1E-16));
#1509 = DIRECTION('',(1.1E-16,-1.1E-16,1.));
#1510 = ( GEOMETRIC_REPRESENTATION_CONTEXT(3) 
GLOBAL_UNCERTAINTY_ASSIGNED_CONTEXT((#1514)) 
GLOBAL_UNIT_ASSIGNED_CONTEXT((#1511,#1512,#1513)) REPRESENTATION_CONTEXT
('Context #1','3D Context with UNIT and UNCERTAINTY') );
#1511 = ( LENGTH_UNIT() NAMED_UNIT(*) SI_UNIT(.MILLI.,.METRE.) );
#1512 = ( NAMED_UNIT(*) PLANE_ANGLE_UNIT() SI_UNIT($,.RADIAN.) );
#1513 = ( NAMED_UNIT(*) SI_UNIT($,.STERADIAN.) SOLID_ANGLE_UNIT() );
#1514 = UNCERTAINTY_MEASURE_WITH_UNIT(LENGTH_MEASURE(1.E-07),#1511,
  'distance_accuracy_value','confusion accuracy');
#1515 = CONTEXT_DEPENDENT_SHAPE_REPRESENTATION(#1516,#1518);
#1516 = ( REPRESENTATION_RELATIONSHIP('','',#1456,#10) 
REPRESENTATION_RELATIONSHIP_WITH_TRANSFORMATION(#1517) 
SHAPE_REPRESENTATION_RELATIONSHIP() );
#1517 = ITEM_DEFINED_TRANSFORMATION('','',#11,#35);
#1518 = PRODUCT_DEFINITION_SHAPE('Placement','Placement of an item',
  #1519);
#1519 = NEXT_ASSEMBLY_USAGE_OCCURRENCE('6','cliyder005','',#5,#1451,$);
#1520 = PRODUCT_RELATED_PRODUCT_CATEGORY('part',$,(#1453));
#1521 = SHAPE_DEFINITION_REPRESENTATION(#1522,#1528);
#1522 = PRODUCT_DEFINITION_SHAPE('','',#1523);
#1523 = PRODUCT_DEFINITION('design','',#1524,#1527);
#1524 = PRODUCT_DEFINITION_FORMATION('','',#1525);
#1525 = PRODUCT('braket001','braket001','',(#1526));
#1526 = PRODUCT_CONTEXT('',#2,'mechanical');
#1527 = PRODUCT_DEFINITION_CONTEXT('part definition',#2,'design');
#1528 = ADVANCED_BREP_SHAPE_REPRESENTATION('',(#11,#1529),#1893);
#1529 = MANIFOLD_SOLID_BREP('',#1530);
#1530 = CLOSED_SHELL('',(#1531,#1571,#1634,#1697,#1726,#1755,#1773,#1801
    ,#1818,#1847,#1859,#1876));
#1531 = ADVANCED_FACE('',(#1532),#1566,.F.);
#1532 = FACE_BOUND('',#1533,.F.);
#1533 = EDGE_LOOP('',(#1534,#1544,#1552,#1560));
#1534 = ORIENTED_EDGE('',*,*,#1535,.T.);
#1535 = EDGE_CURVE('',#1536,#1538,#1540,.T.);
#1536 = VERTEX_POINT('',#1537);
#1537 = CARTESIAN_POINT('',(8.E-15,-44.,-20.));
#1538 = VERTEX_POINT('',#1539);
#1539 = CARTESIAN_POINT('',(40.,-44.,-20.));
#1540 = LINE('',#1541,#1542);
#1541 = CARTESIAN_POINT('',(2.798E-14,-44.,-20.));
#1542 = VECTOR('',#1543,1.);
#1543 = DIRECTION('',(1.,-3.3E-16,0.));
#1544 = ORIENTED_EDGE('',*,*,#1545,.T.);
#1545 = EDGE_CURVE('',#1538,#1546,#1548,.T.);
#1546 = VERTEX_POINT('',#1547);
#1547 = CARTESIAN_POINT('',(40.,-2.9E-14,-20.));
#1548 = LINE('',#1549,#1550);
#1549 = CARTESIAN_POINT('',(40.,-44.,-20.));
#1550 = VECTOR('',#1551,1.);
#1551 = DIRECTION('',(-5.6E-16,1.,-5.6E-16));
#1552 = ORIENTED_EDGE('',*,*,#1553,.F.);
#1553 = EDGE_CURVE('',#1554,#1546,#1556,.T.);
#1554 = VERTEX_POINT('',#1555);
#1555 = CARTESIAN_POINT('',(1.3E-14,-7.E-15,-20.));
#1556 = LINE('',#1557,#1558);
#1557 = CARTESIAN_POINT('',(1.332E-14,2.22E-15,-20.));
#1558 = VECTOR('',#1559,1.);
#1559 = DIRECTION('',(1.,-3.3E-16,0.));
#1560 = ORIENTED_EDGE('',*,*,#1561,.F.);
#1561 = EDGE_CURVE('',#1536,#1554,#1562,.T.);
#1562 = LINE('',#1563,#1564);
#1563 = CARTESIAN_POINT('',(3.775E-14,-44.,-20.));
#1564 = VECTOR('',#1565,1.);
#1565 = DIRECTION('',(-5.6E-16,1.,-5.6E-16));
#1566 = PLANE('',#1567);
#1567 = AXIS2_PLACEMENT_3D('',#1568,#1569,#1570);
#1568 = CARTESIAN_POINT('',(2.798E-14,-44.,-20.));
#1569 = DIRECTION('',(-4.4E-16,1.1E-16,1.));
#1570 = DIRECTION('',(-3.3E-16,1.,-1.1E-16));
#1571 = ADVANCED_FACE('',(#1572),#1629,.F.);
#1572 = FACE_BOUND('',#1573,.F.);
#1573 = EDGE_LOOP('',(#1574,#1582,#1590,#1598,#1606,#1614,#1622,#1628));
#1574 = ORIENTED_EDGE('',*,*,#1575,.F.);
#1575 = EDGE_CURVE('',#1576,#1536,#1578,.T.);
#1576 = VERTEX_POINT('',#1577);
#1577 = CARTESIAN_POINT('',(-5.E-15,-44.,7.784E-12));
#1578 = LINE('',#1579,#1580);
#1579 = CARTESIAN_POINT('',(2.442E-14,-44.,7.7747E-12));
#1580 = VECTOR('',#1581,1.);
#1581 = DIRECTION('',(6.7E-16,3.3E-16,-1.));
#1582 = ORIENTED_EDGE('',*,*,#1583,.T.);
#1583 = EDGE_CURVE('',#1576,#1584,#1586,.T.);
#1584 = VERTEX_POINT('',#1585);
#1585 = CARTESIAN_POINT('',(7.,-44.,7.785E-12));
#1586 = LINE('',#1587,#1588);
#1587 = CARTESIAN_POINT('',(1.465E-14,-44.,7.7747E-12));
#1588 = VECTOR('',#1589,1.);
#1589 = DIRECTION('',(1.,-3.3E-16,0.));
#1590 = ORIENTED_EDGE('',*,*,#1591,.T.);
#1591 = EDGE_CURVE('',#1584,#1592,#1594,.T.);
#1592 = VERTEX_POINT('',#1593);
#1593 = CARTESIAN_POINT('',(7.,-44.,-13.));
#1594 = LINE('',#1595,#1596);
#1595 = CARTESIAN_POINT('',(7.,-44.,32.27837));
#1596 = VECTOR('',#1597,1.);
#1597 = DIRECTION('',(3.3E-16,1.1E-16,-1.));
#1598 = ORIENTED_EDGE('',*,*,#1599,.T.);
#1599 = EDGE_CURVE('',#1592,#1600,#1602,.T.);
#1600 = VERTEX_POINT('',#1601);
#1601 = CARTESIAN_POINT('',(33.,-44.,-13.));
#1602 = LINE('',#1603,#1604);
#1603 = CARTESIAN_POINT('',(7.,-44.,-13.));
#1604 = VECTOR('',#1605,1.);
#1605 = DIRECTION('',(1.,-2.2E-16,-1.1E-16));
#1606 = ORIENTED_EDGE('',*,*,#1607,.T.);
#1607 = EDGE_CURVE('',#1600,#1608,#1610,.T.);
#1608 = VERTEX_POINT('',#1609);
#1609 = CARTESIAN_POINT('',(33.,-44.,7.792E-12));
#1610 = LINE('',#1611,#1612);
#1611 = CARTESIAN_POINT('',(33.,-44.,-13.));
#1612 = VECTOR('',#1613,1.);
#1613 = DIRECTION('',(-3.3E-16,-1.1E-16,1.));
#1614 = ORIENTED_EDGE('',*,*,#1615,.T.);
#1615 = EDGE_CURVE('',#1608,#1616,#1618,.T.);
#1616 = VERTEX_POINT('',#1617);
#1617 = CARTESIAN_POINT('',(40.,-44.,7.793E-12));
#1618 = LINE('',#1619,#1620);
#1619 = CARTESIAN_POINT('',(1.465E-14,-44.,7.7747E-12));
#1620 = VECTOR('',#1621,1.);
#1621 = DIRECTION('',(1.,-3.3E-16,0.));
#1622 = ORIENTED_EDGE('',*,*,#1623,.T.);
#1623 = EDGE_CURVE('',#1616,#1538,#1624,.T.);
#1624 = LINE('',#1625,#1626);
#1625 = CARTESIAN_POINT('',(40.,-44.,7.737810392427E-12));
#1626 = VECTOR('',#1627,1.);
#1627 = DIRECTION('',(6.7E-16,3.3E-16,-1.));
#1628 = ORIENTED_EDGE('',*,*,#1535,.F.);
#1629 = PLANE('',#1630);
#1630 = AXIS2_PLACEMENT_3D('',#1631,#1632,#1633);
#1631 = CARTESIAN_POINT('',(1.465E-14,-44.,7.7747E-12));
#1632 = DIRECTION('',(-1.1E-16,1.,-3.3E-16));
#1633 = DIRECTION('',(6.7E-16,-3.3E-16,-1.));
#1634 = ADVANCED_FACE('',(#1635),#1692,.F.);
#1635 = FACE_BOUND('',#1636,.F.);
#1636 = EDGE_LOOP('',(#1637,#1645,#1646,#1654,#1662,#1670,#1678,#1686));
#1637 = ORIENTED_EDGE('',*,*,#1638,.F.);
#1638 = EDGE_CURVE('',#1554,#1639,#1641,.T.);
#1639 = VERTEX_POINT('',#1640);
#1640 = CARTESIAN_POINT('',(0.,0.,7.365E-12));
#1641 = LINE('',#1642,#1643);
#1642 = CARTESIAN_POINT('',(1.332E-14,6.66E-15,-20.));
#1643 = VECTOR('',#1644,1.);
#1644 = DIRECTION('',(-6.7E-16,-3.3E-16,1.));
#1645 = ORIENTED_EDGE('',*,*,#1553,.T.);
#1646 = ORIENTED_EDGE('',*,*,#1647,.T.);
#1647 = EDGE_CURVE('',#1546,#1648,#1650,.T.);
#1648 = VERTEX_POINT('',#1649);
#1649 = CARTESIAN_POINT('',(40.,-2.2E-14,7.374E-12));
#1650 = LINE('',#1651,#1652);
#1651 = CARTESIAN_POINT('',(40.,1.11E-14,-20.));
#1652 = VECTOR('',#1653,1.);
#1653 = DIRECTION('',(-6.7E-16,-3.3E-16,1.));
#1654 = ORIENTED_EDGE('',*,*,#1655,.F.);
#1655 = EDGE_CURVE('',#1656,#1648,#1658,.T.);
#1656 = VERTEX_POINT('',#1657);
#1657 = CARTESIAN_POINT('',(33.,-1.8E-14,7.373E-12));
#1658 = LINE('',#1659,#1660);
#1659 = CARTESIAN_POINT('',(0.,0.,7.36519E-12));
#1660 = VECTOR('',#1661,1.);
#1661 = DIRECTION('',(1.,-3.3E-16,0.));
#1662 = ORIENTED_EDGE('',*,*,#1663,.F.);
#1663 = EDGE_CURVE('',#1664,#1656,#1666,.T.);
#1664 = VERTEX_POINT('',#1665);
#1665 = CARTESIAN_POINT('',(33.,-1.4E-14,-13.));
#1666 = LINE('',#1667,#1668);
#1667 = CARTESIAN_POINT('',(33.,-1.016E-14,-16.5));
#1668 = VECTOR('',#1669,1.);
#1669 = DIRECTION('',(-3.3E-16,4.4E-16,1.));
#1670 = ORIENTED_EDGE('',*,*,#1671,.F.);
#1671 = EDGE_CURVE('',#1672,#1664,#1674,.T.);
#1672 = VERTEX_POINT('',#1673);
#1673 = CARTESIAN_POINT('',(7.,-4.E-15,-13.));
#1674 = LINE('',#1675,#1676);
#1675 = CARTESIAN_POINT('',(3.5,-1.39E-15,-13.));
#1676 = VECTOR('',#1677,1.);
#1677 = DIRECTION('',(1.,-2.2E-16,1.1E-16));
#1678 = ORIENTED_EDGE('',*,*,#1679,.F.);
#1679 = EDGE_CURVE('',#1680,#1672,#1682,.T.);
#1680 = VERTEX_POINT('',#1681);
#1681 = CARTESIAN_POINT('',(7.,-4.E-15,7.367E-12));
#1682 = LINE('',#1683,#1684);
#1683 = CARTESIAN_POINT('',(7.,9.45E-15,6.139185));
#1684 = VECTOR('',#1685,1.);
#1685 = DIRECTION('',(3.3E-16,-4.4E-16,-1.));
#1686 = ORIENTED_EDGE('',*,*,#1687,.F.);
#1687 = EDGE_CURVE('',#1639,#1680,#1688,.T.);
#1688 = LINE('',#1689,#1690);
#1689 = CARTESIAN_POINT('',(0.,0.,7.36519E-12));
#1690 = VECTOR('',#1691,1.);
#1691 = DIRECTION('',(1.,-3.3E-16,0.));
#1692 = PLANE('',#1693);
#1693 = AXIS2_PLACEMENT_3D('',#1694,#1695,#1696);
#1694 = CARTESIAN_POINT('',(1.332E-14,2.22E-15,-20.));
#1695 = DIRECTION('',(1.1E-16,-1.,3.3E-16));
#1696 = DIRECTION('',(-6.7E-16,3.3E-16,1.));
#1697 = ADVANCED_FACE('',(#1698,#1710),#1721,.F.);
#1698 = FACE_BOUND('',#1699,.F.);
#1699 = EDGE_LOOP('',(#1700,#1701,#1702,#1709));
#1700 = ORIENTED_EDGE('',*,*,#1561,.T.);
#1701 = ORIENTED_EDGE('',*,*,#1638,.T.);
#1702 = ORIENTED_EDGE('',*,*,#1703,.T.);
#1703 = EDGE_CURVE('',#1639,#1576,#1704,.T.);
#1704 = CIRCLE('',#1705,22.);
#1705 = AXIS2_PLACEMENT_3D('',#1706,#1707,#1708);
#1706 = CARTESIAN_POINT('',(1.221E-14,-22.,1.221E-14));
#1707 = DIRECTION('',(1.,5.6E-16,6.7E-16));
#1708 = DIRECTION('',(-5.6E-16,1.,-5.6E-16));
#1709 = ORIENTED_EDGE('',*,*,#1575,.T.);
#1710 = FACE_BOUND('',#1711,.T.);
#1711 = EDGE_LOOP('',(#1712));
#1712 = ORIENTED_EDGE('',*,*,#1713,.T.);
#1713 = EDGE_CURVE('',#1714,#1714,#1716,.T.);
#1714 = VERTEX_POINT('',#1715);
#1715 = CARTESIAN_POINT('',(-9.E-15,-17.9,10.));
#1716 = CIRCLE('',#1717,4.1);
#1717 = AXIS2_PLACEMENT_3D('',#1718,#1719,#1720);
#1718 = CARTESIAN_POINT('',(5.55E-15,-22.,10.));
#1719 = DIRECTION('',(1.,5.6E-16,6.7E-16));
#1720 = DIRECTION('',(-5.6E-16,1.,-5.6E-16));
#1721 = PLANE('',#1722);
#1722 = AXIS2_PLACEMENT_3D('',#1723,#1724,#1725);
#1723 = CARTESIAN_POINT('',(1.31E-14,-22.,-1.334731585838));
#1724 = DIRECTION('',(1.,-3.3E-16,-2.2E-16));
#1725 = DIRECTION('',(2.2E-16,-3.3E-16,1.));
#1726 = ADVANCED_FACE('',(#1727,#1739),#1750,.T.);
#1727 = FACE_BOUND('',#1728,.T.);
#1728 = EDGE_LOOP('',(#1729,#1730,#1731,#1738));
#1729 = ORIENTED_EDGE('',*,*,#1545,.T.);
#1730 = ORIENTED_EDGE('',*,*,#1647,.T.);
#1731 = ORIENTED_EDGE('',*,*,#1732,.T.);
#1732 = EDGE_CURVE('',#1648,#1616,#1733,.T.);
#1733 = CIRCLE('',#1734,22.);
#1734 = AXIS2_PLACEMENT_3D('',#1735,#1736,#1737);
#1735 = CARTESIAN_POINT('',(40.,-22.,-2.13162820728E-14));
#1736 = DIRECTION('',(1.,5.6E-16,6.7E-16));
#1737 = DIRECTION('',(-5.6E-16,1.,-5.6E-16));
#1738 = ORIENTED_EDGE('',*,*,#1623,.T.);
#1739 = FACE_BOUND('',#1740,.F.);
#1740 = EDGE_LOOP('',(#1741));
#1741 = ORIENTED_EDGE('',*,*,#1742,.T.);
#1742 = EDGE_CURVE('',#1743,#1743,#1745,.T.);
#1743 = VERTEX_POINT('',#1744);
#1744 = CARTESIAN_POINT('',(40.,-17.9,10.));
#1745 = CIRCLE('',#1746,4.1);
#1746 = AXIS2_PLACEMENT_3D('',#1747,#1748,#1749);
#1747 = CARTESIAN_POINT('',(40.,-22.,10.));
#1748 = DIRECTION('',(1.,5.6E-16,6.7E-16));
#1749 = DIRECTION('',(-5.6E-16,1.,-5.6E-16));
#1750 = PLANE('',#1751);
#1751 = AXIS2_PLACEMENT_3D('',#1752,#1753,#1754);
#1752 = CARTESIAN_POINT('',(40.,-22.,-1.334731585838));
#1753 = DIRECTION('',(1.,-3.3E-16,-2.2E-16));
#1754 = DIRECTION('',(2.2E-16,-3.3E-16,1.));
#1755 = ADVANCED_FACE('',(#1756),#1768,.T.);
#1756 = FACE_BOUND('',#1757,.F.);
#1757 = EDGE_LOOP('',(#1758,#1765,#1766,#1767));
#1758 = ORIENTED_EDGE('',*,*,#1759,.T.);
#1759 = EDGE_CURVE('',#1608,#1656,#1760,.T.);
#1760 = CIRCLE('',#1761,22.);
#1761 = AXIS2_PLACEMENT_3D('',#1762,#1763,#1764);
#1762 = CARTESIAN_POINT('',(33.,-22.,2.931E-14));
#1763 = DIRECTION('',(-1.,2.2E-16,-4.4E-16));
#1764 = DIRECTION('',(2.2E-16,1.,-6.7E-16));
#1765 = ORIENTED_EDGE('',*,*,#1655,.T.);
#1766 = ORIENTED_EDGE('',*,*,#1732,.T.);
#1767 = ORIENTED_EDGE('',*,*,#1615,.F.);
#1768 = CYLINDRICAL_SURFACE('',#1769,22.);
#1769 = AXIS2_PLACEMENT_3D('',#1770,#1771,#1772);
#1770 = CARTESIAN_POINT('',(7.33E-15,-22.,1.221E-14));
#1771 = DIRECTION('',(-1.,1.1E-16,-2.2E-16));
#1772 = DIRECTION('',(1.1E-16,1.,-5.6E-16));
#1773 = ADVANCED_FACE('',(#1774,#1785),#1796,.F.);
#1774 = FACE_BOUND('',#1775,.F.);
#1775 = EDGE_LOOP('',(#1776,#1777,#1783,#1784));
#1776 = ORIENTED_EDGE('',*,*,#1607,.F.);
#1777 = ORIENTED_EDGE('',*,*,#1778,.T.);
#1778 = EDGE_CURVE('',#1600,#1664,#1779,.T.);
#1779 = LINE('',#1780,#1781);
#1780 = CARTESIAN_POINT('',(33.,-44.,-13.));
#1781 = VECTOR('',#1782,1.);
#1782 = DIRECTION('',(0.,1.,-3.3E-16));
#1783 = ORIENTED_EDGE('',*,*,#1663,.T.);
#1784 = ORIENTED_EDGE('',*,*,#1759,.F.);
#1785 = FACE_BOUND('',#1786,.F.);
#1786 = EDGE_LOOP('',(#1787));
#1787 = ORIENTED_EDGE('',*,*,#1788,.T.);
#1788 = EDGE_CURVE('',#1789,#1789,#1791,.T.);
#1789 = VERTEX_POINT('',#1790);
#1790 = CARTESIAN_POINT('',(33.,-17.9,10.));
#1791 = CIRCLE('',#1792,4.1);
#1792 = AXIS2_PLACEMENT_3D('',#1793,#1794,#1795);
#1793 = CARTESIAN_POINT('',(33.,-22.,10.));
#1794 = DIRECTION('',(-1.,2.2E-16,-4.4E-16));
#1795 = DIRECTION('',(2.2E-16,1.,-6.7E-16));
#1796 = PLANE('',#1797);
#1797 = AXIS2_PLACEMENT_3D('',#1798,#1799,#1800);
#1798 = CARTESIAN_POINT('',(33.,-44.,-13.));
#1799 = DIRECTION('',(1.,0.,3.3E-16));
#1800 = DIRECTION('',(-3.3E-16,1.1E-16,1.));
#1801 = ADVANCED_FACE('',(#1802),#1813,.F.);
#1802 = FACE_BOUND('',#1803,.F.);
#1803 = EDGE_LOOP('',(#1804,#1805,#1811,#1812));
#1804 = ORIENTED_EDGE('',*,*,#1599,.F.);
#1805 = ORIENTED_EDGE('',*,*,#1806,.T.);
#1806 = EDGE_CURVE('',#1592,#1672,#1807,.T.);
#1807 = LINE('',#1808,#1809);
#1808 = CARTESIAN_POINT('',(7.,-44.,-13.));
#1809 = VECTOR('',#1810,1.);
#1810 = DIRECTION('',(0.,1.,-3.3E-16));
#1811 = ORIENTED_EDGE('',*,*,#1671,.T.);
#1812 = ORIENTED_EDGE('',*,*,#1778,.F.);
#1813 = PLANE('',#1814);
#1814 = AXIS2_PLACEMENT_3D('',#1815,#1816,#1817);
#1815 = CARTESIAN_POINT('',(7.,-44.,-13.));
#1816 = DIRECTION('',(1.1E-16,-3.3E-16,-1.));
#1817 = DIRECTION('',(1.,-2.2E-16,1.1E-16));
#1818 = ADVANCED_FACE('',(#1819,#1831),#1842,.F.);
#1819 = FACE_BOUND('',#1820,.F.);
#1820 = EDGE_LOOP('',(#1821,#1822,#1829,#1830));
#1821 = ORIENTED_EDGE('',*,*,#1591,.F.);
#1822 = ORIENTED_EDGE('',*,*,#1823,.T.);
#1823 = EDGE_CURVE('',#1584,#1680,#1824,.T.);
#1824 = CIRCLE('',#1825,22.);
#1825 = AXIS2_PLACEMENT_3D('',#1826,#1827,#1828);
#1826 = CARTESIAN_POINT('',(7.,-22.,1.776E-14));
#1827 = DIRECTION('',(-1.,2.2E-16,-4.4E-16));
#1828 = DIRECTION('',(2.2E-16,1.,-6.7E-16));
#1829 = ORIENTED_EDGE('',*,*,#1679,.T.);
#1830 = ORIENTED_EDGE('',*,*,#1806,.F.);
#1831 = FACE_BOUND('',#1832,.F.);
#1832 = EDGE_LOOP('',(#1833));
#1833 = ORIENTED_EDGE('',*,*,#1834,.F.);
#1834 = EDGE_CURVE('',#1835,#1835,#1837,.T.);
#1835 = VERTEX_POINT('',#1836);
#1836 = CARTESIAN_POINT('',(7.,-17.9,10.));
#1837 = CIRCLE('',#1838,4.1);
#1838 = AXIS2_PLACEMENT_3D('',#1839,#1840,#1841);
#1839 = CARTESIAN_POINT('',(7.,-22.,10.));
#1840 = DIRECTION('',(-1.,2.2E-16,-4.4E-16));
#1841 = DIRECTION('',(2.2E-16,1.,-6.7E-16));
#1842 = PLANE('',#1843);
#1843 = AXIS2_PLACEMENT_3D('',#1844,#1845,#1846);
#1844 = CARTESIAN_POINT('',(7.,-44.,32.27837));
#1845 = DIRECTION('',(-1.,-0.,-3.3E-16));
#1846 = DIRECTION('',(3.3E-16,-1.1E-16,-1.));
#1847 = ADVANCED_FACE('',(#1848),#1854,.T.);
#1848 = FACE_BOUND('',#1849,.F.);
#1849 = EDGE_LOOP('',(#1850,#1851,#1852,#1853));
#1850 = ORIENTED_EDGE('',*,*,#1703,.F.);
#1851 = ORIENTED_EDGE('',*,*,#1687,.T.);
#1852 = ORIENTED_EDGE('',*,*,#1823,.F.);
#1853 = ORIENTED_EDGE('',*,*,#1583,.F.);
#1854 = CYLINDRICAL_SURFACE('',#1855,22.);
#1855 = AXIS2_PLACEMENT_3D('',#1856,#1857,#1858);
#1856 = CARTESIAN_POINT('',(7.33E-15,-22.,1.221E-14));
#1857 = DIRECTION('',(-1.,1.1E-16,-2.2E-16));
#1858 = DIRECTION('',(1.1E-16,1.,-5.6E-16));
#1859 = ADVANCED_FACE('',(#1860),#1871,.F.);
#1860 = FACE_BOUND('',#1861,.T.);
#1861 = EDGE_LOOP('',(#1862,#1863,#1869,#1870));
#1862 = ORIENTED_EDGE('',*,*,#1713,.F.);
#1863 = ORIENTED_EDGE('',*,*,#1864,.T.);
#1864 = EDGE_CURVE('',#1714,#1835,#1865,.T.);
#1865 = LINE('',#1866,#1867);
#1866 = CARTESIAN_POINT('',(-7.E-16,-17.9,10.));
#1867 = VECTOR('',#1868,1.);
#1868 = DIRECTION('',(1.,-3.3E-16,0.));
#1869 = ORIENTED_EDGE('',*,*,#1834,.F.);
#1870 = ORIENTED_EDGE('',*,*,#1864,.F.);
#1871 = CYLINDRICAL_SURFACE('',#1872,4.1);
#1872 = AXIS2_PLACEMENT_3D('',#1873,#1874,#1875);
#1873 = CARTESIAN_POINT('',(6.7E-16,-22.,10.));
#1874 = DIRECTION('',(-1.,1.1E-16,-2.2E-16));
#1875 = DIRECTION('',(1.1E-16,1.,-5.6E-16));
#1876 = ADVANCED_FACE('',(#1877),#1888,.F.);
#1877 = FACE_BOUND('',#1878,.T.);
#1878 = EDGE_LOOP('',(#1879,#1880,#1886,#1887));
#1879 = ORIENTED_EDGE('',*,*,#1788,.T.);
#1880 = ORIENTED_EDGE('',*,*,#1881,.T.);
#1881 = EDGE_CURVE('',#1789,#1743,#1882,.T.);
#1882 = LINE('',#1883,#1884);
#1883 = CARTESIAN_POINT('',(-7.E-16,-17.9,10.));
#1884 = VECTOR('',#1885,1.);
#1885 = DIRECTION('',(1.,-3.3E-16,0.));
#1886 = ORIENTED_EDGE('',*,*,#1742,.T.);
#1887 = ORIENTED_EDGE('',*,*,#1881,.F.);
#1888 = CYLINDRICAL_SURFACE('',#1889,4.1);
#1889 = AXIS2_PLACEMENT_3D('',#1890,#1891,#1892);
#1890 = CARTESIAN_POINT('',(6.7E-16,-22.,10.));
#1891 = DIRECTION('',(-1.,1.1E-16,-2.2E-16));
#1892 = DIRECTION('',(1.1E-16,1.,-5.6E-16));
#1893 = ( GEOMETRIC_REPRESENTATION_CONTEXT(3) 
GLOBAL_UNCERTAINTY_ASSIGNED_CONTEXT((#1897)) 
GLOBAL_UNIT_ASSIGNED_CONTEXT((#1894,#1895,#1896)) REPRESENTATION_CONTEXT
('Context #1','3D Context with UNIT and UNCERTAINTY') );
#1894 = ( LENGTH_UNIT() NAMED_UNIT(*) SI_UNIT(.MILLI.,.METRE.) );
#1895 = ( NAMED_UNIT(*) PLANE_ANGLE_UNIT() SI_UNIT($,.RADIAN.) );
#1896 = ( NAMED_UNIT(*) SI_UNIT($,.STERADIAN.) SOLID_ANGLE_UNIT() );
#1897 = UNCERTAINTY_MEASURE_WITH_UNIT(LENGTH_MEASURE(2.E-05),#1894,
  'distance_accuracy_value','confusion accuracy');
#1898 = CONTEXT_DEPENDENT_SHAPE_REPRESENTATION(#1899,#1901);
#1899 = ( REPRESENTATION_RELATIONSHIP('','',#1528,#10) 
REPRESENTATION_RELATIONSHIP_WITH_TRANSFORMATION(#1900) 
SHAPE_REPRESENTATION_RELATIONSHIP() );
#1900 = ITEM_DEFINED_TRANSFORMATION('','',#11,#39);
#1901 = PRODUCT_DEFINITION_SHAPE('Placement','Placement of an item',
  #1902);
#1902 = NEXT_ASSEMBLY_USAGE_OCCURRENCE('7','braket009','',#5,#1523,$);
#1903 = PRODUCT_RELATED_PRODUCT_CATEGORY('part',$,(#1525));
#1904 = MECHANICAL_DESIGN_GEOMETRIC_PRESENTATION_REPRESENTATION('',(
    #1905),#1438);
#1905 = STYLED_ITEM('color',(#1906),#1232);
#1906 = PRESENTATION_STYLE_ASSIGNMENT((#1907,#1913));
#1907 = SURFACE_STYLE_USAGE(.BOTH.,#1908);
#1908 = SURFACE_SIDE_STYLE('',(#1909));
#1909 = SURFACE_STYLE_FILL_AREA(#1910);
#1910 = FILL_AREA_STYLE('',(#1911));
#1911 = FILL_AREA_STYLE_COLOUR('',#1912);
#1912 = COLOUR_RGB('',0.447058818107,0.474509808674,0.501960817233);
#1913 = CURVE_STYLE('',#1914,POSITIVE_LENGTH_MEASURE(0.1),#1915);
#1914 = DRAUGHTING_PRE_DEFINED_CURVE_FONT('continuous');
#1915 = COLOUR_RGB('',9.803921802644E-02,9.803921802644E-02,
  9.803921802644E-02);
#1916 = MECHANICAL_DESIGN_GEOMETRIC_PRESENTATION_REPRESENTATION('',(
    #1917),#1510);
#1917 = STYLED_ITEM('color',(#1918),#1457);
#1918 = PRESENTATION_STYLE_ASSIGNMENT((#1919,#1924));
#1919 = SURFACE_STYLE_USAGE(.BOTH.,#1920);
#1920 = SURFACE_SIDE_STYLE('',(#1921));
#1921 = SURFACE_STYLE_FILL_AREA(#1922);
#1922 = FILL_AREA_STYLE('',(#1923));
#1923 = FILL_AREA_STYLE_COLOUR('',#1912);
#1924 = CURVE_STYLE('',#1925,POSITIVE_LENGTH_MEASURE(0.1),#1915);
#1925 = DRAUGHTING_PRE_DEFINED_CURVE_FONT('continuous');
#1926 = MECHANICAL_DESIGN_GEOMETRIC_PRESENTATION_REPRESENTATION('',(
    #1927),#1213);
#1927 = STYLED_ITEM('color',(#1928),#849);
#1928 = PRESENTATION_STYLE_ASSIGNMENT((#1929,#1934));
#1929 = SURFACE_STYLE_USAGE(.BOTH.,#1930);
#1930 = SURFACE_SIDE_STYLE('',(#1931));
#1931 = SURFACE_STYLE_FILL_AREA(#1932);
#1932 = FILL_AREA_STYLE('',(#1933));
#1933 = FILL_AREA_STYLE_COLOUR('',#1912);
#1934 = CURVE_STYLE('',#1935,POSITIVE_LENGTH_MEASURE(0.1),#1915);
#1935 = DRAUGHTING_PRE_DEFINED_CURVE_FONT('continuous');
#1936 = MECHANICAL_DESIGN_GEOMETRIC_PRESENTATION_REPRESENTATION('',(
    #1937),#1893);
#1937 = STYLED_ITEM('color',(#1938),#1529);
#1938 = PRESENTATION_STYLE_ASSIGNMENT((#1939,#1944));
#1939 = SURFACE_STYLE_USAGE(.BOTH.,#1940);
#1940 = SURFACE_SIDE_STYLE('',(#1941));
#1941 = SURFACE_STYLE_FILL_AREA(#1942);
#1942 = FILL_AREA_STYLE('',(#1943));
#1943 = FILL_AREA_STYLE_COLOUR('',#1912);
#1944 = CURVE_STYLE('',#1945,POSITIVE_LENGTH_MEASURE(0.1),#1915);
#1945 = DRAUGHTING_PRE_DEFINED_CURVE_FONT('continuous');
#1946 = MECHANICAL_DESIGN_GEOMETRIC_PRESENTATION_REPRESENTATION('',(
    #1947),#435);
#1947 = STYLED_ITEM('color',(#1948),#57);
#1948 = PRESENTATION_STYLE_ASSIGNMENT((#1949,#1954));
#1949 = SURFACE_STYLE_USAGE(.BOTH.,#1950);
#1950 = SURFACE_SIDE_STYLE('',(#1951));
#1951 = SURFACE_STYLE_FILL_AREA(#1952);
#1952 = FILL_AREA_STYLE('',(#1953));
#1953 = FILL_AREA_STYLE_COLOUR('',#1912);
#1954 = CURVE_STYLE('',#1955,POSITIVE_LENGTH_MEASURE(0.1),#1915);
#1955 = DRAUGHTING_PRE_DEFINED_CURVE_FONT('continuous');
#1956 = MECHANICAL_DESIGN_GEOMETRIC_PRESENTATION_REPRESENTATION('',(
    #1957),#830);
#1957 = STYLED_ITEM('color',(#1958),#777);
#1958 = PRESENTATION_STYLE_ASSIGNMENT((#1959,#1964));
#1959 = SURFACE_STYLE_USAGE(.BOTH.,#1960);
#1960 = SURFACE_SIDE_STYLE('',(#1961));
#1961 = SURFACE_STYLE_FILL_AREA(#1962);
#1962 = FILL_AREA_STYLE('',(#1963));
#1963 = FILL_AREA_STYLE_COLOUR('',#1912);
#1964 = CURVE_STYLE('',#1965,POSITIVE_LENGTH_MEASURE(0.1),#1915);
#1965 = DRAUGHTING_PRE_DEFINED_CURVE_FONT('continuous');
#1966 = MECHANICAL_DESIGN_GEOMETRIC_PRESENTATION_REPRESENTATION('',(
    #1967),#758);
#1967 = STYLED_ITEM('color',(#1968),#454);
#1968 = PRESENTATION_STYLE_ASSIGNMENT((#1969,#1974));
#1969 = SURFACE_STYLE_USAGE(.BOTH.,#1970);
#1970 = SURFACE_SIDE_STYLE('',(#1971));
#1971 = SURFACE_STYLE_FILL_AREA(#1972);
#1972 = FILL_AREA_STYLE('',(#1973));
#1973 = FILL_AREA_STYLE_COLOUR('',#1912);
#1974 = CURVE_STYLE('',#1975,POSITIVE_LENGTH_MEASURE(0.1),#1915);
#1975 = DRAUGHTING_PRE_DEFINED_CURVE_FONT('continuous');
ENDSEC;
END-ISO-10303-21;
