999
FreeCAD v1.1 20260108 (Git shallow)
  0
SECTION
  2
HEADER
  9
$ACADVER
  1
AC1014
  9
$ACADMAINTVER
 70
     9
  9
$DWGCODEPAGE
  3
ANSI_1252
  9
$TEXTSTYLE
  7
STANDARD
  9
$DIMSTYLE
  2
STANDARD
  9
$DIMTXSTY
  7
STANDARD
  9
$CMLSTYLE
  2
STANDARD
  9
$LUNITS
 70
2
  9
$INSUNITS
 70
4
  9
$PEXTMAX
 10
50
 20
50
 30
50
  9
$PEXTMIN
 10
0
 20
0
 30
0
  9
$HANDSEED
  5
FFFF
  0
ENDSEC
  0
SECTION
  2
CLASSES
  0
CLASS
  1
ACDBDICTIONARYWDFLT
  2
AcDbDictionaryWithDefault
  3
ObjectDBX Classes
 90
        0
280
     0
281
     0
  0
CLASS
  1
XRECORD
  2
AcDbXrecord
  3
ObjectDBX Classes
 90
        0
280
     0
281
     0
  0
CLASS
  1
LWPOLYLINE
  2
AcDbPolyline
  3
ObjectDBX Classes
 90
        0
280
     0
281
     1
  0
ENDSEC
  0
SECTION
  2
TABLES
  0
TABLE
  2
VPORT
  5
20
330
0
100
AcDbSymbolTable
 70
     1
  0
VPORT
  5
21
330
20
100
AcDbSymbolTableRecord
100
AcDbViewportTableRecord
  2
*ACTIVE
 70
     0
  0
ENDTAB
  0
TABLE
  2
LTYPE
  5
22
330
0
100
AcDbSymbolTable
 70
     1
  0
LTYPE
  5
23
330
21
100
AcDbSymbolTableRecord
100
AcDbLinetypeTableRecord
  2
BYBLOCK
 70
     0
  3

 72
    65
 73
     0
 40
0.0
  0
LTYPE
  5
24
330
21
100
AcDbSymbolTableRecord
100
AcDbLinetypeTableRecord
  2
BYLAYER
 70
     0
  3

 72
    65
 73
     0
 40
0.0
  0
LTYPE
  5
25
330
21
100
AcDbSymbolTableRecord
100
AcDbLinetypeTableRecord
  2
CONTINUOUS
 70
     0
  3
Solid line
 72
    65
 73
     0
 40
0.0
  0
ENDTAB
  0
TABLE
  2
LAYER
  5
16AA
330
0
100
AcDbSymbolTable
 70
2
  0
LAYER
  5
16AB
330
16AA
100
AcDbSymbolTableRecord
100
AcDbLayerTableRecord
  2
0
 70
   0
 62
   7
  6
CONTINUOUS
  0
LAYER
  5
16AC
330
16AA
100
AcDbSymbolTableRecord
100
AcDbLayerTableRecord
  2
IsoView
 70
    0
 62
    7
  6
CONTINUOUS
  0
ENDTAB
  0
TABLE
  2
STYLE
  5
70
330
0
100
AcDbSymbolTable
 70
     2
  0
STYLE
  5
71
330
70
100
AcDbSymbolTableRecord
100
AcDbTextStyleTableRecord
  2
STANDARD
 70
     0
 40
0.0
 41
1.0
 50
0.0
 71
     0
 42
2.5
  3
arial.ttf
  4

  0
STYLE
  5
72
330
70
100
AcDbSymbolTableRecord
100
AcDbTextStyleTableRecord
  2
ANNOTATIVE
 70
     0
 40
0.0
 41
1.0
 50
0.0
 71
     0
 42
2.5
  3
arial.ttf
  4

  0
ENDTAB
  0
TABLE
  2
VIEW
  5
73
330
0
100
AcDbSymbolTable
 70
     0
  0
ENDTAB
  0
TABLE
  2
UCS
  5
74
330
0
100
AcDbSymbolTable
 70
     0
  0
ENDTAB
  0
TABLE
  2
APPID
  5
75
330
0
100
AcDbSymbolTable
 70
     2
  0
APPID
  5
76
330
75
100
AcDbSymbolTableRecord
100
AcDbRegAppTableRecord
  2
ACAD
 70
     0
  0
APPID
  5
77
330
75
100
AcDbSymbolTableRecord
100
AcDbRegAppTableRecord
  2
ACADANNOTATIVE
 70
     0
  0
ENDTAB
  0
TABLE
  2
DIMSTYLE
  5
78
330
0
100
AcDbSymbolTable
 70
     2
  0
DIMSTYLE
105
79
330
78
100
AcDbSymbolTableRecord
100
AcDbDimStyleTableRecord
  2
STANDARD
 70
     0
  3

  4

  5

  6

  7

 40
0.0
 41
2.5
 42
0.625
 43
3.75
 44
1.25
 45
0.0
 46
0.0
 47
0.0
 48
0.0
140
2.5
141
2.5
142
0.0
143
0.03937007874016
144
1.0
145
0.0
146
1.0
147
0.625
 71
     0
 72
     0
 73
     0
 74
     0
 75
     0
 76
     0
 77
     1
 78
     8
170
     0
171
     3
172
     1
173
     0
174
     0
175
     0
176
     0
177
     0
178
     0
270
     2
271
     2
272
     2
273
     2
274
     3
340
71
275
     0
280
     0
281
     0
282
     0
283
     0
284
     8
285
     0
286
     0
287
     3
288
     0
  0
ENDTAB
  0
TABLE
  2
BLOCK_RECORD
  5
A01
330
0
100
AcDbSymbolTable
  70
5
  0
BLOCK_RECORD
  5
A02
330
A01
100
AcDbSymbolTableRecord
100
AcDbBlockTableRecord
  2
*MODEL_SPACE
  0
BLOCK_RECORD
  5
A03
330
A01
100
AcDbSymbolTableRecord
100
AcDbBlockTableRecord
  2
*PAPER_SPACE
  0
ENDTAB
  0
ENDSEC
  0
SECTION
  2
BLOCKS
  0
BLOCK
  5
A04
330
A02
100
AcDbEntity
  8
0
100
AcDbBlockBegin
  2
*MODEL_SPACE
 70
   0
 10
0
 20
0
 30
0
  3
*MODEL_SPACE
  1
 
  0
ENDBLK
  5
A05
330
A02
100
AcDbEntity
  8
0
100
AcDbBlockEnd
  0
BLOCK
  5
A06
330
A03
100
AcDbEntity
 67
1
  8
0
100
AcDbBlockBegin
  2
*PAPER_SPACE
 70
   0
 10
0
 20
0
 30
0
  3
*PAPER_SPACE
  1
 
  0
ENDBLK
  5
A07
330
A03
100
AcDbEntity
 67
    1
  8
0
100
AcDbBlockEnd
  0
ENDSEC
  0
SECTION
  2
ENTITIES
  0
LINE
  5
A08
330
A02
100
AcDbEntity
  8
IsoView
100
AcDbLine
 10
839.274373287
 20
-796.597987586
 30
0.000000000
 11
-9.253764137
 21
-306.700039029
 31
0.000000000
  0
LINE
  5
A09
330
A02
100
AcDbEntity
  8
IsoView
100
AcDbLine
 10
-37.538035384
 20
-323.029970648
 30
0.000000000
 11
-9.253764137
 21
-306.700039029
 31
0.000000000
  0
LINE
  5
A0A
330
A02
100
AcDbEntity
  8
IsoView
100
AcDbLine
 10
810.990102040
 20
-845.587782441
 30
0.000000000
 11
839.274373287
 21
-829.257850823
 31
0.000000000
  0
LINE
  5
A0B
330
A02
100
AcDbEntity
  8
IsoView
100
AcDbLine
 10
839.274373287
 20
-829.257850823
 30
0.000000000
 11
839.274373287
 21
-796.597987586
 31
0.000000000
  0
LINE
  5
A0C
330
A02
100
AcDbEntity
  8
IsoView
100
AcDbLine
 10
-37.538035384
 20
-323.029970648
 30
0.000000000
 11
-37.538035384
 21
-355.689833885
 31
0.000000000
  0
LINE
  5
A0D
330
A02
100
AcDbEntity
  8
IsoView
100
AcDbLine
 10
-37.538035384
 20
-355.689833885
 30
0.000000000
 11
810.990102040
 21
-845.587782441
 31
0.000000000
  0
LINE
  5
A0E
330
A02
100
AcDbEntity
  8
IsoView
100
AcDbLine
 10
-9.253764137
 20
-306.700039029
 30
0.000000000
 11
-9.253764137
 21
-339.359902266
 31
0.000000000
  0
LINE
  5
A0F
330
A02
100
AcDbEntity
  8
IsoView
100
AcDbLine
 10
-9.253764137
 20
-339.359902266
 30
0.000000000
 11
839.274373287
 21
-829.257850823
 31
0.000000000
  0
LWPOLYLINE
  5
A10
330
A02
100
AcDbEntity
100
AcDbPolyline
  8
IsoView
 90
3
 70
0
 43
0
 10
822.303810539
 20
-803.129960233
 10
824.420923092
 20
-807.513294892
 10
827.132237663
 20
-808.227055010
  0
LWPOLYLINE
  5
A11
330
A02
100
AcDbEntity
100
AcDbPolyline
  8
IsoView
 90
4
 70
0
 43
0
 10
827.132237663
 20
-808.227055010
 10
827.154484280
 20
-803.647074096
 10
823.211177951
 20
-801.256739267
 10
823.132237663
 20
-801.298851780
  0
LWPOLYLINE
  5
A12
330
A02
100
AcDbEntity
100
AcDbPolyline
  8
IsoView
 90
2
 70
0
 43
0
 10
823.132237663
 20
-801.298851780
 10
822.303810539
 20
-803.129960233
  0
LWPOLYLINE
  5
A13
330
A02
100
AcDbEntity
100
AcDbPolyline
  8
IsoView
 90
3
 70
0
 43
0
 10
751.593132420
 20
-762.305131187
 10
753.710244974
 20
-766.688465846
 10
756.421559545
 20
-767.402225964
  0
LWPOLYLINE
  5
A14
330
A02
100
AcDbEntity
100
AcDbPolyline
  8
IsoView
 90
4
 70
0
 43
0
 10
756.421559545
 20
-767.402225964
 10
756.443806161
 20
-762.822245050
 10
752.500499832
 20
-760.431910221
 10
752.421559545
 20
-760.474022733
  0
LWPOLYLINE
  5
A15
330
A02
100
AcDbEntity
100
AcDbPolyline
  8
IsoView
 90
2
 70
0
 43
0
 10
752.421559545
 20
-760.474022733
 10
751.593132420
 20
-762.305131187
  0
LWPOLYLINE
  5
A16
330
A02
100
AcDbEntity
100
AcDbPolyline
  8
IsoView
 90
3
 70
0
 43
0
 10
412.181877450
 20
-566.345951764
 10
414.298990004
 20
-570.729286423
 10
417.010304575
 20
-571.443046541
  0
LWPOLYLINE
  5
A17
330
A02
100
AcDbEntity
100
AcDbPolyline
  8
IsoView
 90
4
 70
0
 43
0
 10
417.010304575
 20
-571.443046541
 10
417.032551192
 20
-566.863065627
 10
413.089244863
 20
-564.472730798
 10
413.010304575
 20
-564.514843311
  0
LWPOLYLINE
  5
A18
330
A02
100
AcDbEntity
100
AcDbPolyline
  8
IsoView
 90
2
 70
0
 43
0
 10
413.010304575
 20
-564.514843311
 10
412.181877450
 20
-566.345951764
  0
LWPOLYLINE
  5
A19
330
A02
100
AcDbEntity
100
AcDbPolyline
  8
IsoView
 90
2
 70
0
 43
0
 10
78.427476730
 20
-373.652758665
 10
77.599049606
 20
-375.483867118
  0
LWPOLYLINE
  5
A1A
330
A02
100
AcDbEntity
100
AcDbPolyline
  8
IsoView
 90
4
 70
0
 43
0
 10
77.599049606
 20
-375.483867118
 10
73.621546477
 20
-373.213142796
 10
73.523108956
 20
-368.602971926
 10
73.599049606
 20
-368.555663888
  0
LWPOLYLINE
  5
A1B
330
A02
100
AcDbEntity
100
AcDbPolyline
  8
IsoView
 90
3
 70
0
 43
0
 10
73.599049606
 20
-368.555663888
 10
77.576552734
 20
-370.826388210
 10
78.427476730
 20
-373.652758665
  0
LWPOLYLINE
  5
A1C
330
A02
100
AcDbEntity
100
AcDbPolyline
  8
IsoView
 90
2
 70
0
 43
0
 10
7.716798612
 20
-332.827929619
 10
6.888371487
 20
-334.659038072
  0
LWPOLYLINE
  5
A1D
330
A02
100
AcDbEntity
100
AcDbPolyline
  8
IsoView
 90
4
 70
0
 43
0
 10
6.888371487
 20
-334.659038072
 10
2.910868359
 20
-332.388313750
 10
2.812430837
 20
-327.778142880
 10
2.888371487
 20
-327.730834842
  0
LWPOLYLINE
  5
A1E
330
A02
100
AcDbEntity
100
AcDbPolyline
  8
IsoView
 90
3
 70
0
 43
0
 10
2.888371487
 20
-327.730834842
 10
6.865874615
 20
-330.001559164
 10
7.716798612
 20
-332.827929619
  0
LINE
  5
A1F
330
A02
100
AcDbEntity
  8
IsoView
100
AcDbLine
 10
-37.538035384
 20
-355.689833885
 30
0.000000000
 11
-9.253764137
 21
-339.359902266
 31
0.000000000
  0
LWPOLYLINE
  5
A20
330
A02
100
AcDbEntity
100
AcDbPolyline
  8
IsoView
 90
2
 70
0
 43
0
 10
-6.425337012
 20
-357.322827047
 10
-5.253764137
 20
-355.689833885
  0
LWPOLYLINE
  5
A21
330
A02
100
AcDbEntity
100
AcDbPolyline
  8
IsoView
 90
4
 70
0
 43
0
 10
-5.253764137
 20
-355.689833885
 10
-9.209020649
 20
-353.380577293
 10
-13.250764499
 20
-355.600413334
 10
-13.253764137
 20
-355.689833885
  0
LWPOLYLINE
  5
A22
330
A02
100
AcDbEntity
100
AcDbPolyline
  8
IsoView
 90
3
 70
0
 43
0
 10
-13.253764137
 20
-355.689833885
 10
-9.298507625
 20
-357.999090477
 10
-6.425337012
 20
-357.322827047
  0
LWPOLYLINE
  5
A23
330
A02
100
AcDbEntity
100
AcDbPolyline
  8
IsoView
 90
2
 70
0
 43
0
 10
64.285341107
 20
-398.147656093
 10
65.456913982
 20
-396.514662931
  0
LWPOLYLINE
  5
A24
330
A02
100
AcDbEntity
100
AcDbPolyline
  8
IsoView
 90
4
 70
0
 43
0
 10
65.456913982
 20
-396.514662931
 10
61.501657470
 20
-394.205406339
 10
57.459913620
 20
-396.425242380
 10
57.456913982
 20
-396.514662931
  0
LWPOLYLINE
  5
A25
330
A02
100
AcDbEntity
100
AcDbPolyline
  8
IsoView
 90
3
 70
0
 43
0
 10
57.456913982
 20
-396.514662931
 10
61.412170494
 20
-398.823919523
 10
64.285341107
 20
-398.147656093
  0
LWPOLYLINE
  5
A26
330
A02
100
AcDbEntity
100
AcDbPolyline
  8
IsoView
 90
2
 70
0
 43
0
 10
403.696596076
 20
-594.106835516
 10
404.868168952
 20
-592.473842354
  0
LWPOLYLINE
  5
A27
330
A02
100
AcDbEntity
100
AcDbPolyline
  8
IsoView
 90
4
 70
0
 43
0
 10
404.868168952
 20
-592.473842354
 10
400.912912439
 20
-590.164585762
 10
396.871168589
 20
-592.384421803
 10
396.868168952
 20
-592.473842354
  0
LWPOLYLINE
  5
A28
330
A02
100
AcDbEntity
100
AcDbPolyline
  8
IsoView
 90
3
 70
0
 43
0
 10
396.868168952
 20
-592.473842354
 10
400.823425464
 20
-594.783098946
 10
403.696596076
 20
-594.106835516
  0
LWPOLYLINE
  5
A29
330
A02
100
AcDbEntity
100
AcDbPolyline
  8
IsoView
 90
2
 70
0
 43
0
 10
743.107851046
 20
-790.066014938
 10
744.279423921
 20
-788.433021776
  0
LWPOLYLINE
  5
A2A
330
A02
100
AcDbEntity
100
AcDbPolyline
  8
IsoView
 90
4
 70
0
 43
0
 10
744.279423921
 20
-788.433021776
 10
740.324167409
 20
-786.123765185
 10
736.282423559
 20
-788.343601226
 10
736.279423921
 20
-788.433021776
  0
LWPOLYLINE
  5
A2B
330
A02
100
AcDbEntity
100
AcDbPolyline
  8
IsoView
 90
3
 70
0
 43
0
 10
736.279423921
 20
-788.433021776
 10
740.234680433
 20
-790.742278368
 10
743.107851046
 20
-790.066014938
  0
LWPOLYLINE
  5
A2C
330
A02
100
AcDbEntity
100
AcDbPolyline
  8
IsoView
 90
2
 70
0
 43
0
 10
813.818529164
 20
-830.890843985
 10
814.990102040
 20
-829.257850823
  0
LWPOLYLINE
  5
A2D
330
A02
100
AcDbEntity
100
AcDbPolyline
  8
IsoView
 90
4
 70
0
 43
0
 10
814.990102040
 20
-829.257850823
 10
811.034845528
 20
-826.948594231
 10
806.993101678
 20
-829.168430272
 10
806.990102040
 20
-829.257850823
  0
LWPOLYLINE
  5
A2E
330
A02
100
AcDbEntity
100
AcDbPolyline
  8
IsoView
 90
3
 70
0
 43
0
 10
806.990102040
 20
-829.257850823
 10
810.945358552
 20
-831.567107415
 10
813.818529164
 20
-830.890843985
  0
LINE
  5
A2F
330
A02
100
AcDbEntity
  8
IsoView
100
AcDbLine
 10
457.436711446
 20
-1017.052064436
 30
0.000000000
 11
415.010304575
 21
-992.557167008
 31
0.000000000
  0
LINE
  5
A30
330
A02
100
AcDbEntity
  8
IsoView
100
AcDbLine
 10
358.441762080
 20
-959.897303771
 30
0.000000000
 11
-263.812205364
 21
-600.638808163
 31
0.000000000
  0
LINE
  5
A31
330
A02
100
AcDbEntity
  8
IsoView
100
AcDbLine
 10
-320.380747859
 20
-567.978944926
 30
0.000000000
 11
-391.091425977
 21
-527.154115880
 31
0.000000000
  0
LINE
  5
A32
330
A02
100
AcDbEntity
  8
IsoView
100
AcDbLine
 10
-419.375697225
 20
-543.484047498
 30
0.000000000
 11
-391.091425977
 21
-527.154115880
 31
0.000000000
  0
LINE
  5
A33
330
A02
100
AcDbEntity
  8
IsoView
100
AcDbLine
 10
429.152440199
 20
-1066.041859292
 30
0.000000000
 11
457.436711446
 21
-1049.711927673
 31
0.000000000
  0
LINE
  5
A34
330
A02
100
AcDbEntity
  8
IsoView
100
AcDbLine
 10
457.436711446
 20
-1049.711927673
 30
0.000000000
 11
457.436711446
 21
-1017.052064436
 31
0.000000000
  0
LINE
  5
A35
330
A02
100
AcDbEntity
  8
IsoView
100
AcDbLine
 10
-419.375697225
 20
-543.484047498
 30
0.000000000
 11
-419.375697225
 21
-576.143910735
 31
0.000000000
  0
LINE
  5
A36
330
A02
100
AcDbEntity
  8
IsoView
100
AcDbLine
 10
-419.375697225
 20
-576.143910735
 30
0.000000000
 11
429.152440199
 21
-1066.041859292
 31
0.000000000
  0
LINE
  5
A37
330
A02
100
AcDbEntity
  8
IsoView
100
AcDbLine
 10
-391.091425977
 20
-527.154115880
 30
0.000000000
 11
-391.091425977
 21
-559.813979117
 31
0.000000000
  0
LINE
  5
A38
330
A02
100
AcDbEntity
  8
IsoView
100
AcDbLine
 10
-391.091425977
 20
-559.813979117
 30
0.000000000
 11
457.436711446
 21
-1049.711927673
 31
0.000000000
  0
LWPOLYLINE
  5
A39
330
A02
100
AcDbEntity
100
AcDbPolyline
  8
IsoView
 90
3
 70
0
 43
0
 10
440.466148698
 20
-1023.584037084
 10
442.583261252
 20
-1027.967371743
 10
445.294575823
 20
-1028.681131861
  0
LWPOLYLINE
  5
A3A
330
A02
100
AcDbEntity
100
AcDbPolyline
  8
IsoView
 90
4
 70
0
 43
0
 10
445.294575823
 20
-1028.681131861
 10
445.316822439
 20
-1024.101150947
 10
441.373516110
 20
-1021.710816118
 10
441.294575823
 20
-1021.752928630
  0
LWPOLYLINE
  5
A3B
330
A02
100
AcDbEntity
100
AcDbPolyline
  8
IsoView
 90
2
 70
0
 43
0
 10
441.294575823
 20
-1021.752928630
 10
440.466148698
 20
-1023.584037084
  0
LWPOLYLINE
  5
A3C
330
A02
100
AcDbEntity
100
AcDbPolyline
  8
IsoView
 90
3
 70
0
 43
0
 10
30.344215610
 20
-786.800028615
 10
32.461328163
 20
-791.183363274
 10
35.172642735
 20
-791.897123392
  0
LWPOLYLINE
  5
A3D
330
A02
100
AcDbEntity
100
AcDbPolyline
  8
IsoView
 90
4
 70
0
 43
0
 10
35.172642735
 20
-791.897123392
 10
35.194889351
 20
-787.317142478
 10
31.251583022
 20
-784.926807649
 10
31.172642735
 20
-784.968920161
  0
LWPOLYLINE
  5
A3E
330
A02
100
AcDbEntity
100
AcDbPolyline
  8
IsoView
 90
2
 70
0
 43
0
 10
31.172642735
 20
-784.968920161
 10
30.344215610
 20
-786.800028615
  0
LWPOLYLINE
  5
A3F
330
A02
100
AcDbEntity
100
AcDbPolyline
  8
IsoView
 90
2
 70
0
 43
0
 10
-374.120863229
 20
-553.282006469
 10
-374.949290354
 20
-555.113114923
  0
LWPOLYLINE
  5
A40
330
A02
100
AcDbEntity
100
AcDbPolyline
  8
IsoView
 90
4
 70
0
 43
0
 10
-374.949290354
 20
-555.113114923
 10
-378.926793482
 20
-552.842390600
 10
-379.025231003
 20
-548.232219730
 10
-378.949290354
 20
-548.184911692
  0
LWPOLYLINE
  5
A41
330
A02
100
AcDbEntity
100
AcDbPolyline
  8
IsoView
 90
3
 70
0
 43
0
 10
-378.949290354
 20
-548.184911692
 10
-374.971787225
 20
-550.455636014
 10
-374.120863229
 20
-553.282006469
  0
LINE
  5
A42
330
A02
100
AcDbEntity
  8
IsoView
100
AcDbLine
 10
-419.375697225
 20
-576.143910735
 30
0.000000000
 11
-391.091425977
 21
-559.813979117
 31
0.000000000
  0
LWPOLYLINE
  5
A43
330
A02
100
AcDbEntity
100
AcDbPolyline
  8
IsoView
 90
2
 70
0
 43
0
 10
-388.262998853
 20
-577.776903897
 10
-387.091425977
 20
-576.143910735
  0
LWPOLYLINE
  5
A44
330
A02
100
AcDbEntity
100
AcDbPolyline
  8
IsoView
 90
4
 70
0
 43
0
 10
-387.091425977
 20
-576.143910735
 10
-391.046682490
 20
-573.834654143
 10
-395.088426340
 20
-576.054490185
 10
-395.091425977
 20
-576.143910735
  0
LWPOLYLINE
  5
A45
330
A02
100
AcDbEntity
100
AcDbPolyline
  8
IsoView
 90
3
 70
0
 43
0
 10
-395.091425977
 20
-576.143910735
 10
-391.136169465
 20
-578.453167327
 10
-388.262998853
 20
-577.776903897
  0
LWPOLYLINE
  5
A46
330
A02
100
AcDbEntity
100
AcDbPolyline
  8
IsoView
 90
2
 70
0
 43
0
 10
-317.552320734
 20
-618.601732943
 10
-316.380747859
 20
-616.968739782
  0
LWPOLYLINE
  5
A47
330
A02
100
AcDbEntity
100
AcDbPolyline
  8
IsoView
 90
4
 70
0
 43
0
 10
-316.380747859
 20
-616.968739782
 10
-320.336004371
 20
-614.659483190
 10
-324.377748221
 20
-616.879319231
 10
-324.380747859
 20
-616.968739782
  0
LWPOLYLINE
  5
A48
330
A02
100
AcDbEntity
100
AcDbPolyline
  8
IsoView
 90
3
 70
0
 43
0
 10
-324.380747859
 20
-616.968739782
 10
-320.425491347
 20
-619.277996373
 10
-317.552320734
 20
-618.601732943
  0
LWPOLYLINE
  5
A49
330
A02
100
AcDbEntity
100
AcDbPolyline
  8
IsoView
 90
2
 70
0
 43
0
 10
21.858934236
 20
-814.560912366
 10
23.030507111
 20
-812.927919204
  0
LWPOLYLINE
  5
A4A
330
A02
100
AcDbEntity
100
AcDbPolyline
  8
IsoView
 90
4
 70
0
 43
0
 10
23.030507111
 20
-812.927919204
 10
19.075250599
 20
-810.618662612
 10
15.033506749
 20
-812.838498654
 10
15.030507111
 20
-812.927919204
  0
LWPOLYLINE
  5
A4B
330
A02
100
AcDbEntity
100
AcDbPolyline
  8
IsoView
 90
3
 70
0
 43
0
 10
15.030507111
 20
-812.927919204
 10
18.985763623
 20
-815.237175796
 10
21.858934236
 20
-814.560912366
  0
LWPOLYLINE
  5
A4C
330
A02
100
AcDbEntity
100
AcDbPolyline
  8
IsoView
 90
2
 70
0
 43
0
 10
361.270189205
 20
-1010.520091789
 10
362.441762080
 20
-1008.887098627
  0
LWPOLYLINE
  5
A4D
330
A02
100
AcDbEntity
100
AcDbPolyline
  8
IsoView
 90
4
 70
0
 43
0
 10
362.441762080
 20
-1008.887098627
 10
358.486505568
 20
-1006.577842035
 10
354.444761718
 20
-1008.797678076
 10
354.441762080
 20
-1008.887098627
  0
LWPOLYLINE
  5
A4E
330
A02
100
AcDbEntity
100
AcDbPolyline
  8
IsoView
 90
3
 70
0
 43
0
 10
354.441762080
 20
-1008.887098627
 10
358.397018592
 20
-1011.196355219
 10
361.270189205
 20
-1010.520091789
  0
LWPOLYLINE
  5
A4F
330
A02
100
AcDbEntity
100
AcDbPolyline
  8
IsoView
 90
2
 70
0
 43
0
 10
431.980867324
 20
-1051.344920835
 10
433.152440199
 20
-1049.711927673
  0
LWPOLYLINE
  5
A50
330
A02
100
AcDbEntity
100
AcDbPolyline
  8
IsoView
 90
4
 70
0
 43
0
 10
433.152440199
 20
-1049.711927673
 10
429.197183687
 20
-1047.402671082
 10
425.155439837
 20
-1049.622507123
 10
425.152440199
 20
-1049.711927673
  0
LWPOLYLINE
  5
A51
330
A02
100
AcDbEntity
100
AcDbPolyline
  8
IsoView
 90
3
 70
0
 43
0
 10
425.152440199
 20
-1049.711927673
 10
429.107696711
 20
-1052.021184265
 10
431.980867324
 20
-1051.344920835
  0
LINE
  5
A52
330
A02
100
AcDbEntity
  8
IsoView
100
AcDbLine
 10
-9.253764137
 20
-306.700039029
 30
0.000000000
 11
-263.812205364
 21
-159.730654462
 31
0.000000000
  0
LINE
  5
A53
330
A02
100
AcDbEntity
  8
IsoView
100
AcDbLine
 10
-320.380747859
 20
-127.070791225
 30
0.000000000
 11
-391.091425977
 21
-86.245962179
 31
0.000000000
  0
LINE
  5
A54
330
A02
100
AcDbEntity
  8
IsoView
100
AcDbLine
 10
-419.375697225
 20
-102.575893797
 30
0.000000000
 11
-391.091425977
 21
-86.245962179
 31
0.000000000
  0
LINE
  5
A55
330
A02
100
AcDbEntity
  8
IsoView
100
AcDbLine
 10
-419.375697225
 20
-102.575893797
 30
0.000000000
 11
-419.375697225
 21
-135.235757034
 31
0.000000000
  0
LINE
  5
A56
330
A02
100
AcDbEntity
  8
IsoView
100
AcDbLine
 10
-419.375697225
 20
-135.235757034
 30
0.000000000
 11
-345.836591981
 21
-177.693579243
 31
0.000000000
  0
LINE
  5
A57
330
A02
100
AcDbEntity
  8
IsoView
100
AcDbLine
 10
-289.268049487
 20
-210.353442480
 30
0.000000000
 11
-37.538035384
 21
-355.689833885
 31
0.000000000
  0
LINE
  5
A58
330
A02
100
AcDbEntity
  8
IsoView
100
AcDbLine
 10
-391.091425977
 20
-86.245962179
 30
0.000000000
 11
-391.091425977
 21
-118.905825416
 31
0.000000000
  0
LINE
  5
A59
330
A02
100
AcDbEntity
  8
IsoView
100
AcDbLine
 10
-391.091425977
 20
-118.905825416
 30
0.000000000
 11
-37.538035384
 21
-323.029970648
 31
0.000000000
  0
LWPOLYLINE
  5
A5A
330
A02
100
AcDbEntity
100
AcDbPolyline
  8
IsoView
 90
2
 70
0
 43
0
 10
-374.120863229
 20
-112.373852768
 10
-374.949290354
 20
-114.204961222
  0
LWPOLYLINE
  5
A5B
330
A02
100
AcDbEntity
100
AcDbPolyline
  8
IsoView
 90
4
 70
0
 43
0
 10
-374.949290354
 20
-114.204961222
 10
-378.926793482
 20
-111.934236900
 10
-379.025231003
 20
-107.324066029
 10
-378.949290354
 20
-107.276757991
  0
LWPOLYLINE
  5
A5C
330
A02
100
AcDbEntity
100
AcDbPolyline
  8
IsoView
 90
3
 70
0
 43
0
 10
-378.949290354
 20
-107.276757991
 10
-374.971787225
 20
-109.547482313
 10
-374.120863229
 20
-112.373852768
  0
LINE
  5
A5D
330
A02
100
AcDbEntity
  8
IsoView
100
AcDbLine
 10
-419.375697225
 20
-135.235757034
 30
0.000000000
 11
-391.091425977
 21
-118.905825416
 31
0.000000000
  0
LWPOLYLINE
  5
A5E
330
A02
100
AcDbEntity
100
AcDbPolyline
  8
IsoView
 90
2
 70
0
 43
0
 10
-388.262998853
 20
-136.868750196
 10
-387.091425977
 20
-135.235757034
  0
LWPOLYLINE
  5
A5F
330
A02
100
AcDbEntity
100
AcDbPolyline
  8
IsoView
 90
4
 70
0
 43
0
 10
-387.091425977
 20
-135.235757034
 10
-391.046682490
 20
-132.926500442
 10
-395.088426340
 20
-135.146336484
 10
-395.091425977
 20
-135.235757034
  0
LWPOLYLINE
  5
A60
330
A02
100
AcDbEntity
100
AcDbPolyline
  8
IsoView
 90
3
 70
0
 43
0
 10
-395.091425977
 20
-135.235757034
 10
-391.136169465
 20
-137.545013626
 10
-388.262998853
 20
-136.868750196
  0
LINE
  5
A61
330
A02
100
AcDbEntity
  8
IsoView
100
AcDbLine
 10
839.274373287
 20
-355.689833885
 30
0.000000000
 11
-9.253764137
 21
134.208114672
 31
0.000000000
  0
LINE
  5
A62
330
A02
100
AcDbEntity
  8
IsoView
100
AcDbLine
 10
-37.538035384
 20
117.878183053
 30
0.000000000
 11
-9.253764137
 21
134.208114672
 31
0.000000000
  0
LINE
  5
A63
330
A02
100
AcDbEntity
  8
IsoView
100
AcDbLine
 10
810.990102040
 20
-404.679628740
 30
0.000000000
 11
839.274373287
 21
-388.349697122
 31
0.000000000
  0
LINE
  5
A64
330
A02
100
AcDbEntity
  8
IsoView
100
AcDbLine
 10
839.274373287
 20
-388.349697122
 30
0.000000000
 11
839.274373287
 21
-355.689833885
 31
0.000000000
  0
LINE
  5
A65
330
A02
100
AcDbEntity
  8
IsoView
100
AcDbLine
 10
-37.538035384
 20
117.878183053
 30
0.000000000
 11
-37.538035384
 21
85.218319816
 31
0.000000000
  0
LINE
  5
A66
330
A02
100
AcDbEntity
  8
IsoView
100
AcDbLine
 10
-37.538035384
 20
85.218319816
 30
0.000000000
 11
33.172642735
 21
44.393490770
 31
0.000000000
  0
LINE
  5
A67
330
A02
100
AcDbEntity
  8
IsoView
100
AcDbLine
 10
89.741185229
 20
11.733627533
 30
0.000000000
 11
711.995152674
 21
-347.524868075
 31
0.000000000
  0
LINE
  5
A68
330
A02
100
AcDbEntity
  8
IsoView
100
AcDbLine
 10
768.563695169
 20
-380.184731313
 30
0.000000000
 11
810.990102040
 21
-404.679628740
 31
0.000000000
  0
LINE
  5
A69
330
A02
100
AcDbEntity
  8
IsoView
100
AcDbLine
 10
-9.253764137
 20
134.208114672
 30
0.000000000
 11
-9.253764137
 21
101.548251435
 31
0.000000000
  0
LINE
  5
A6A
330
A02
100
AcDbEntity
  8
IsoView
100
AcDbLine
 10
-9.253764137
 20
101.548251435
 30
0.000000000
 11
839.274373287
 21
-388.349697122
 31
0.000000000
  0
LWPOLYLINE
  5
A6B
330
A02
100
AcDbEntity
100
AcDbPolyline
  8
IsoView
 90
3
 70
0
 43
0
 10
822.303810539
 20
-362.221806532
 10
824.420923092
 20
-366.605141191
 10
827.132237663
 20
-367.318901309
  0
LWPOLYLINE
  5
A6C
330
A02
100
AcDbEntity
100
AcDbPolyline
  8
IsoView
 90
4
 70
0
 43
0
 10
827.132237663
 20
-367.318901309
 10
827.154484280
 20
-362.738920395
 10
823.211177951
 20
-360.348585566
 10
823.132237663
 20
-360.390698079
  0
LWPOLYLINE
  5
A6D
330
A02
100
AcDbEntity
100
AcDbPolyline
  8
IsoView
 90
2
 70
0
 43
0
 10
823.132237663
 20
-360.390698079
 10
822.303810539
 20
-362.221806532
  0
LWPOLYLINE
  5
A6E
330
A02
100
AcDbEntity
100
AcDbPolyline
  8
IsoView
 90
3
 70
0
 43
0
 10
751.593132420
 20
-321.396977486
 10
753.710244974
 20
-325.780312145
 10
756.421559545
 20
-326.494072263
  0
LWPOLYLINE
  5
A6F
330
A02
100
AcDbEntity
100
AcDbPolyline
  8
IsoView
 90
4
 70
0
 43
0
 10
756.421559545
 20
-326.494072263
 10
756.443806161
 20
-321.914091349
 10
752.500499832
 20
-319.523756520
 10
752.421559545
 20
-319.565869032
  0
LWPOLYLINE
  5
A70
330
A02
100
AcDbEntity
100
AcDbPolyline
  8
IsoView
 90
2
 70
0
 43
0
 10
752.421559545
 20
-319.565869032
 10
751.593132420
 20
-321.396977486
  0
LWPOLYLINE
  5
A71
330
A02
100
AcDbEntity
100
AcDbPolyline
  8
IsoView
 90
3
 70
0
 43
0
 10
412.181877450
 20
-125.437798063
 10
414.298990004
 20
-129.821132722
 10
417.010304575
 20
-130.534892840
  0
LWPOLYLINE
  5
A72
330
A02
100
AcDbEntity
100
AcDbPolyline
  8
IsoView
 90
4
 70
0
 43
0
 10
417.010304575
 20
-130.534892840
 10
417.032551192
 20
-125.954911926
 10
413.089244863
 20
-123.564577097
 10
413.010304575
 20
-123.606689610
  0
LWPOLYLINE
  5
A73
330
A02
100
AcDbEntity
100
AcDbPolyline
  8
IsoView
 90
2
 70
0
 43
0
 10
413.010304575
 20
-123.606689610
 10
412.181877450
 20
-125.437798063
  0
LWPOLYLINE
  5
A74
330
A02
100
AcDbEntity
100
AcDbPolyline
  8
IsoView
 90
2
 70
0
 43
0
 10
78.427476730
 20
67.255395036
 10
77.599049606
 20
65.424286583
  0
LWPOLYLINE
  5
A75
330
A02
100
AcDbEntity
100
AcDbPolyline
  8
IsoView
 90
4
 70
0
 43
0
 10
77.599049606
 20
65.424286583
 10
73.621546477
 20
67.695010905
 10
73.523108956
 20
72.305181775
 10
73.599049606
 20
72.352489813
  0
LWPOLYLINE
  5
A76
330
A02
100
AcDbEntity
100
AcDbPolyline
  8
IsoView
 90
3
 70
0
 43
0
 10
73.599049606
 20
72.352489813
 10
77.576552734
 20
70.081765491
 10
78.427476730
 20
67.255395036
  0
LWPOLYLINE
  5
A77
330
A02
100
AcDbEntity
100
AcDbPolyline
  8
IsoView
 90
2
 70
0
 43
0
 10
7.716798612
 20
108.080224082
 10
6.888371487
 20
106.249115629
  0
LWPOLYLINE
  5
A78
330
A02
100
AcDbEntity
100
AcDbPolyline
  8
IsoView
 90
4
 70
0
 43
0
 10
6.888371487
 20
106.249115629
 10
2.910868359
 20
108.519839951
 10
2.812430837
 20
113.130010821
 10
2.888371487
 20
113.177318859
  0
LWPOLYLINE
  5
A79
330
A02
100
AcDbEntity
100
AcDbPolyline
  8
IsoView
 90
3
 70
0
 43
0
 10
2.888371487
 20
113.177318859
 10
6.865874615
 20
110.906594537
 10
7.716798612
 20
108.080224082
  0
LINE
  5
A7A
330
A02
100
AcDbEntity
  8
IsoView
100
AcDbLine
 10
-37.538035384
 20
85.218319816
 30
0.000000000
 11
-9.253764137
 21
101.548251435
 31
0.000000000
  0
LWPOLYLINE
  5
A7B
330
A02
100
AcDbEntity
100
AcDbPolyline
  8
IsoView
 90
2
 70
0
 43
0
 10
-6.425337012
 20
83.585326654
 10
-5.253764137
 20
85.218319816
  0
LWPOLYLINE
  5
A7C
330
A02
100
AcDbEntity
100
AcDbPolyline
  8
IsoView
 90
4
 70
0
 43
0
 10
-5.253764137
 20
85.218319816
 10
-9.209020649
 20
87.527576408
 10
-13.250764499
 20
85.307740367
 10
-13.253764137
 20
85.218319816
  0
LWPOLYLINE
  5
A7D
330
A02
100
AcDbEntity
100
AcDbPolyline
  8
IsoView
 90
3
 70
0
 43
0
 10
-13.253764137
 20
85.218319816
 10
-9.298507625
 20
82.909063224
 10
-6.425337012
 20
83.585326654
  0
LWPOLYLINE
  5
A7E
330
A02
100
AcDbEntity
100
AcDbPolyline
  8
IsoView
 90
2
 70
0
 43
0
 10
403.696596076
 20
-153.198681815
 10
404.868168952
 20
-151.565688653
  0
LWPOLYLINE
  5
A7F
330
A02
100
AcDbEntity
100
AcDbPolyline
  8
IsoView
 90
4
 70
0
 43
0
 10
404.868168952
 20
-151.565688653
 10
400.912912439
 20
-149.256432061
 10
396.871168589
 20
-151.476268102
 10
396.868168952
 20
-151.565688653
  0
LWPOLYLINE
  5
A80
330
A02
100
AcDbEntity
100
AcDbPolyline
  8
IsoView
 90
3
 70
0
 43
0
 10
396.868168952
 20
-151.565688653
 10
400.823425464
 20
-153.874945245
 10
403.696596076
 20
-153.198681815
  0
LWPOLYLINE
  5
A81
330
A02
100
AcDbEntity
100
AcDbPolyline
  8
IsoView
 90
2
 70
0
 43
0
 10
813.818529164
 20
-389.982690284
 10
814.990102040
 20
-388.349697122
  0
LWPOLYLINE
  5
A82
330
A02
100
AcDbEntity
100
AcDbPolyline
  8
IsoView
 90
4
 70
0
 43
0
 10
814.990102040
 20
-388.349697122
 10
811.034845528
 20
-386.040440530
 10
806.993101678
 20
-388.260276571
 10
806.990102040
 20
-388.349697122
  0
LWPOLYLINE
  5
A83
330
A02
100
AcDbEntity
100
AcDbPolyline
  8
IsoView
 90
3
 70
0
 43
0
 10
806.990102040
 20
-388.349697122
 10
810.945358552
 20
-390.658953714
 10
813.818529164
 20
-389.982690284
  0
LINE
  5
A84
330
A02
100
AcDbEntity
  8
IsoView
100
AcDbLine
 10
386.726033328
 20
-1008.887098627
 30
0.000000000
 11
740.279423921
 21
-804.762953395
 31
0.000000000
  0
LINE
  5
A85
330
A02
100
AcDbEntity
  8
IsoView
100
AcDbLine
 10
358.441762080
 20
-959.897303771
 30
0.000000000
 11
358.441762080
 21
-992.557167008
 31
0.000000000
  0
LINE
  5
A86
330
A02
100
AcDbEntity
  8
IsoView
100
AcDbLine
 10
358.441762080
 20
-992.557167008
 30
0.000000000
 11
386.726033328
 21
-1008.887098627
 31
0.000000000
  0
LINE
  5
A87
330
A02
100
AcDbEntity
  8
IsoView
100
AcDbLine
 10
683.710881426
 20
-772.103090158
 30
0.000000000
 11
358.441762080
 21
-959.897303771
 31
0.000000000
  0
LINE
  5
A88
330
A02
100
AcDbEntity
  8
IsoView
100
AcDbLine
 10
740.279423921
 20
-804.762953395
 30
0.000000000
 11
711.995152674
 21
-788.433021776
 31
0.000000000
  0
LINE
  5
A89
330
A02
100
AcDbEntity
  8
IsoView
100
AcDbLine
 10
711.995152674
 20
-788.433021776
 30
0.000000000
 11
358.441762080
 21
-992.557167008
 31
0.000000000
  0
LWPOLYLINE
  5
A8A
330
A02
100
AcDbEntity
100
AcDbPolyline
  8
IsoView
 90
2
 70
0
 43
0
 10
516.833681066
 20
-917.439481563
 10
518.005253941
 20
-919.072474725
  0
LWPOLYLINE
  5
A8B
330
A02
100
AcDbEntity
100
AcDbPolyline
  8
IsoView
 90
4
 70
0
 43
0
 10
518.005253941
 20
-919.072474725
 10
514.049997429
 20
-921.381731317
 10
510.008253579
 20
-919.161895276
 10
510.005253941
 20
-919.072474725
  0
LWPOLYLINE
  5
A8C
330
A02
100
AcDbEntity
100
AcDbPolyline
  8
IsoView
 90
3
 70
0
 43
0
 10
510.005253941
 20
-919.072474725
 10
513.960510453
 20
-916.763218133
 10
516.833681066
 20
-917.439481563
  0
LWPOLYLINE
  5
A8D
330
A02
100
AcDbEntity
100
AcDbPolyline
  8
IsoView
 90
3
 70
0
 43
0
 10
389.554460453
 20
-990.924173847
 10
384.699825007
 20
-990.565979771
 10
382.726033328
 20
-992.557167008
  0
LWPOLYLINE
  5
A8E
330
A02
100
AcDbEntity
100
AcDbPolyline
  8
IsoView
 90
4
 70
0
 43
0
 10
382.726033328
 20
-992.557167008
 10
386.681289840
 20
-994.866423600
 10
390.723033690
 20
-992.646587559
 10
390.726033328
 20
-992.557167008
  0
LWPOLYLINE
  5
A8F
330
A02
100
AcDbEntity
100
AcDbPolyline
  8
IsoView
 90
2
 70
0
 43
0
 10
390.726033328
 20
-992.557167008
 10
389.554460453
 20
-990.924173847
  0
LWPOLYLINE
  5
A90
330
A02
100
AcDbEntity
100
AcDbPolyline
  8
IsoView
 90
3
 70
0
 43
0
 10
463.093565696
 20
-948.466351638
 10
458.238930251
 20
-948.108157563
 10
456.265138571
 20
-950.099344800
  0
LWPOLYLINE
  5
A91
330
A02
100
AcDbEntity
100
AcDbPolyline
  8
IsoView
 90
4
 70
0
 43
0
 10
456.265138571
 20
-950.099344800
 10
460.220395083
 20
-952.408601392
 10
464.262138933
 20
-950.188765351
 10
464.265138571
 20
-950.099344800
  0
LWPOLYLINE
  5
A92
330
A02
100
AcDbEntity
100
AcDbPolyline
  8
IsoView
 90
2
 70
0
 43
0
 10
464.265138571
 20
-950.099344800
 10
463.093565696
 20
-948.466351638
  0
LWPOLYLINE
  5
A93
330
A02
100
AcDbEntity
100
AcDbPolyline
  8
IsoView
 90
2
 70
0
 43
0
 10
587.544359185
 20
-876.614652517
 10
588.715932060
 20
-878.247645678
  0
LWPOLYLINE
  5
A94
330
A02
100
AcDbEntity
100
AcDbPolyline
  8
IsoView
 90
4
 70
0
 43
0
 10
588.715932060
 20
-878.247645678
 10
584.760675548
 20
-880.556902270
 10
580.718931698
 20
-878.337066229
 10
580.715932060
 20
-878.247645678
  0
LWPOLYLINE
  5
A95
330
A02
100
AcDbEntity
100
AcDbPolyline
  8
IsoView
 90
3
 70
0
 43
0
 10
580.715932060
 20
-878.247645678
 10
584.671188572
 20
-875.938389087
 10
587.544359185
 20
-876.614652517
  0
LWPOLYLINE
  5
A96
330
A02
100
AcDbEntity
100
AcDbPolyline
  8
IsoView
 90
3
 70
0
 43
0
 10
552.189020125
 20
-897.027067040
 10
547.334384680
 20
-896.668872964
 10
545.360593001
 20
-898.660060202
  0
LWPOLYLINE
  5
A97
330
A02
100
AcDbEntity
100
AcDbPolyline
  8
IsoView
 90
4
 70
0
 43
0
 10
545.360593001
 20
-898.660060202
 10
549.315849513
 20
-900.969316793
 10
553.357593363
 20
-898.749480752
 10
553.360593001
 20
-898.660060202
  0
LWPOLYLINE
  5
A98
330
A02
100
AcDbEntity
100
AcDbPolyline
  8
IsoView
 90
2
 70
0
 43
0
 10
553.360593001
 20
-898.660060202
 10
552.189020125
 20
-897.027067040
  0
LWPOLYLINE
  5
A99
330
A02
100
AcDbEntity
100
AcDbPolyline
  8
IsoView
 90
3
 70
0
 43
0
 10
644.112901680
 20
-843.954789280
 10
639.258266235
 20
-843.596595204
 10
637.284474555
 20
-845.587782441
  0
LWPOLYLINE
  5
A9A
330
A02
100
AcDbEntity
100
AcDbPolyline
  8
IsoView
 90
4
 70
0
 43
0
 10
637.284474555
 20
-845.587782441
 10
641.239731067
 20
-847.897039033
 10
645.281474917
 20
-845.677202992
 10
645.284474555
 20
-845.587782441
  0
LWPOLYLINE
  5
A9B
330
A02
100
AcDbEntity
100
AcDbPolyline
  8
IsoView
 90
2
 70
0
 43
0
 10
645.284474555
 20
-845.587782441
 10
644.112901680
 20
-843.954789280
  0
LWPOLYLINE
  5
A9C
330
A02
100
AcDbEntity
100
AcDbPolyline
  8
IsoView
 90
3
 70
0
 43
0
 10
714.823579798
 20
-803.129960233
 10
709.968944353
 20
-802.771766158
 10
707.995152674
 20
-804.762953395
  0
LWPOLYLINE
  5
A9D
330
A02
100
AcDbEntity
100
AcDbPolyline
  8
IsoView
 90
4
 70
0
 43
0
 10
707.995152674
 20
-804.762953395
 10
711.950409186
 20
-807.072209987
 10
715.992153036
 20
-804.852373946
 10
715.995152674
 20
-804.762953395
  0
LWPOLYLINE
  5
A9E
330
A02
100
AcDbEntity
100
AcDbPolyline
  8
IsoView
 90
2
 70
0
 43
0
 10
715.995152674
 20
-804.762953395
 10
714.823579798
 20
-803.129960233
  0
LWPOLYLINE
  5
A9F
330
A02
100
AcDbEntity
100
AcDbPolyline
  8
IsoView
 90
2
 70
0
 43
0
 10
440.466148698
 20
-928.870433696
 10
441.294575823
 20
-930.701542149
  0
LWPOLYLINE
  5
AA0
330
A02
100
AcDbEntity
100
AcDbPolyline
  8
IsoView
 90
4
 70
0
 43
0
 10
441.294575823
 20
-930.701542149
 10
445.272078951
 20
-928.430817827
 10
445.370516472
 20
-923.820646957
 10
445.294575823
 20
-923.773338919
  0
LWPOLYLINE
  5
AA1
330
A02
100
AcDbEntity
100
AcDbPolyline
  8
IsoView
 90
3
 70
0
 43
0
 10
445.294575823
 20
-923.773338919
 10
441.317072694
 20
-926.044063241
 10
440.466148698
 20
-928.870433696
  0
LWPOLYLINE
  5
AA2
330
A02
100
AcDbEntity
100
AcDbPolyline
  8
IsoView
 90
2
 70
0
 43
0
 10
695.024589925
 20
-781.901049129
 10
695.853017050
 20
-783.732157582
  0
LWPOLYLINE
  5
AA3
330
A02
100
AcDbEntity
100
AcDbPolyline
  8
IsoView
 90
3
 70
0
 43
0
 10
695.853017050
 20
-783.732157582
 10
699.830520178
 20
-781.461433260
 10
699.853017050
 20
-781.422756506
  0
LWPOLYLINE
  5
AA4
330
A02
100
AcDbEntity
100
AcDbPolyline
  8
IsoView
 90
2
 70
0
 43
0
 10
695.853017050
 20
-779.113355429
 10
695.024589925
 20
-781.901049129
  0
LWPOLYLINE
  5
AA5
330
A02
100
AcDbEntity
100
AcDbPolyline
  8
IsoView
 90
2
 70
0
 43
0
 10
624.313911806
 20
-822.725878175
 10
625.142338931
 20
-824.556986629
  0
LWPOLYLINE
  5
AA6
330
A02
100
AcDbEntity
100
AcDbPolyline
  8
IsoView
 90
4
 70
0
 43
0
 10
625.142338931
 20
-824.556986629
 10
629.119842060
 20
-822.286262307
 10
629.218279581
 20
-817.676091436
 10
629.142338931
 20
-817.628783398
  0
LWPOLYLINE
  5
AA7
330
A02
100
AcDbEntity
100
AcDbPolyline
  8
IsoView
 90
3
 70
0
 43
0
 10
629.142338931
 20
-817.628783398
 10
625.164835803
 20
-819.899507720
 10
624.313911806
 20
-822.725878175
  0
LWPOLYLINE
  5
AA8
330
A02
100
AcDbEntity
100
AcDbPolyline
  8
IsoView
 90
2
 70
0
 43
0
 10
567.745369312
 20
-855.385741413
 10
568.573796436
 20
-857.216849866
  0
LWPOLYLINE
  5
AA9
330
A02
100
AcDbEntity
100
AcDbPolyline
  8
IsoView
 90
4
 70
0
 43
0
 10
568.573796436
 20
-857.216849866
 10
572.551299565
 20
-854.946125544
 10
572.649737086
 20
-850.335954673
 10
572.573796436
 20
-850.288646636
  0
LWPOLYLINE
  5
AAA
330
A02
100
AcDbEntity
100
AcDbPolyline
  8
IsoView
 90
3
 70
0
 43
0
 10
572.573796436
 20
-850.288646636
 10
568.596293308
 20
-852.559370958
 10
567.745369312
 20
-855.385741413
  0
LWPOLYLINE
  5
AAB
330
A02
100
AcDbEntity
100
AcDbPolyline
  8
IsoView
 90
2
 70
0
 43
0
 10
532.390030252
 20
-875.798155936
 10
533.218457377
 20
-877.629264389
  0
LWPOLYLINE
  5
AAC
330
A02
100
AcDbEntity
100
AcDbPolyline
  8
IsoView
 90
4
 70
0
 43
0
 10
533.218457377
 20
-877.629264389
 10
537.195960505
 20
-875.358540067
 10
537.294398027
 20
-870.748369197
 10
537.218457377
 20
-870.701061159
  0
LWPOLYLINE
  5
AAD
330
A02
100
AcDbEntity
100
AcDbPolyline
  8
IsoView
 90
3
 70
0
 43
0
 10
537.218457377
 20
-870.701061159
 10
533.240954249
 20
-872.971785481
 10
532.390030252
 20
-875.798155936
  0
LWPOLYLINE
  5
AAE
330
A02
100
AcDbEntity
100
AcDbPolyline
  8
IsoView
 90
2
 70
0
 43
0
 10
497.034691193
 20
-896.210570459
 10
497.863118318
 20
-898.041678912
  0
LWPOLYLINE
  5
AAF
330
A02
100
AcDbEntity
100
AcDbPolyline
  8
IsoView
 90
4
 70
0
 43
0
 10
497.863118318
 20
-898.041678912
 10
501.840621446
 20
-895.770954590
 10
501.939058967
 20
-891.160783720
 10
501.863118318
 20
-891.113475682
  0
LWPOLYLINE
  5
AB0
330
A02
100
AcDbEntity
100
AcDbPolyline
  8
IsoView
 90
3
 70
0
 43
0
 10
501.863118318
 20
-891.113475682
 10
497.885615189
 20
-893.384200004
 10
497.034691193
 20
-896.210570459
  0
LWPOLYLINE
  5
AB1
330
A02
100
AcDbEntity
100
AcDbPolyline
  8
IsoView
 90
2
 70
0
 43
0
 10
369.755470579
 20
-969.695262742
 10
370.583897704
 20
-971.526371196
  0
LWPOLYLINE
  5
AB2
330
A02
100
AcDbEntity
100
AcDbPolyline
  8
IsoView
 90
4
 70
0
 43
0
 10
370.583897704
 20
-971.526371196
 10
374.561400832
 20
-969.255646874
 10
374.659838354
 20
-964.645476003
 10
374.583897704
 20
-964.598167965
  0
LWPOLYLINE
  5
AB3
330
A02
100
AcDbEntity
100
AcDbPolyline
  8
IsoView
 90
3
 70
0
 43
0
 10
374.583897704
 20
-964.598167965
 10
370.606394576
 20
-966.868892287
 10
369.755470579
 20
-969.695262742
  0
LINE
  5
AB4
330
A02
100
AcDbEntity
  8
IsoView
100
AcDbLine
 10
-320.380747859
 20
-600.638808163
 30
0.000000000
 11
-320.380747859
 21
-567.978944926
 31
0.000000000
  0
LINE
  5
AB5
330
A02
100
AcDbEntity
  8
IsoView
100
AcDbLine
 10
-320.380747859
 20
-600.638808163
 30
0.000000000
 11
33.172642735
 21
-396.514662931
 31
0.000000000
  0
LINE
  5
AB6
330
A02
100
AcDbEntity
  8
IsoView
100
AcDbLine
 10
-320.380747859
 20
-567.978944926
 30
0.000000000
 11
4.888371487
 21
-380.184731313
 31
0.000000000
  0
LWPOLYLINE
  5
AB7
330
A02
100
AcDbEntity
100
AcDbPolyline
  8
IsoView
 90
3
 70
0
 43
0
 10
-309.067039360
 20
-577.776903897
 10
-306.949926806
 20
-573.393569238
 10
-304.238612235
 20
-572.679809120
  0
LWPOLYLINE
  5
AB8
330
A02
100
AcDbEntity
100
AcDbPolyline
  8
IsoView
 90
4
 70
0
 43
0
 10
-304.238612235
 20
-572.679809120
 10
-304.216365619
 20
-577.259790034
 10
-308.159671948
 20
-579.650124863
 10
-308.238612235
 20
-579.608012350
  0
LWPOLYLINE
  5
AB9
330
A02
100
AcDbEntity
100
AcDbPolyline
  8
IsoView
 90
2
 70
0
 43
0
 10
-308.238612235
 20
-579.608012350
 10
-309.067039360
 20
-577.776903897
  0
LWPOLYLINE
  5
ABA
330
A02
100
AcDbEntity
100
AcDbPolyline
  8
IsoView
 90
3
 70
0
 43
0
 10
-238.356361241
 20
-536.952074851
 10
-236.239248687
 20
-532.568740191
 10
-233.527934116
 20
-531.854980074
  0
LWPOLYLINE
  5
ABB
330
A02
100
AcDbEntity
100
AcDbPolyline
  8
IsoView
 90
4
 70
0
 43
0
 10
-233.527934116
 20
-531.854980074
 10
-233.505687500
 20
-536.434960988
 10
-237.448993829
 20
-538.825295817
 10
-237.527934116
 20
-538.783183304
  0
LWPOLYLINE
  5
ABC
330
A02
100
AcDbEntity
100
AcDbPolyline
  8
IsoView
 90
2
 70
0
 43
0
 10
-237.527934116
 20
-538.783183304
 10
-238.356361241
 20
-536.952074851
  0
LWPOLYLINE
  5
ABD
330
A02
100
AcDbEntity
100
AcDbPolyline
  8
IsoView
 90
3
 70
0
 43
0
 10
-181.787818746
 20
-504.292211614
 10
-179.670706193
 20
-499.908876954
 10
-176.959391621
 20
-499.195116837
  0
LWPOLYLINE
  5
ABE
330
A02
100
AcDbEntity
100
AcDbPolyline
  8
IsoView
 90
4
 70
0
 43
0
 10
-176.959391621
 20
-499.195116837
 10
-176.937145005
 20
-503.775097750
 10
-180.880451334
 20
-506.165432580
 10
-180.959391621
 20
-506.123320067
  0
LWPOLYLINE
  5
ABF
330
A02
100
AcDbEntity
100
AcDbPolyline
  8
IsoView
 90
2
 70
0
 43
0
 10
-180.959391621
 20
-506.123320067
 10
-181.787818746
 20
-504.292211614
  0
LWPOLYLINE
  5
AC0
330
A02
100
AcDbEntity
100
AcDbPolyline
  8
IsoView
 90
3
 70
0
 43
0
 10
-146.432479687
 20
-483.879797090
 10
-144.315367133
 20
-479.496462431
 10
-141.604052562
 20
-478.782702313
  0
LWPOLYLINE
  5
AC1
330
A02
100
AcDbEntity
100
AcDbPolyline
  8
IsoView
 90
4
 70
0
 43
0
 10
-141.604052562
 20
-478.782702313
 10
-141.581805946
 20
-483.362683227
 10
-145.525112275
 20
-485.753018056
 10
-145.604052562
 20
-485.710905544
  0
LWPOLYLINE
  5
AC2
330
A02
100
AcDbEntity
100
AcDbPolyline
  8
IsoView
 90
2
 70
0
 43
0
 10
-145.604052562
 20
-485.710905544
 10
-146.432479687
 20
-483.879797090
  0
LWPOLYLINE
  5
AC3
330
A02
100
AcDbEntity
100
AcDbPolyline
  8
IsoView
 90
3
 70
0
 43
0
 10
-111.077140628
 20
-463.467382567
 10
-108.960028074
 20
-459.084047908
 10
-106.248713503
 20
-458.370287790
  0
LWPOLYLINE
  5
AC4
330
A02
100
AcDbEntity
100
AcDbPolyline
  8
IsoView
 90
4
 70
0
 43
0
 10
-106.248713503
 20
-458.370287790
 10
-106.226466886
 20
-462.950268704
 10
-110.169773215
 20
-465.340603533
 10
-110.248713503
 20
-465.298491020
  0
LWPOLYLINE
  5
AC5
330
A02
100
AcDbEntity
100
AcDbPolyline
  8
IsoView
 90
2
 70
0
 43
0
 10
-110.248713503
 20
-465.298491020
 10
-111.077140628
 20
-463.467382567
  0
LWPOLYLINE
  5
AC6
330
A02
100
AcDbEntity
100
AcDbPolyline
  8
IsoView
 90
3
 70
0
 43
0
 10
-54.508598133
 20
-430.807519330
 10
-52.391485579
 20
-426.424184671
 10
-49.680171008
 20
-425.710424553
  0
LWPOLYLINE
  5
AC7
330
A02
100
AcDbEntity
100
AcDbPolyline
  8
IsoView
 90
4
 70
0
 43
0
 10
-49.680171008
 20
-425.710424553
 10
-49.657924392
 20
-430.290405467
 10
-53.601230720
 20
-432.680740296
 10
-53.680171008
 20
-432.638627783
  0
LWPOLYLINE
  5
AC8
330
A02
100
AcDbEntity
100
AcDbPolyline
  8
IsoView
 90
2
 70
0
 43
0
 10
-53.680171008
 20
-432.638627783
 10
-54.508598133
 20
-430.807519330
  0
LWPOLYLINE
  5
AC9
330
A02
100
AcDbEntity
100
AcDbPolyline
  8
IsoView
 90
2
 70
0
 43
0
 10
16.202079986
 20
-389.982690284
 10
17.030507111
 20
-387.194996583
  0
LWPOLYLINE
  5
ACA
330
A02
100
AcDbEntity
100
AcDbPolyline
  8
IsoView
 90
3
 70
0
 43
0
 10
21.030507111
 20
-389.504397660
 10
17.069624379
 20
-391.835516452
 10
17.030507111
 20
-391.813798737
  0
LWPOLYLINE
  5
ACB
330
A02
100
AcDbEntity
100
AcDbPolyline
  8
IsoView
 90
2
 70
0
 43
0
 10
17.030507111
 20
-391.813798737
 10
16.202079986
 20
-389.982690284
  0
LINE
  5
ACC
330
A02
100
AcDbEntity
  8
IsoView
100
AcDbLine
 10
-292.096476611
 20
-616.968739782
 30
0.000000000
 11
-320.380747859
 21
-600.638808163
 31
0.000000000
  0
LINE
  5
ACD
330
A02
100
AcDbEntity
  8
IsoView
100
AcDbLine
 10
33.172642735
 20
-396.514662931
 30
0.000000000
 11
61.456913982
 21
-412.844594550
 31
0.000000000
  0
LINE
  5
ACE
330
A02
100
AcDbEntity
  8
IsoView
100
AcDbLine
 10
61.456913982
 20
-412.844594550
 30
0.000000000
 11
-292.096476611
 21
-616.968739782
 31
0.000000000
  0
LWPOLYLINE
  5
ACF
330
A02
100
AcDbEntity
100
AcDbPolyline
  8
IsoView
 90
2
 70
0
 43
0
 10
-289.268049487
 20
-599.005815001
 10
-288.096476611
 20
-600.638808163
  0
LWPOLYLINE
  5
AD0
330
A02
100
AcDbEntity
100
AcDbPolyline
  8
IsoView
 90
4
 70
0
 43
0
 10
-288.096476611
 20
-600.638808163
 10
-292.051733123
 20
-602.948064755
 10
-296.093476974
 20
-600.728228714
 10
-296.096476611
 20
-600.638808163
  0
LWPOLYLINE
  5
AD1
330
A02
100
AcDbEntity
100
AcDbPolyline
  8
IsoView
 90
3
 70
0
 43
0
 10
-296.096476611
 20
-600.638808163
 10
-292.141220099
 20
-598.329551571
 10
-289.268049487
 20
-599.005815001
  0
LWPOLYLINE
  5
AD2
330
A02
100
AcDbEntity
100
AcDbPolyline
  8
IsoView
 90
2
 70
0
 43
0
 10
-215.728944243
 20
-556.547992793
 10
-214.557371368
 20
-558.180985955
  0
LWPOLYLINE
  5
AD3
330
A02
100
AcDbEntity
100
AcDbPolyline
  8
IsoView
 90
4
 70
0
 43
0
 10
-214.557371368
 20
-558.180985955
 10
-218.512627880
 20
-560.490242547
 10
-222.554371730
 20
-558.270406505
 10
-222.557371368
 20
-558.180985955
  0
LWPOLYLINE
  5
AD4
330
A02
100
AcDbEntity
100
AcDbPolyline
  8
IsoView
 90
3
 70
0
 43
0
 10
-222.557371368
 20
-558.180985955
 10
-218.602114856
 20
-555.871729363
 10
-215.728944243
 20
-556.547992793
  0
LWPOLYLINE
  5
AD5
330
A02
100
AcDbEntity
100
AcDbPolyline
  8
IsoView
 90
3
 70
0
 43
0
 10
-161.988828873
 20
-525.521122718
 10
-166.843464318
 20
-525.162928642
 10
-168.817255998
 20
-527.154115880
  0
LWPOLYLINE
  5
AD6
330
A02
100
AcDbEntity
100
AcDbPolyline
  8
IsoView
 90
4
 70
0
 43
0
 10
-168.817255998
 20
-527.154115880
 10
-164.861999486
 20
-529.463372471
 10
-160.820255636
 20
-527.243536430
 10
-160.817255998
 20
-527.154115880
  0
LWPOLYLINE
  5
AD7
330
A02
100
AcDbEntity
100
AcDbPolyline
  8
IsoView
 90
2
 70
0
 43
0
 10
-160.817255998
 20
-527.154115880
 10
-161.988828873
 20
-525.521122718
  0
LWPOLYLINE
  5
AD8
330
A02
100
AcDbEntity
100
AcDbPolyline
  8
IsoView
 90
2
 70
0
 43
0
 10
-126.633489814
 20
-505.108708195
 10
-125.461916938
 20
-506.741701356
  0
LWPOLYLINE
  5
AD9
330
A02
100
AcDbEntity
100
AcDbPolyline
  8
IsoView
 90
4
 70
0
 43
0
 10
-125.461916938
 20
-506.741701356
 10
-129.417173450
 20
-509.050957948
 10
-133.458917301
 20
-506.831121907
 10
-133.461916938
 20
-506.741701356
  0
LWPOLYLINE
  5
ADA
330
A02
100
AcDbEntity
100
AcDbPolyline
  8
IsoView
 90
3
 70
0
 43
0
 10
-133.461916938
 20
-506.741701356
 10
-129.506660426
 20
-504.432444765
 10
-126.633489814
 20
-505.108708195
  0
LWPOLYLINE
  5
ADB
330
A02
100
AcDbEntity
100
AcDbPolyline
  8
IsoView
 90
2
 70
0
 43
0
 10
-34.709608259
 20
-452.036430434
 10
-33.538035384
 20
-453.669423596
  0
LWPOLYLINE
  5
ADC
330
A02
100
AcDbEntity
100
AcDbPolyline
  8
IsoView
 90
4
 70
0
 43
0
 10
-33.538035384
 20
-453.669423596
 10
-37.493291896
 20
-455.978680188
 10
-41.535035746
 20
-453.758844147
 10
-41.538035384
 20
-453.669423596
  0
LWPOLYLINE
  5
ADD
330
A02
100
AcDbEntity
100
AcDbPolyline
  8
IsoView
 90
3
 70
0
 43
0
 10
-41.538035384
 20
-453.669423596
 10
-37.582778872
 20
-451.360167004
 10
-34.709608259
 20
-452.036430434
  0
LWPOLYLINE
  5
ADE
330
A02
100
AcDbEntity
100
AcDbPolyline
  8
IsoView
 90
2
 70
0
 43
0
 10
36.001069859
 20
-411.211601388
 10
37.172642735
 20
-412.844594550
  0
LWPOLYLINE
  5
ADF
330
A02
100
AcDbEntity
100
AcDbPolyline
  8
IsoView
 90
4
 70
0
 43
0
 10
37.172642735
 20
-412.844594550
 10
33.217386222
 20
-415.153851141
 10
29.175642372
 20
-412.934015100
 10
29.172642735
 20
-412.844594550
  0
LWPOLYLINE
  5
AE0
330
A02
100
AcDbEntity
100
AcDbPolyline
  8
IsoView
 90
3
 70
0
 43
0
 10
29.172642735
 20
-412.844594550
 10
33.127899247
 20
-410.535337958
 10
36.001069859
 20
-411.211601388
  0
LWPOLYLINE
  5
AE1
330
A02
100
AcDbEntity
100
AcDbPolyline
  8
IsoView
 90
3
 70
0
 43
0
 10
-91.278150754
 20
-484.696293671
 10
-96.132786199
 20
-484.338099596
 10
-98.106577879
 20
-486.329286833
  0
LWPOLYLINE
  5
AE2
330
A02
100
AcDbEntity
100
AcDbPolyline
  8
IsoView
 90
4
 70
0
 43
0
 10
-98.106577879
 20
-486.329286833
 10
-94.151321367
 20
-488.638543425
 10
-90.109577517
 20
-486.418707384
 10
-90.106577879
 20
-486.329286833
  0
LWPOLYLINE
  5
AE3
330
A02
100
AcDbEntity
100
AcDbPolyline
  8
IsoView
 90
2
 70
0
 43
0
 10
-90.106577879
 20
-486.329286833
 10
-91.278150754
 20
-484.696293671
  0
LINE
  5
AE4
330
A02
100
AcDbEntity
  8
IsoView
100
AcDbLine
 10
768.563695169
 20
-755.773158539
 30
0.000000000
 11
768.563695169
 21
-347.524868075
 31
0.000000000
  0
LINE
  5
AE5
330
A02
100
AcDbEntity
  8
IsoView
100
AcDbLine
 10
740.279423921
 20
-739.443226921
 30
0.000000000
 11
768.563695169
 21
-755.773158539
 31
0.000000000
  0
LINE
  5
AE6
330
A02
100
AcDbEntity
  8
IsoView
100
AcDbLine
 10
711.995152674
 20
-347.524868075
 30
0.000000000
 11
711.995152674
 21
-723.113295302
 31
0.000000000
  0
LINE
  5
AE7
330
A02
100
AcDbEntity
  8
IsoView
100
AcDbLine
 10
768.563695169
 20
-347.524868075
 30
0.000000000
 11
740.279423921
 21
-331.194936457
 31
0.000000000
  0
LINE
  5
AE8
330
A02
100
AcDbEntity
  8
IsoView
100
AcDbLine
 10
740.279423921
 20
-331.194936457
 30
0.000000000
 11
740.279423921
 21
-739.443226921
 31
0.000000000
  0
LWPOLYLINE
  5
AE9
330
A02
100
AcDbEntity
100
AcDbPolyline
  8
IsoView
 90
3
 70
0
 43
0
 10
754.421559545
 20
-581.042890221
 10
757.159082436
 20
-585.068030805
 10
756.421559545
 20
-587.772978160
  0
LWPOLYLINE
  5
AEA
330
A02
100
AcDbEntity
100
AcDbPolyline
  8
IsoView
 90
4
 70
0
 43
0
 10
756.421559545
 20
-587.772978160
 10
752.444056416
 20
-585.502253838
 10
752.345618895
 20
-580.892082967
 10
752.421559545
 20
-580.844774929
  0
LWPOLYLINE
  5
AEB
330
A02
100
AcDbEntity
100
AcDbPolyline
  8
IsoView
 90
2
 70
0
 43
0
 10
752.421559545
 20
-580.844774929
 10
754.421559545
 20
-581.042890221
  0
LWPOLYLINE
  5
AEC
330
A02
100
AcDbEntity
100
AcDbPolyline
  8
IsoView
 90
2
 70
0
 43
0
 10
754.421559545
 20
-728.012274788
 10
752.421559545
 20
-727.814159496
  0
LWPOLYLINE
  5
AED
330
A02
100
AcDbEntity
100
AcDbPolyline
  8
IsoView
 90
4
 70
0
 43
0
 10
752.421559545
 20
-727.814159496
 10
752.399312928
 20
-732.394140410
 10
756.342619257
 20
-734.784475239
 10
756.421559545
 20
-734.742362727
  0
LWPOLYLINE
  5
AEE
330
A02
100
AcDbEntity
100
AcDbPolyline
  8
IsoView
 90
3
 70
0
 43
0
 10
756.421559545
 20
-734.742362727
 10
756.443806161
 20
-730.162381813
 10
754.421559545
 20
-728.012274788
  0
LWPOLYLINE
  5
AEF
330
A02
100
AcDbEntity
100
AcDbPolyline
  8
IsoView
 90
2
 70
0
 43
0
 10
754.421559545
 20
-643.096630371
 10
752.421559545
 20
-642.898515080
  0
LWPOLYLINE
  5
AF0
330
A02
100
AcDbEntity
100
AcDbPolyline
  8
IsoView
 90
4
 70
0
 43
0
 10
752.421559545
 20
-642.898515080
 10
752.399312928
 20
-647.478495994
 10
756.342619257
 20
-649.868830823
 10
756.421559545
 20
-649.826718310
  0
LWPOLYLINE
  5
AF1
330
A02
100
AcDbEntity
100
AcDbPolyline
  8
IsoView
 90
3
 70
0
 43
0
 10
756.421559545
 20
-649.826718310
 10
756.443806161
 20
-645.246737396
 10
754.421559545
 20
-643.096630371
  0
LWPOLYLINE
  5
AF2
330
A02
100
AcDbEntity
100
AcDbPolyline
  8
IsoView
 90
3
 70
0
 43
0
 10
754.421559545
 20
-499.393232128
 10
757.159082436
 20
-503.418372712
 10
756.421559545
 20
-506.123320067
  0
LWPOLYLINE
  5
AF3
330
A02
100
AcDbEntity
100
AcDbPolyline
  8
IsoView
 90
4
 70
0
 43
0
 10
756.421559545
 20
-506.123320067
 10
752.444056416
 20
-503.852595745
 10
752.345618895
 20
-499.242424874
 10
752.421559545
 20
-499.195116837
  0
LWPOLYLINE
  5
AF4
330
A02
100
AcDbEntity
100
AcDbPolyline
  8
IsoView
 90
2
 70
0
 43
0
 10
752.421559545
 20
-499.195116837
 10
754.421559545
 20
-499.393232128
  0
LWPOLYLINE
  5
AF5
330
A02
100
AcDbEntity
100
AcDbPolyline
  8
IsoView
 90
2
 70
0
 43
0
 10
754.421559545
 20
-540.218061174
 10
752.421559545
 20
-540.019945883
  0
LWPOLYLINE
  5
AF6
330
A02
100
AcDbEntity
100
AcDbPolyline
  8
IsoView
 90
4
 70
0
 43
0
 10
752.421559545
 20
-540.019945883
 10
752.399312928
 20
-544.599926797
 10
756.342619257
 20
-546.990261626
 10
756.421559545
 20
-546.948149113
  0
LWPOLYLINE
  5
AF7
330
A02
100
AcDbEntity
100
AcDbPolyline
  8
IsoView
 90
3
 70
0
 43
0
 10
756.421559545
 20
-546.948149113
 10
756.443806161
 20
-542.368168199
 10
754.421559545
 20
-540.218061174
  0
LWPOLYLINE
  5
AF8
330
A02
100
AcDbEntity
100
AcDbPolyline
  8
IsoView
 90
2
 70
0
 43
0
 10
754.421559545
 20
-434.073505654
 10
752.421559545
 20
-433.875390362
  0
LWPOLYLINE
  5
AF9
330
A02
100
AcDbEntity
100
AcDbPolyline
  8
IsoView
 90
4
 70
0
 43
0
 10
752.421559545
 20
-433.875390362
 10
752.399312928
 20
-438.455371276
 10
756.342619257
 20
-440.845706105
 10
756.421559545
 20
-440.803593593
  0
LWPOLYLINE
  5
AFA
330
A02
100
AcDbEntity
100
AcDbPolyline
  8
IsoView
 90
3
 70
0
 43
0
 10
756.421559545
 20
-440.803593593
 10
756.443806161
 20
-436.223612679
 10
754.421559545
 20
-434.073505654
  0
LWPOLYLINE
  5
AFB
330
A02
100
AcDbEntity
100
AcDbPolyline
  8
IsoView
 90
2
 70
0
 43
0
 10
754.421559545
 20
-352.423847561
 10
752.421559545
 20
-352.225732270
  0
LWPOLYLINE
  5
AFC
330
A02
100
AcDbEntity
100
AcDbPolyline
  8
IsoView
 90
4
 70
0
 43
0
 10
752.421559545
 20
-352.225732270
 10
752.399312928
 20
-356.805713183
 10
756.342619257
 20
-359.196048013
 10
756.421559545
 20
-359.153935500
  0
LWPOLYLINE
  5
AFD
330
A02
100
AcDbEntity
100
AcDbPolyline
  8
IsoView
 90
3
 70
0
 43
0
 10
756.421559545
 20
-359.153935500
 10
756.443806161
 20
-354.573954586
 10
754.421559545
 20
-352.423847561
  0
LINE
  5
AFE
330
A02
100
AcDbEntity
  8
IsoView
100
AcDbLine
 10
711.995152674
 20
-347.524868075
 30
0.000000000
 11
740.279423921
 21
-331.194936457
 31
0.000000000
  0
LWPOLYLINE
  5
AFF
330
A02
100
AcDbEntity
100
AcDbPolyline
  8
IsoView
 90
3
 70
0
 43
0
 10
726.137288297
 20
-652.894589342
 10
728.874811189
 20
-648.869448759
 10
728.137288297
 20
-646.164501404
  0
LWPOLYLINE
  5
B00
330
A02
100
AcDbEntity
100
AcDbPolyline
  8
IsoView
 90
4
 70
0
 43
0
 10
728.137288297
 20
-646.164501404
 10
724.159785169
 20
-648.435225726
 10
724.061347648
 20
-653.045396596
 10
724.137288297
 20
-653.092704634
  0
LWPOLYLINE
  5
B01
330
A02
100
AcDbEntity
100
AcDbPolyline
  8
IsoView
 90
2
 70
0
 43
0
 10
724.137288297
 20
-653.092704634
 10
726.137288297
 20
-652.894589342
  0
LWPOLYLINE
  5
B02
330
A02
100
AcDbEntity
100
AcDbPolyline
  8
IsoView
 90
3
 70
0
 43
0
 10
726.137288297
 20
-358.955820208
 10
728.874811189
 20
-354.930679625
 10
728.137288297
 20
-352.225732270
  0
LWPOLYLINE
  5
B03
330
A02
100
AcDbEntity
100
AcDbPolyline
  8
IsoView
 90
4
 70
0
 43
0
 10
728.137288297
 20
-352.225732270
 10
724.159785169
 20
-354.496456592
 10
724.061347648
 20
-359.106627462
 10
724.137288297
 20
-359.153935500
  0
LWPOLYLINE
  5
B04
330
A02
100
AcDbEntity
100
AcDbPolyline
  8
IsoView
 90
2
 70
0
 43
0
 10
724.137288297
 20
-359.153935500
 10
726.137288297
 20
-358.955820208
  0
LWPOLYLINE
  5
B05
330
A02
100
AcDbEntity
100
AcDbPolyline
  8
IsoView
 90
3
 70
0
 43
0
 10
726.137288297
 20
-440.605478301
 10
728.874811189
 20
-436.580337717
 10
728.137288297
 20
-433.875390362
  0
LWPOLYLINE
  5
B06
330
A02
100
AcDbEntity
100
AcDbPolyline
  8
IsoView
 90
4
 70
0
 43
0
 10
728.137288297
 20
-433.875390362
 10
724.159785169
 20
-436.146114684
 10
724.061347648
 20
-440.756285555
 10
724.137288297
 20
-440.803593593
  0
LWPOLYLINE
  5
B07
330
A02
100
AcDbEntity
100
AcDbPolyline
  8
IsoView
 90
2
 70
0
 43
0
 10
724.137288297
 20
-440.803593593
 10
726.137288297
 20
-440.605478301
  0
LWPOLYLINE
  5
B08
330
A02
100
AcDbEntity
100
AcDbPolyline
  8
IsoView
 90
3
 70
0
 43
0
 10
726.137288297
 20
-505.925204775
 10
728.874811189
 20
-501.900064192
 10
728.137288297
 20
-499.195116837
  0
LWPOLYLINE
  5
B09
330
A02
100
AcDbEntity
100
AcDbPolyline
  8
IsoView
 90
4
 70
0
 43
0
 10
728.137288297
 20
-499.195116837
 10
724.159785169
 20
-501.465841159
 10
724.061347648
 20
-506.076012029
 10
724.137288297
 20
-506.123320067
  0
LWPOLYLINE
  5
B0A
330
A02
100
AcDbEntity
100
AcDbPolyline
  8
IsoView
 90
2
 70
0
 43
0
 10
724.137288297
 20
-506.123320067
 10
726.137288297
 20
-505.925204775
  0
LWPOLYLINE
  5
B0B
330
A02
100
AcDbEntity
100
AcDbPolyline
  8
IsoView
 90
3
 70
0
 43
0
 10
726.137288297
 20
-546.750033822
 10
728.874811189
 20
-542.724893238
 10
728.137288297
 20
-540.019945883
  0
LWPOLYLINE
  5
B0C
330
A02
100
AcDbEntity
100
AcDbPolyline
  8
IsoView
 90
4
 70
0
 43
0
 10
728.137288297
 20
-540.019945883
 10
724.159785169
 20
-542.290670205
 10
724.061347648
 20
-546.900841075
 10
724.137288297
 20
-546.948149113
  0
LWPOLYLINE
  5
B0D
330
A02
100
AcDbEntity
100
AcDbPolyline
  8
IsoView
 90
2
 70
0
 43
0
 10
724.137288297
 20
-546.948149113
 10
726.137288297
 20
-546.750033822
  0
LWPOLYLINE
  5
B0E
330
A02
100
AcDbEntity
100
AcDbPolyline
  8
IsoView
 90
3
 70
0
 43
0
 10
726.137288297
 20
-587.574862868
 10
728.874811189
 20
-583.549722284
 10
728.137288297
 20
-580.844774929
  0
LWPOLYLINE
  5
B0F
330
A02
100
AcDbEntity
100
AcDbPolyline
  8
IsoView
 90
4
 70
0
 43
0
 10
728.137288297
 20
-580.844774929
 10
724.159785169
 20
-583.115499251
 10
724.061347648
 20
-587.725670122
 10
724.137288297
 20
-587.772978160
  0
LWPOLYLINE
  5
B10
330
A02
100
AcDbEntity
100
AcDbPolyline
  8
IsoView
 90
2
 70
0
 43
0
 10
724.137288297
 20
-587.772978160
 10
726.137288297
 20
-587.574862868
  0
LWPOLYLINE
  5
B11
330
A02
100
AcDbEntity
100
AcDbPolyline
  8
IsoView
 90
3
 70
0
 43
0
 10
728.137288297
 20
-732.432961650
 10
728.175655024
 20
-727.837177187
 10
728.137288297
 20
-727.814159496
  0
LWPOLYLINE
  5
B12
330
A02
100
AcDbEntity
100
AcDbPolyline
  8
IsoView
 90
3
 70
0
 43
0
 10
728.137288297
 20
-727.814159496
 10
724.159785169
 20
-730.084883818
 10
724.137288297
 20
-730.123560573
  0
LINE
  5
B13
330
A02
100
AcDbEntity
  8
IsoView
100
AcDbLine
 10
-289.268049487
 20
-177.693579243
 30
0.000000000
 11
-289.268049487
 21
-550.016020146
 31
0.000000000
  0
LINE
  5
B14
330
A02
100
AcDbEntity
  8
IsoView
100
AcDbLine
 10
-317.552320734
 20
-161.363647624
 30
0.000000000
 11
-345.836591981
 21
-177.693579243
 31
0.000000000
  0
LINE
  5
B15
330
A02
100
AcDbEntity
  8
IsoView
100
AcDbLine
 10
-317.552320734
 20
-161.363647624
 30
0.000000000
 11
-289.268049487
 21
-177.693579243
 31
0.000000000
  0
LINE
  5
B16
330
A02
100
AcDbEntity
  8
IsoView
100
AcDbLine
 10
-317.552320734
 20
-566.345951764
 30
0.000000000
 11
-317.552320734
 21
-161.363647624
 31
0.000000000
  0
LWPOLYLINE
  5
B17
330
A02
100
AcDbEntity
100
AcDbPolyline
  8
IsoView
 90
3
 70
0
 43
0
 10
-303.410185110
 20
-189.124531375
 10
-306.147708002
 20
-185.099390792
 10
-305.410185110
 20
-182.394443437
  0
LWPOLYLINE
  5
B18
330
A02
100
AcDbEntity
100
AcDbPolyline
  8
IsoView
 90
4
 70
0
 43
0
 10
-305.410185110
 20
-182.394443437
 10
-301.432681982
 20
-184.665167759
 10
-301.334244461
 20
-189.275338629
 10
-301.410185110
 20
-189.322646667
  0
LWPOLYLINE
  5
B19
330
A02
100
AcDbEntity
100
AcDbPolyline
  8
IsoView
 90
2
 70
0
 43
0
 10
-301.410185110
 20
-189.322646667
 10
-303.410185110
 20
-189.124531375
  0
LWPOLYLINE
  5
B1A
330
A02
100
AcDbEntity
100
AcDbPolyline
  8
IsoView
 90
3
 70
0
 43
0
 10
-303.410185110
 20
-274.040175792
 10
-306.147708002
 20
-270.015035208
 10
-305.410185110
 20
-267.310087853
  0
LWPOLYLINE
  5
B1B
330
A02
100
AcDbEntity
100
AcDbPolyline
  8
IsoView
 90
4
 70
0
 43
0
 10
-305.410185110
 20
-267.310087853
 10
-301.432681982
 20
-269.580812175
 10
-301.334244461
 20
-274.190983046
 10
-301.410185110
 20
-274.238291083
  0
LWPOLYLINE
  5
B1C
330
A02
100
AcDbEntity
100
AcDbPolyline
  8
IsoView
 90
2
 70
0
 43
0
 10
-301.410185110
 20
-274.238291083
 10
-303.410185110
 20
-274.040175792
  0
LWPOLYLINE
  5
B1D
330
A02
100
AcDbEntity
100
AcDbPolyline
  8
IsoView
 90
2
 70
0
 43
0
 10
-303.410185110
 20
-336.093915942
 10
-301.410185110
 20
-336.292031234
  0
LWPOLYLINE
  5
B1E
330
A02
100
AcDbEntity
100
AcDbPolyline
  8
IsoView
 90
4
 70
0
 43
0
 10
-301.410185110
 20
-336.292031234
 10
-301.387938494
 20
-331.712050320
 10
-305.331244823
 20
-329.321715491
 10
-305.410185110
 20
-329.363828004
  0
LWPOLYLINE
  5
B1F
330
A02
100
AcDbEntity
100
AcDbPolyline
  8
IsoView
 90
3
 70
0
 43
0
 10
-305.410185110
 20
-329.363828004
 10
-305.432431727
 20
-333.943808917
 10
-303.410185110
 20
-336.093915942
  0
LWPOLYLINE
  5
B20
330
A02
100
AcDbEntity
100
AcDbPolyline
  8
IsoView
 90
3
 70
0
 43
0
 10
-303.410185110
 20
-376.918744989
 10
-306.147708002
 20
-372.893604405
 10
-305.410185110
 20
-370.188657050
  0
LWPOLYLINE
  5
B21
330
A02
100
AcDbEntity
100
AcDbPolyline
  8
IsoView
 90
4
 70
0
 43
0
 10
-305.410185110
 20
-370.188657050
 10
-301.432681982
 20
-372.459381372
 10
-301.334244461
 20
-377.069552242
 10
-301.410185110
 20
-377.116860280
  0
LWPOLYLINE
  5
B22
330
A02
100
AcDbEntity
100
AcDbPolyline
  8
IsoView
 90
2
 70
0
 43
0
 10
-301.410185110
 20
-377.116860280
 10
-303.410185110
 20
-376.918744989
  0
LWPOLYLINE
  5
B23
330
A02
100
AcDbEntity
100
AcDbPolyline
  8
IsoView
 90
3
 70
0
 43
0
 10
-303.410185110
 20
-483.063300509
 10
-306.147708002
 20
-479.038159926
 10
-305.410185110
 20
-476.333212571
  0
LWPOLYLINE
  5
B24
330
A02
100
AcDbEntity
100
AcDbPolyline
  8
IsoView
 90
4
 70
0
 43
0
 10
-305.410185110
 20
-476.333212571
 10
-301.432681982
 20
-478.603936893
 10
-301.334244461
 20
-483.214107763
 10
-301.410185110
 20
-483.261415801
  0
LWPOLYLINE
  5
B25
330
A02
100
AcDbEntity
100
AcDbPolyline
  8
IsoView
 90
2
 70
0
 43
0
 10
-301.410185110
 20
-483.261415801
 10
-303.410185110
 20
-483.063300509
  0
LWPOLYLINE
  5
B26
330
A02
100
AcDbEntity
100
AcDbPolyline
  8
IsoView
 90
2
 70
0
 43
0
 10
-306.238612235
 20
-559.813979117
 10
-305.410185110
 20
-557.982870663
  0
LWPOLYLINE
  5
B27
330
A02
100
AcDbEntity
100
AcDbPolyline
  8
IsoView
 90
2
 70
0
 43
0
 10
-305.410185110
 20
-557.982870663
 10
-303.410185110
 20
-558.180985955
  0
LWPOLYLINE
  5
B28
330
A02
100
AcDbEntity
100
AcDbPolyline
  8
IsoView
 90
2
 70
0
 43
0
 10
-303.410185110
 20
-417.743574035
 10
-301.410185110
 20
-417.941689327
  0
LWPOLYLINE
  5
B29
330
A02
100
AcDbEntity
100
AcDbPolyline
  8
IsoView
 90
4
 70
0
 43
0
 10
-301.410185110
 20
-417.941689327
 10
-301.387938494
 20
-413.361708413
 10
-305.331244823
 20
-410.971373584
 10
-305.410185110
 20
-411.013486096
  0
LWPOLYLINE
  5
B2A
330
A02
100
AcDbEntity
100
AcDbPolyline
  8
IsoView
 90
3
 70
0
 43
0
 10
-305.410185110
 20
-411.013486096
 10
-305.432431727
 20
-415.593467010
 10
-303.410185110
 20
-417.743574035
  0
LINE
  5
B2B
330
A02
100
AcDbEntity
  8
IsoView
100
AcDbLine
 10
-345.836591981
 20
-553.282006469
 30
0.000000000
 11
-345.836591981
 21
-177.693579243
 31
0.000000000
  0
LWPOLYLINE
  5
B2C
330
A02
100
AcDbEntity
100
AcDbPolyline
  8
IsoView
 90
3
 70
0
 43
0
 10
-331.694456358
 20
-264.242216821
 10
-334.431979249
 20
-268.267357405
 10
-333.694456358
 20
-270.972304760
  0
LWPOLYLINE
  5
B2D
330
A02
100
AcDbEntity
100
AcDbPolyline
  8
IsoView
 90
4
 70
0
 43
0
 10
-333.694456358
 20
-270.972304760
 10
-329.716953229
 20
-268.701580438
 10
-329.618515708
 20
-264.091409567
 10
-329.694456358
 20
-264.044101529
  0
LWPOLYLINE
  5
B2E
330
A02
100
AcDbEntity
100
AcDbPolyline
  8
IsoView
 90
2
 70
0
 43
0
 10
-329.694456358
 20
-264.044101529
 10
-331.694456358
 20
-264.242216821
  0
LWPOLYLINE
  5
B2F
330
A02
100
AcDbEntity
100
AcDbPolyline
  8
IsoView
 90
2
 70
0
 43
0
 10
-331.694456358
 20
-558.180985955
 10
-333.694456358
 20
-560.292271740
  0
LWPOLYLINE
  5
B30
330
A02
100
AcDbEntity
100
AcDbPolyline
  8
IsoView
 90
3
 70
0
 43
0
 10
-329.694456358
 20
-562.601672817
 10
-329.656089631
 20
-558.005888354
 10
-329.694456358
 20
-557.982870663
  0
LWPOLYLINE
  5
B31
330
A02
100
AcDbEntity
100
AcDbPolyline
  8
IsoView
 90
2
 70
0
 43
0
 10
-329.694456358
 20
-557.982870663
 10
-331.694456358
 20
-558.180985955
  0
LWPOLYLINE
  5
B32
330
A02
100
AcDbEntity
100
AcDbPolyline
  8
IsoView
 90
3
 70
0
 43
0
 10
-331.694456358
 20
-476.531327862
 10
-334.431979249
 20
-480.556468446
 10
-333.694456358
 20
-483.261415801
  0
LWPOLYLINE
  5
B33
330
A02
100
AcDbEntity
100
AcDbPolyline
  8
IsoView
 90
4
 70
0
 43
0
 10
-333.694456358
 20
-483.261415801
 10
-329.716953229
 20
-480.990691479
 10
-329.618515708
 20
-476.380520608
 10
-329.694456358
 20
-476.333212571
  0
LWPOLYLINE
  5
B34
330
A02
100
AcDbEntity
100
AcDbPolyline
  8
IsoView
 90
2
 70
0
 43
0
 10
-329.694456358
 20
-476.333212571
 10
-331.694456358
 20
-476.531327862
  0
LWPOLYLINE
  5
B35
330
A02
100
AcDbEntity
100
AcDbPolyline
  8
IsoView
 90
3
 70
0
 43
0
 10
-331.694456358
 20
-411.211601388
 10
-334.431979249
 20
-415.236741972
 10
-333.694456358
 20
-417.941689327
  0
LWPOLYLINE
  5
B36
330
A02
100
AcDbEntity
100
AcDbPolyline
  8
IsoView
 90
4
 70
0
 43
0
 10
-333.694456358
 20
-417.941689327
 10
-329.716953229
 20
-415.670965005
 10
-329.618515708
 20
-411.060794134
 10
-329.694456358
 20
-411.013486096
  0
LWPOLYLINE
  5
B37
330
A02
100
AcDbEntity
100
AcDbPolyline
  8
IsoView
 90
2
 70
0
 43
0
 10
-329.694456358
 20
-411.013486096
 10
-331.694456358
 20
-411.211601388
  0
LWPOLYLINE
  5
B38
330
A02
100
AcDbEntity
100
AcDbPolyline
  8
IsoView
 90
3
 70
0
 43
0
 10
-331.694456358
 20
-370.386772341
 10
-334.431979249
 20
-374.411912925
 10
-333.694456358
 20
-377.116860280
  0
LWPOLYLINE
  5
B39
330
A02
100
AcDbEntity
100
AcDbPolyline
  8
IsoView
 90
4
 70
0
 43
0
 10
-333.694456358
 20
-377.116860280
 10
-329.716953229
 20
-374.846135958
 10
-329.618515708
 20
-370.235965088
 10
-329.694456358
 20
-370.188657050
  0
LWPOLYLINE
  5
B3A
330
A02
100
AcDbEntity
100
AcDbPolyline
  8
IsoView
 90
2
 70
0
 43
0
 10
-329.694456358
 20
-370.188657050
 10
-331.694456358
 20
-370.386772341
  0
LWPOLYLINE
  5
B3B
330
A02
100
AcDbEntity
100
AcDbPolyline
  8
IsoView
 90
3
 70
0
 43
0
 10
-331.694456358
 20
-329.561943295
 10
-334.431979249
 20
-333.587083879
 10
-333.694456358
 20
-336.292031234
  0
LWPOLYLINE
  5
B3C
330
A02
100
AcDbEntity
100
AcDbPolyline
  8
IsoView
 90
4
 70
0
 43
0
 10
-333.694456358
 20
-336.292031234
 10
-329.716953229
 20
-334.021306912
 10
-329.618515708
 20
-329.411136042
 10
-329.694456358
 20
-329.363828004
  0
LWPOLYLINE
  5
B3D
330
A02
100
AcDbEntity
100
AcDbPolyline
  8
IsoView
 90
2
 70
0
 43
0
 10
-329.694456358
 20
-329.363828004
 10
-331.694456358
 20
-329.561943295
  0
LWPOLYLINE
  5
B3E
330
A02
100
AcDbEntity
100
AcDbPolyline
  8
IsoView
 90
3
 70
0
 43
0
 10
-331.694456358
 20
-182.592558728
 10
-334.431979249
 20
-186.617699312
 10
-333.694456358
 20
-189.322646667
  0
LWPOLYLINE
  5
B3F
330
A02
100
AcDbEntity
100
AcDbPolyline
  8
IsoView
 90
4
 70
0
 43
0
 10
-333.694456358
 20
-189.322646667
 10
-329.716953229
 20
-187.051922345
 10
-329.618515708
 20
-182.441751475
 10
-329.694456358
 20
-182.394443437
  0
LWPOLYLINE
  5
B40
330
A02
100
AcDbEntity
100
AcDbPolyline
  8
IsoView
 90
2
 70
0
 43
0
 10
-329.694456358
 20
-182.394443437
 10
-331.694456358
 20
-182.592558728
  0
LINE
  5
B41
330
A02
100
AcDbEntity
  8
IsoView
100
AcDbLine
 10
33.172642735
 20
11.733627533
 30
0.000000000
 11
-292.096476611
 21
-176.060586081
 31
0.000000000
  0
LINE
  5
B42
330
A02
100
AcDbEntity
  8
IsoView
100
AcDbLine
 10
-292.096476611
 20
-176.060586081
 30
0.000000000
 11
-320.380747859
 21
-159.730654462
 31
0.000000000
  0
LINE
  5
B43
330
A02
100
AcDbEntity
  8
IsoView
100
AcDbLine
 10
-320.380747859
 20
-159.730654462
 30
0.000000000
 11
33.172642735
 21
44.393490770
 31
0.000000000
  0
LWPOLYLINE
  5
B44
330
A02
100
AcDbEntity
100
AcDbPolyline
  8
IsoView
 90
2
 70
0
 43
0
 10
30.344215610
 20
26.430565989
 10
29.172642735
 20
28.063559151
  0
LWPOLYLINE
  5
B45
330
A02
100
AcDbEntity
100
AcDbPolyline
  8
IsoView
 90
3
 70
0
 43
0
 10
29.172642735
 20
28.063559151
 10
33.127899247
 20
30.372815743
 10
33.172642735
 20
30.372960228
  0
LWPOLYLINE
  5
B46
330
A02
100
AcDbEntity
100
AcDbPolyline
  8
IsoView
 90
2
 70
0
 43
0
 10
33.172642735
 20
25.754158075
 10
30.344215610
 20
26.430565989
  0
LWPOLYLINE
  5
B47
330
A02
100
AcDbEntity
100
AcDbPolyline
  8
IsoView
 90
2
 70
0
 43
0
 10
-43.194889634
 20
-16.027256219
 10
-44.366462509
 20
-14.394263057
  0
LWPOLYLINE
  5
B48
330
A02
100
AcDbEntity
100
AcDbPolyline
  8
IsoView
 90
4
 70
0
 43
0
 10
-44.366462509
 20
-14.394263057
 10
-40.411205997
 20
-12.085006465
 10
-36.369462147
 20
-14.304842506
 10
-36.366462509
 20
-14.394263057
  0
LWPOLYLINE
  5
B49
330
A02
100
AcDbEntity
100
AcDbPolyline
  8
IsoView
 90
3
 70
0
 43
0
 10
-36.366462509
 20
-14.394263057
 10
-40.321719021
 20
-16.703519649
 10
-43.194889634
 20
-16.027256219
  0
LWPOLYLINE
  5
B4A
330
A02
100
AcDbEntity
100
AcDbPolyline
  8
IsoView
 90
3
 70
0
 43
0
 10
-96.935005004
 20
-47.054126294
 10
-92.080369559
 20
-47.412320370
 10
-90.106577879
 20
-45.421133132
  0
LWPOLYLINE
  5
B4B
330
A02
100
AcDbEntity
100
AcDbPolyline
  8
IsoView
 90
4
 70
0
 43
0
 10
-90.106577879
 20
-45.421133132
 10
-94.061834391
 20
-43.111876540
 10
-98.103578241
 20
-45.331712582
 10
-98.106577879
 20
-45.421133132
  0
LWPOLYLINE
  5
B4C
330
A02
100
AcDbEntity
100
AcDbPolyline
  8
IsoView
 90
2
 70
0
 43
0
 10
-98.106577879
 20
-45.421133132
 10
-96.935005004
 20
-47.054126294
  0
LWPOLYLINE
  5
B4D
330
A02
100
AcDbEntity
100
AcDbPolyline
  8
IsoView
 90
2
 70
0
 43
0
 10
-132.290344063
 20
-67.466540817
 10
-133.461916938
 20
-65.833547655
  0
LWPOLYLINE
  5
B4E
330
A02
100
AcDbEntity
100
AcDbPolyline
  8
IsoView
 90
4
 70
0
 43
0
 10
-133.461916938
 20
-65.833547655
 10
-129.506660426
 20
-63.524291064
 10
-125.464916576
 20
-65.744127105
 10
-125.461916938
 20
-65.833547655
  0
LWPOLYLINE
  5
B4F
330
A02
100
AcDbEntity
100
AcDbPolyline
  8
IsoView
 90
3
 70
0
 43
0
 10
-125.461916938
 20
-65.833547655
 10
-129.417173450
 20
-68.142804247
 10
-132.290344063
 20
-67.466540817
  0
LWPOLYLINE
  5
B50
330
A02
100
AcDbEntity
100
AcDbPolyline
  8
IsoView
 90
2
 70
0
 43
0
 10
-224.214225617
 20
-120.538818578
 10
-225.385798493
 20
-118.905825416
  0
LWPOLYLINE
  5
B51
330
A02
100
AcDbEntity
100
AcDbPolyline
  8
IsoView
 90
4
 70
0
 43
0
 10
-225.385798493
 20
-118.905825416
 10
-221.430541981
 20
-116.596568824
 10
-217.388798130
 20
-118.816404865
 10
-217.385798493
 20
-118.905825416
  0
LWPOLYLINE
  5
B52
330
A02
100
AcDbEntity
100
AcDbPolyline
  8
IsoView
 90
3
 70
0
 43
0
 10
-217.385798493
 20
-118.905825416
 10
-221.341055005
 20
-121.215082008
 10
-224.214225617
 20
-120.538818578
  0
LWPOLYLINE
  5
B53
330
A02
100
AcDbEntity
100
AcDbPolyline
  8
IsoView
 90
2
 70
0
 43
0
 10
-294.924903736
 20
-161.363647624
 10
-296.096476611
 20
-159.730654462
  0
LWPOLYLINE
  5
B54
330
A02
100
AcDbEntity
100
AcDbPolyline
  8
IsoView
 90
4
 70
0
 43
0
 10
-296.096476611
 20
-159.730654462
 10
-292.141220099
 20
-157.421397870
 10
-288.099476249
 20
-159.641233911
 10
-288.096476611
 20
-159.730654462
  0
LWPOLYLINE
  5
B55
330
A02
100
AcDbEntity
100
AcDbPolyline
  8
IsoView
 90
3
 70
0
 43
0
 10
-288.096476611
 20
-159.730654462
 10
-292.051733123
 20
-162.039911054
 10
-294.924903736
 20
-161.363647624
  0
LWPOLYLINE
  5
B56
330
A02
100
AcDbEntity
100
AcDbPolyline
  8
IsoView
 90
3
 70
0
 43
0
 10
-167.645683122
 20
-87.878955340
 10
-162.791047677
 20
-88.237149416
 10
-160.817255998
 20
-86.245962179
  0
LWPOLYLINE
  5
B57
330
A02
100
AcDbEntity
100
AcDbPolyline
  8
IsoView
 90
4
 70
0
 43
0
 10
-160.817255998
 20
-86.245962179
 10
-164.772512510
 20
-83.936705587
 10
-168.814256360
 20
-86.156541628
 10
-168.817255998
 20
-86.245962179
  0
LWPOLYLINE
  5
B58
330
A02
100
AcDbEntity
100
AcDbPolyline
  8
IsoView
 90
2
 70
0
 43
0
 10
-168.817255998
 20
-86.245962179
 10
-167.645683122
 20
-87.878955340
  0
LINE
  5
B59
330
A02
100
AcDbEntity
  8
IsoView
100
AcDbLine
 10
-320.380747859
 20
-127.070791225
 30
0.000000000
 11
4.888371487
 21
60.723422388
 31
0.000000000
  0
LINE
  5
B5A
330
A02
100
AcDbEntity
  8
IsoView
100
AcDbLine
 10
-320.380747859
 20
-159.730654462
 30
0.000000000
 11
-320.380747859
 21
-127.070791225
 31
0.000000000
  0
LWPOLYLINE
  5
B5B
330
A02
100
AcDbEntity
100
AcDbPolyline
  8
IsoView
 90
2
 70
0
 43
0
 10
-48.851743883
 20
13.366620695
 10
-49.680171008
 20
15.197729148
  0
LWPOLYLINE
  5
B5C
330
A02
100
AcDbEntity
100
AcDbPolyline
  8
IsoView
 90
4
 70
0
 43
0
 10
-49.680171008
 20
15.197729148
 10
-53.657674136
 20
12.927004826
 10
-53.756111657
 20
8.316833955
 10
-53.680171008
 20
8.269525918
  0
LWPOLYLINE
  5
B5D
330
A02
100
AcDbEntity
100
AcDbPolyline
  8
IsoView
 90
3
 70
0
 43
0
 10
-53.680171008
 20
8.269525918
 10
-49.702667879
 20
10.540250240
 10
-48.851743883
 20
13.366620695
  0
LWPOLYLINE
  5
B5E
330
A02
100
AcDbEntity
100
AcDbPolyline
  8
IsoView
 90
2
 70
0
 43
0
 10
-303.410185110
 20
-133.602763872
 10
-304.238612235
 20
-131.771655419
  0
LWPOLYLINE
  5
B5F
330
A02
100
AcDbEntity
100
AcDbPolyline
  8
IsoView
 90
4
 70
0
 43
0
 10
-304.238612235
 20
-131.771655419
 10
-308.216115363
 20
-134.042379741
 10
-308.314552885
 20
-138.652550612
 10
-308.238612235
 20
-138.699858649
  0
LWPOLYLINE
  5
B60
330
A02
100
AcDbEntity
100
AcDbPolyline
  8
IsoView
 90
3
 70
0
 43
0
 10
-308.238612235
 20
-138.699858649
 10
-304.261109107
 20
-136.429134327
 10
-303.410185110
 20
-133.602763872
  0
LWPOLYLINE
  5
B61
330
A02
100
AcDbEntity
100
AcDbPolyline
  8
IsoView
 90
2
 70
0
 43
0
 10
-232.699506992
 20
-92.777934826
 10
-233.527934116
 20
-90.946826373
  0
LWPOLYLINE
  5
B62
330
A02
100
AcDbEntity
100
AcDbPolyline
  8
IsoView
 90
4
 70
0
 43
0
 10
-233.527934116
 20
-90.946826373
 10
-237.505437245
 20
-93.217550695
 10
-237.603874766
 20
-97.827721565
 10
-237.527934116
 20
-97.875029603
  0
LWPOLYLINE
  5
B63
330
A02
100
AcDbEntity
100
AcDbPolyline
  8
IsoView
 90
3
 70
0
 43
0
 10
-237.527934116
 20
-97.875029603
 10
-233.550430988
 20
-95.604305281
 10
-232.699506992
 20
-92.777934826
  0
LWPOLYLINE
  5
B64
330
A02
100
AcDbEntity
100
AcDbPolyline
  8
IsoView
 90
2
 70
0
 43
0
 10
-176.130964497
 20
-60.118071589
 10
-176.959391621
 20
-58.286963136
  0
LWPOLYLINE
  5
B65
330
A02
100
AcDbEntity
100
AcDbPolyline
  8
IsoView
 90
4
 70
0
 43
0
 10
-176.959391621
 20
-58.286963136
 10
-180.936894750
 20
-60.557687458
 10
-181.035332271
 20
-65.167858328
 10
-180.959391621
 20
-65.215166366
  0
LWPOLYLINE
  5
B66
330
A02
100
AcDbEntity
100
AcDbPolyline
  8
IsoView
 90
3
 70
0
 43
0
 10
-180.959391621
 20
-65.215166366
 10
-176.981888493
 20
-62.944442044
 10
-176.130964497
 20
-60.118071589
  0
LWPOLYLINE
  5
B67
330
A02
100
AcDbEntity
100
AcDbPolyline
  8
IsoView
 90
2
 70
0
 43
0
 10
-140.775625437
 20
-39.705657066
 10
-141.604052562
 20
-37.874548612
  0
LWPOLYLINE
  5
B68
330
A02
100
AcDbEntity
100
AcDbPolyline
  8
IsoView
 90
4
 70
0
 43
0
 10
-141.604052562
 20
-37.874548612
 10
-145.581555691
 20
-40.145272934
 10
-145.679993212
 20
-44.755443805
 10
-145.604052562
 20
-44.802751843
  0
LWPOLYLINE
  5
B69
330
A02
100
AcDbEntity
100
AcDbPolyline
  8
IsoView
 90
3
 70
0
 43
0
 10
-145.604052562
 20
-44.802751843
 10
-141.626549434
 20
-42.532027521
 10
-140.775625437
 20
-39.705657066
  0
LWPOLYLINE
  5
B6A
330
A02
100
AcDbEntity
100
AcDbPolyline
  8
IsoView
 90
2
 70
0
 43
0
 10
-105.420286378
 20
-19.293242543
 10
-106.248713503
 20
-17.462134089
  0
LWPOLYLINE
  5
B6B
330
A02
100
AcDbEntity
100
AcDbPolyline
  8
IsoView
 90
4
 70
0
 43
0
 10
-106.248713503
 20
-17.462134089
 10
-110.226216631
 20
-19.732858411
 10
-110.324654152
 20
-24.343029282
 10
-110.248713503
 20
-24.390337320
  0
LWPOLYLINE
  5
B6C
330
A02
100
AcDbEntity
100
AcDbPolyline
  8
IsoView
 90
3
 70
0
 43
0
 10
-110.248713503
 20
-24.390337320
 10
-106.271210374
 20
-22.119612997
 10
-105.420286378
 20
-19.293242543
  0
LWPOLYLINE
  5
B6D
330
A02
100
AcDbEntity
100
AcDbPolyline
  8
IsoView
 90
3
 70
0
 43
0
 10
17.030507111
 20
53.713157117
 10
16.992140384
 20
49.117372655
 10
17.030507111
 20
49.094354964
  0
LWPOLYLINE
  5
B6E
330
A02
100
AcDbEntity
100
AcDbPolyline
  8
IsoView
 90
3
 70
0
 43
0
 10
17.030507111
 20
49.094354964
 10
21.008010239
 20
51.365079286
 10
21.030507111
 20
51.403756041
  0
LINE
  5
B6F
330
A02
100
AcDbEntity
  8
IsoView
100
AcDbLine
 10
330.157490833
 20
-567.978944926
 30
0.000000000
 11
330.157490833
 21
-943.567372153
 31
0.000000000
  0
LINE
  5
B70
330
A02
100
AcDbEntity
  8
IsoView
100
AcDbLine
 10
358.441762080
 20
-584.308876545
 30
0.000000000
 11
358.441762080
 21
-959.897303771
 31
0.000000000
  0
LWPOLYLINE
  5
B71
330
A02
100
AcDbEntity
100
AcDbPolyline
  8
IsoView
 90
3
 70
0
 43
0
 10
346.299626457
 20
-577.298611274
 10
342.338743725
 20
-579.629730065
 10
342.299626457
 20
-579.608012350
  0
LWPOLYLINE
  5
B72
330
A02
100
AcDbEntity
100
AcDbPolyline
  8
IsoView
 90
3
 70
0
 43
0
 10
342.299626457
 20
-579.608012350
 10
342.277379840
 20
-575.028031437
 10
342.299626457
 20
-574.989210197
  0
LWPOLYLINE
  5
B73
330
A02
100
AcDbEntity
100
AcDbPolyline
  8
IsoView
 90
2
 70
0
 43
0
 10
344.299626457
 20
-654.527582504
 10
346.299626457
 20
-654.329467213
  0
LWPOLYLINE
  5
B74
330
A02
100
AcDbEntity
100
AcDbPolyline
  8
IsoView
 90
4
 70
0
 43
0
 10
346.299626457
 20
-654.329467213
 10
346.321873073
 20
-658.909448127
 10
342.378566744
 20
-661.299782956
 10
342.299626457
 20
-661.257670443
  0
LWPOLYLINE
  5
B75
330
A02
100
AcDbEntity
100
AcDbPolyline
  8
IsoView
 90
3
 70
0
 43
0
 10
342.299626457
 20
-661.257670443
 10
342.277379840
 20
-656.677689529
 10
344.299626457
 20
-654.527582504
  0
LWPOLYLINE
  5
B76
330
A02
100
AcDbEntity
100
AcDbPolyline
  8
IsoView
 90
2
 70
0
 43
0
 10
344.299626457
 20
-719.847308979
 10
346.299626457
 20
-719.649193687
  0
LWPOLYLINE
  5
B77
330
A02
100
AcDbEntity
100
AcDbPolyline
  8
IsoView
 90
4
 70
0
 43
0
 10
346.299626457
 20
-719.649193687
 10
346.321873073
 20
-724.229174601
 10
342.378566744
 20
-726.619509430
 10
342.299626457
 20
-726.577396917
  0
LWPOLYLINE
  5
B78
330
A02
100
AcDbEntity
100
AcDbPolyline
  8
IsoView
 90
3
 70
0
 43
0
 10
342.299626457
 20
-726.577396917
 10
342.277379840
 20
-721.997416004
 10
344.299626457
 20
-719.847308979
  0
LWPOLYLINE
  5
B79
330
A02
100
AcDbEntity
100
AcDbPolyline
  8
IsoView
 90
2
 70
0
 43
0
 10
344.299626457
 20
-760.672138025
 10
346.299626457
 20
-760.474022733
  0
LWPOLYLINE
  5
B7A
330
A02
100
AcDbEntity
100
AcDbPolyline
  8
IsoView
 90
4
 70
0
 43
0
 10
346.299626457
 20
-760.474022733
 10
346.321873073
 20
-765.054003647
 10
342.378566744
 20
-767.444338477
 10
342.299626457
 20
-767.402225964
  0
LWPOLYLINE
  5
B7B
330
A02
100
AcDbEntity
100
AcDbPolyline
  8
IsoView
 90
3
 70
0
 43
0
 10
342.299626457
 20
-767.402225964
 10
342.277379840
 20
-762.822245050
 10
344.299626457
 20
-760.672138025
  0
LWPOLYLINE
  5
B7C
330
A02
100
AcDbEntity
100
AcDbPolyline
  8
IsoView
 90
2
 70
0
 43
0
 10
344.299626457
 20
-801.496967071
 10
346.299626457
 20
-801.298851780
  0
LWPOLYLINE
  5
B7D
330
A02
100
AcDbEntity
100
AcDbPolyline
  8
IsoView
 90
4
 70
0
 43
0
 10
346.299626457
 20
-801.298851780
 10
346.321873073
 20
-805.878832694
 10
342.378566744
 20
-808.269167523
 10
342.299626457
 20
-808.227055010
  0
LWPOLYLINE
  5
B7E
330
A02
100
AcDbEntity
100
AcDbPolyline
  8
IsoView
 90
3
 70
0
 43
0
 10
342.299626457
 20
-808.227055010
 10
342.277379840
 20
-803.647074096
 10
344.299626457
 20
-801.496967071
  0
LWPOLYLINE
  5
B7F
330
A02
100
AcDbEntity
100
AcDbPolyline
  8
IsoView
 90
2
 70
0
 43
0
 10
344.299626457
 20
-866.816693546
 10
346.299626457
 20
-866.618578254
  0
LWPOLYLINE
  5
B80
330
A02
100
AcDbEntity
100
AcDbPolyline
  8
IsoView
 90
4
 70
0
 43
0
 10
346.299626457
 20
-866.618578254
 10
346.321873073
 20
-871.198559168
 10
342.378566744
 20
-873.588893997
 10
342.299626457
 20
-873.546781484
  0
LWPOLYLINE
  5
B81
330
A02
100
AcDbEntity
100
AcDbPolyline
  8
IsoView
 90
3
 70
0
 43
0
 10
342.299626457
 20
-873.546781484
 10
342.277379840
 20
-868.966800571
 10
344.299626457
 20
-866.816693546
  0
LWPOLYLINE
  5
B82
330
A02
100
AcDbEntity
100
AcDbPolyline
  8
IsoView
 90
2
 70
0
 43
0
 10
344.299626457
 20
-948.466351638
 10
346.299626457
 20
-948.268236347
  0
LWPOLYLINE
  5
B83
330
A02
100
AcDbEntity
100
AcDbPolyline
  8
IsoView
 90
3
 70
0
 43
0
 10
346.299626457
 20
-948.268236347
 10
346.321873073
 20
-952.848217261
 10
346.299626457
 20
-952.887038500
  0
LWPOLYLINE
  5
B84
330
A02
100
AcDbEntity
100
AcDbPolyline
  8
IsoView
 90
2
 70
0
 43
0
 10
342.299626457
 20
-950.577637424
 10
344.299626457
 20
-948.466351638
  0
LINE
  5
B85
330
A02
100
AcDbEntity
  8
IsoView
100
AcDbLine
 10
386.726033328
 20
-943.567372153
 30
0.000000000
 11
386.726033328
 21
-600.638808163
 31
0.000000000
  0
LWPOLYLINE
  5
B86
330
A02
100
AcDbEntity
100
AcDbPolyline
  8
IsoView
 90
3
 70
0
 43
0
 10
372.583897704
 20
-726.379281626
 10
369.846374813
 20
-722.354141042
 10
370.583897704
 20
-719.649193687
  0
LWPOLYLINE
  5
B87
330
A02
100
AcDbEntity
100
AcDbPolyline
  8
IsoView
 90
4
 70
0
 43
0
 10
370.583897704
 20
-719.649193687
 10
374.561400832
 20
-721.919918009
 10
374.659838354
 20
-726.530088879
 10
374.583897704
 20
-726.577396917
  0
LWPOLYLINE
  5
B88
330
A02
100
AcDbEntity
100
AcDbPolyline
  8
IsoView
 90
2
 70
0
 43
0
 10
374.583897704
 20
-726.577396917
 10
372.583897704
 20
-726.379281626
  0
LWPOLYLINE
  5
B89
330
A02
100
AcDbEntity
100
AcDbPolyline
  8
IsoView
 90
2
 70
0
 43
0
 10
372.583897704
 20
-664.325541475
 10
374.583897704
 20
-664.523656767
  0
LWPOLYLINE
  5
B8A
330
A02
100
AcDbEntity
100
AcDbPolyline
  8
IsoView
 90
4
 70
0
 43
0
 10
374.583897704
 20
-664.523656767
 10
374.606144320
 20
-659.943675853
 10
370.662837991
 20
-657.553341024
 10
370.583897704
 20
-657.595453537
  0
LWPOLYLINE
  5
B8B
330
A02
100
AcDbEntity
100
AcDbPolyline
  8
IsoView
 90
3
 70
0
 43
0
 10
370.583897704
 20
-657.595453537
 10
370.561651088
 20
-662.175434450
 10
372.583897704
 20
-664.325541475
  0
LWPOLYLINE
  5
B8C
330
A02
100
AcDbEntity
100
AcDbPolyline
  8
IsoView
 90
3
 70
0
 43
0
 10
372.583897704
 20
-808.028939719
 10
369.846374813
 20
-804.003799135
 10
370.583897704
 20
-801.298851780
  0
LWPOLYLINE
  5
B8D
330
A02
100
AcDbEntity
100
AcDbPolyline
  8
IsoView
 90
4
 70
0
 43
0
 10
370.583897704
 20
-801.298851780
 10
374.561400832
 20
-803.569576102
 10
374.659838354
 20
-808.179746972
 10
374.583897704
 20
-808.227055010
  0
LWPOLYLINE
  5
B8E
330
A02
100
AcDbEntity
100
AcDbPolyline
  8
IsoView
 90
2
 70
0
 43
0
 10
374.583897704
 20
-808.227055010
 10
372.583897704
 20
-808.028939719
  0
LWPOLYLINE
  5
B8F
330
A02
100
AcDbEntity
100
AcDbPolyline
  8
IsoView
 90
2
 70
0
 43
0
 10
372.583897704
 20
-767.204110672
 10
374.583897704
 20
-767.402225964
  0
LWPOLYLINE
  5
B90
330
A02
100
AcDbEntity
100
AcDbPolyline
  8
IsoView
 90
4
 70
0
 43
0
 10
374.583897704
 20
-767.402225964
 10
374.606144320
 20
-762.822245050
 10
370.662837991
 20
-760.431910221
 10
370.583897704
 20
-760.474022733
  0
LWPOLYLINE
  5
B91
330
A02
100
AcDbEntity
100
AcDbPolyline
  8
IsoView
 90
3
 70
0
 43
0
 10
370.583897704
 20
-760.474022733
 10
370.561651088
 20
-765.054003647
 10
372.583897704
 20
-767.204110672
  0
LWPOLYLINE
  5
B92
330
A02
100
AcDbEntity
100
AcDbPolyline
  8
IsoView
 90
2
 70
0
 43
0
 10
372.583897704
 20
-873.348666193
 10
374.583897704
 20
-873.546781484
  0
LWPOLYLINE
  5
B93
330
A02
100
AcDbEntity
100
AcDbPolyline
  8
IsoView
 90
4
 70
0
 43
0
 10
374.583897704
 20
-873.546781484
 10
374.606144320
 20
-868.966800571
 10
370.662837991
 20
-866.576465741
 10
370.583897704
 20
-866.618578254
  0
LWPOLYLINE
  5
B94
330
A02
100
AcDbEntity
100
AcDbPolyline
  8
IsoView
 90
3
 70
0
 43
0
 10
370.583897704
 20
-866.618578254
 10
370.561651088
 20
-871.198559168
 10
372.583897704
 20
-873.348666193
  0
LWPOLYLINE
  5
B95
330
A02
100
AcDbEntity
100
AcDbPolyline
  8
IsoView
 90
3
 70
0
 43
0
 10
374.583897704
 20
-950.577637424
 10
370.623014972
 20
-948.246518632
 10
370.583897704
 20
-948.268236347
  0
LWPOLYLINE
  5
B96
330
A02
100
AcDbEntity
100
AcDbPolyline
  8
IsoView
 90
3
 70
0
 43
0
 10
370.583897704
 20
-948.268236347
 10
370.561651088
 20
-952.848217261
 10
370.583897704
 20
-952.887038500
  0
LINE
  5
B97
330
A02
100
AcDbEntity
  8
IsoView
100
AcDbLine
 10
683.710881426
 20
-331.194936457
 30
0.000000000
 11
358.441762080
 21
-518.989150070
 31
0.000000000
  0
LINE
  5
B98
330
A02
100
AcDbEntity
  8
IsoView
100
AcDbLine
 10
711.995152674
 20
-347.524868075
 30
0.000000000
 11
386.726033328
 21
-535.319081689
 31
0.000000000
  0
LWPOLYLINE
  5
B99
330
A02
100
AcDbEntity
100
AcDbPolyline
  8
IsoView
 90
3
 70
0
 43
0
 10
699.853017050
 20
-340.514602805
 10
695.892134318
 20
-342.845721596
 10
695.853017050
 20
-342.824003881
  0
LWPOLYLINE
  5
B9A
330
A02
100
AcDbEntity
100
AcDbPolyline
  8
IsoView
 90
3
 70
0
 43
0
 10
695.853017050
 20
-342.824003881
 10
695.830770434
 20
-338.244022967
 10
695.853017050
 20
-338.205201728
  0
LWPOLYLINE
  5
B9B
330
A02
100
AcDbEntity
100
AcDbPolyline
  8
IsoView
 90
3
 70
0
 43
0
 10
629.970766056
 20
-378.551738151
 10
627.853653502
 20
-382.935072810
 10
625.142338931
 20
-383.648832928
  0
LWPOLYLINE
  5
B9C
330
A02
100
AcDbEntity
100
AcDbPolyline
  8
IsoView
 90
4
 70
0
 43
0
 10
625.142338931
 20
-383.648832928
 10
625.120092315
 20
-379.068852014
 10
629.063398644
 20
-376.678517185
 10
629.142338931
 20
-376.720629697
  0
LWPOLYLINE
  5
B9D
330
A02
100
AcDbEntity
100
AcDbPolyline
  8
IsoView
 90
2
 70
0
 43
0
 10
629.142338931
 20
-376.720629697
 10
629.970766056
 20
-378.551738151
  0
LWPOLYLINE
  5
B9E
330
A02
100
AcDbEntity
100
AcDbPolyline
  8
IsoView
 90
3
 70
0
 43
0
 10
573.402223561
 20
-411.211601388
 10
571.285111007
 20
-415.594936047
 10
568.573796436
 20
-416.308696165
  0
LWPOLYLINE
  5
B9F
330
A02
100
AcDbEntity
100
AcDbPolyline
  8
IsoView
 90
4
 70
0
 43
0
 10
568.573796436
 20
-416.308696165
 10
568.551549820
 20
-411.728715251
 10
572.494856149
 20
-409.338380422
 10
572.573796436
 20
-409.380492935
  0
LWPOLYLINE
  5
BA0
330
A02
100
AcDbEntity
100
AcDbPolyline
  8
IsoView
 90
2
 70
0
 43
0
 10
572.573796436
 20
-409.380492935
 10
573.402223561
 20
-411.211601388
  0
LWPOLYLINE
  5
BA1
330
A02
100
AcDbEntity
100
AcDbPolyline
  8
IsoView
 90
3
 70
0
 43
0
 10
538.046884502
 20
-431.624015911
 10
535.929771948
 20
-436.007350570
 10
533.218457377
 20
-436.721110688
  0
LWPOLYLINE
  5
BA2
330
A02
100
AcDbEntity
100
AcDbPolyline
  8
IsoView
 90
4
 70
0
 43
0
 10
533.218457377
 20
-436.721110688
 10
533.196210761
 20
-432.141129774
 10
537.139517090
 20
-429.750794945
 10
537.218457377
 20
-429.792907458
  0
LWPOLYLINE
  5
BA3
330
A02
100
AcDbEntity
100
AcDbPolyline
  8
IsoView
 90
2
 70
0
 43
0
 10
537.218457377
 20
-429.792907458
 10
538.046884502
 20
-431.624015911
  0
LWPOLYLINE
  5
BA4
330
A02
100
AcDbEntity
100
AcDbPolyline
  8
IsoView
 90
3
 70
0
 43
0
 10
502.691545442
 20
-452.036430434
 10
500.574432889
 20
-456.419765094
 10
497.863118318
 20
-457.133525211
  0
LWPOLYLINE
  5
BA5
330
A02
100
AcDbEntity
100
AcDbPolyline
  8
IsoView
 90
4
 70
0
 43
0
 10
497.863118318
 20
-457.133525211
 10
497.840871701
 20
-452.553544297
 10
501.784178030
 20
-450.163209468
 10
501.863118318
 20
-450.205321981
  0
LWPOLYLINE
  5
BA6
330
A02
100
AcDbEntity
100
AcDbPolyline
  8
IsoView
 90
2
 70
0
 43
0
 10
501.863118318
 20
-450.205321981
 10
502.691545442
 20
-452.036430434
  0
LWPOLYLINE
  5
BA7
330
A02
100
AcDbEntity
100
AcDbPolyline
  8
IsoView
 90
3
 70
0
 43
0
 10
446.123002947
 20
-484.696293671
 10
444.005890394
 20
-489.079628331
 10
441.294575823
 20
-489.793388448
  0
LWPOLYLINE
  5
BA8
330
A02
100
AcDbEntity
100
AcDbPolyline
  8
IsoView
 90
4
 70
0
 43
0
 10
441.294575823
 20
-489.793388448
 10
441.272329206
 20
-485.213407534
 10
445.215635535
 20
-482.823072705
 10
445.294575823
 20
-482.865185218
  0
LWPOLYLINE
  5
BA9
330
A02
100
AcDbEntity
100
AcDbPolyline
  8
IsoView
 90
2
 70
0
 43
0
 10
445.294575823
 20
-482.865185218
 10
446.123002947
 20
-484.696293671
  0
LWPOLYLINE
  5
BAA
330
A02
100
AcDbEntity
100
AcDbPolyline
  8
IsoView
 90
2
 70
0
 43
0
 10
375.412324829
 20
-525.521122718
 10
374.583897704
 20
-528.308816418
  0
LWPOLYLINE
  5
BAB
330
A02
100
AcDbEntity
100
AcDbPolyline
  8
IsoView
 90
3
 70
0
 43
0
 10
370.583897704
 20
-525.999415341
 10
374.544780436
 20
-523.668296550
 10
374.583897704
 20
-523.690014264
  0
LWPOLYLINE
  5
BAC
330
A02
100
AcDbEntity
100
AcDbPolyline
  8
IsoView
 90
2
 70
0
 43
0
 10
374.583897704
 20
-523.690014264
 10
375.412324829
 20
-525.521122718
  0
LINE
  5
BAD
330
A02
100
AcDbEntity
  8
IsoView
100
AcDbLine
 10
415.010304575
 20
-551.649013307
 30
0.000000000
 11
711.995152674
 21
-380.184731313
 31
0.000000000
  0
LWPOLYLINE
  5
BAE
330
A02
100
AcDbEntity
100
AcDbPolyline
  8
IsoView
 90
2
 70
0
 43
0
 10
581.887504935
 20
-438.972485139
 10
580.715932060
 20
-437.339491978
  0
LWPOLYLINE
  5
BAF
330
A02
100
AcDbEntity
100
AcDbPolyline
  8
IsoView
 90
4
 70
0
 43
0
 10
580.715932060
 20
-437.339491978
 10
584.671188572
 20
-435.030235386
 10
588.712932422
 20
-437.250071427
 10
588.715932060
 20
-437.339491978
  0
LWPOLYLINE
  5
BB0
330
A02
100
AcDbEntity
100
AcDbPolyline
  8
IsoView
 90
3
 70
0
 43
0
 10
588.715932060
 20
-437.339491978
 10
584.760675548
 20
-439.648748569
 10
581.887504935
 20
-438.972485139
  0
LWPOLYLINE
  5
BB1
330
A02
100
AcDbEntity
100
AcDbPolyline
  8
IsoView
 90
2
 70
0
 43
0
 10
709.166725549
 20
-365.487792856
 10
711.995152674
 20
-366.164200771
  0
LWPOLYLINE
  5
BB2
330
A02
100
AcDbEntity
100
AcDbPolyline
  8
IsoView
 90
3
 70
0
 43
0
 10
711.995152674
 20
-361.545398617
 10
707.995903215
 20
-363.810064289
 10
707.995152674
 20
-363.854799694
  0
LWPOLYLINE
  5
BB3
330
A02
100
AcDbEntity
100
AcDbPolyline
  8
IsoView
 90
2
 70
0
 43
0
 10
707.995152674
 20
-363.854799694
 10
709.166725549
 20
-365.487792856
  0
LWPOLYLINE
  5
BB4
330
A02
100
AcDbEntity
100
AcDbPolyline
  8
IsoView
 90
3
 70
0
 43
0
 10
635.627620305
 20
-407.945615064
 10
640.482255751
 20
-408.303809140
 10
642.456047430
 20
-406.312621902
  0
LWPOLYLINE
  5
BB5
330
A02
100
AcDbEntity
100
AcDbPolyline
  8
IsoView
 90
4
 70
0
 43
0
 10
642.456047430
 20
-406.312621902
 10
638.500790918
 20
-404.003365310
 10
634.459047068
 20
-406.223201352
 10
634.456047430
 20
-406.312621902
  0
LWPOLYLINE
  5
BB6
330
A02
100
AcDbEntity
100
AcDbPolyline
  8
IsoView
 90
2
 70
0
 43
0
 10
634.456047430
 20
-406.312621902
 10
635.627620305
 20
-407.945615064
  0
LWPOLYLINE
  5
BB7
330
A02
100
AcDbEntity
100
AcDbPolyline
  8
IsoView
 90
2
 70
0
 43
0
 10
511.176826817
 20
-479.797314186
 10
510.005253941
 20
-478.164321024
  0
LWPOLYLINE
  5
BB8
330
A02
100
AcDbEntity
100
AcDbPolyline
  8
IsoView
 90
4
 70
0
 43
0
 10
510.005253941
 20
-478.164321024
 10
513.960510453
 20
-475.855064432
 10
518.002254304
 20
-478.074900473
 10
518.005253941
 20
-478.164321024
  0
LWPOLYLINE
  5
BB9
330
A02
100
AcDbEntity
100
AcDbPolyline
  8
IsoView
 90
3
 70
0
 43
0
 10
518.005253941
 20
-478.164321024
 10
514.049997429
 20
-480.473577616
 10
511.176826817
 20
-479.797314186
  0
LWPOLYLINE
  5
BBA
330
A02
100
AcDbEntity
100
AcDbPolyline
  8
IsoView
 90
3
 70
0
 43
0
 10
546.532165876
 20
-459.384899663
 10
551.386801321
 20
-459.743093738
 10
553.360593001
 20
-457.751906501
  0
LWPOLYLINE
  5
BBB
330
A02
100
AcDbEntity
100
AcDbPolyline
  8
IsoView
 90
4
 70
0
 43
0
 10
553.360593001
 20
-457.751906501
 10
549.405336489
 20
-455.442649909
 10
545.363592638
 20
-457.662485950
 10
545.360593001
 20
-457.751906501
  0
LWPOLYLINE
  5
BBC
330
A02
100
AcDbEntity
100
AcDbPolyline
  8
IsoView
 90
2
 70
0
 43
0
 10
545.360593001
 20
-457.751906501
 10
546.532165876
 20
-459.384899663
  0
LWPOLYLINE
  5
BBD
330
A02
100
AcDbEntity
100
AcDbPolyline
  8
IsoView
 90
3
 70
0
 43
0
 10
454.608284322
 20
-512.457177423
 10
459.462919767
 20
-512.815371498
 10
461.436711446
 20
-510.824184261
  0
LWPOLYLINE
  5
BBE
330
A02
100
AcDbEntity
100
AcDbPolyline
  8
IsoView
 90
4
 70
0
 43
0
 10
461.436711446
 20
-510.824184261
 10
457.481454934
 20
-508.514927669
 10
453.439711084
 20
-510.734763710
 10
453.436711446
 20
-510.824184261
  0
LWPOLYLINE
  5
BBF
330
A02
100
AcDbEntity
100
AcDbPolyline
  8
IsoView
 90
2
 70
0
 43
0
 10
453.436711446
 20
-510.824184261
 10
454.608284322
 20
-512.457177423
  0
LINE
  5
BC0
330
A02
100
AcDbEntity
  8
IsoView
100
AcDbLine
 10
89.741185229
 20
-363.854799694
 30
0.000000000
 11
89.741185229
 21
44.393490770
 31
0.000000000
  0
LINE
  5
BC1
330
A02
100
AcDbEntity
  8
IsoView
100
AcDbLine
 10
61.456913982
 20
-347.524868075
 30
0.000000000
 11
89.741185229
 21
-363.854799694
 31
0.000000000
  0
LINE
  5
BC2
330
A02
100
AcDbEntity
  8
IsoView
100
AcDbLine
 10
33.172642735
 20
44.393490770
 30
0.000000000
 11
33.172642735
 21
-331.194936457
 31
0.000000000
  0
LINE
  5
BC3
330
A02
100
AcDbEntity
  8
IsoView
100
AcDbLine
 10
89.741185229
 20
44.393490770
 30
0.000000000
 11
61.456913982
 21
60.723422388
 31
0.000000000
  0
LINE
  5
BC4
330
A02
100
AcDbEntity
  8
IsoView
100
AcDbLine
 10
61.456913982
 20
60.723422388
 30
0.000000000
 11
61.456913982
 21
-347.524868075
 31
0.000000000
  0
LWPOLYLINE
  5
BC5
330
A02
100
AcDbEntity
100
AcDbPolyline
  8
IsoView
 90
3
 70
0
 43
0
 10
75.599049606
 20
-189.124531375
 10
78.336572497
 20
-193.149671959
 10
77.599049606
 20
-195.854619314
  0
LWPOLYLINE
  5
BC6
330
A02
100
AcDbEntity
100
AcDbPolyline
  8
IsoView
 90
4
 70
0
 43
0
 10
77.599049606
 20
-195.854619314
 10
73.621546477
 20
-193.583894992
 10
73.523108956
 20
-188.973724122
 10
73.599049606
 20
-188.926416084
  0
LWPOLYLINE
  5
BC7
330
A02
100
AcDbEntity
100
AcDbPolyline
  8
IsoView
 90
2
 70
0
 43
0
 10
73.599049606
 20
-188.926416084
 10
75.599049606
 20
-189.124531375
  0
LWPOLYLINE
  5
BC8
330
A02
100
AcDbEntity
100
AcDbPolyline
  8
IsoView
 90
2
 70
0
 43
0
 10
75.599049606
 20
-336.093915942
 10
73.599049606
 20
-335.895800651
  0
LWPOLYLINE
  5
BC9
330
A02
100
AcDbEntity
100
AcDbPolyline
  8
IsoView
 90
4
 70
0
 43
0
 10
73.599049606
 20
-335.895800651
 10
73.576802989
 20
-340.475781565
 10
77.520109318
 20
-342.866116394
 10
77.599049606
 20
-342.824003881
  0
LWPOLYLINE
  5
BCA
330
A02
100
AcDbEntity
100
AcDbPolyline
  8
IsoView
 90
3
 70
0
 43
0
 10
77.599049606
 20
-342.824003881
 10
77.621296222
 20
-338.244022967
 10
75.599049606
 20
-336.093915942
  0
LWPOLYLINE
  5
BCB
330
A02
100
AcDbEntity
100
AcDbPolyline
  8
IsoView
 90
2
 70
0
 43
0
 10
75.599049606
 20
-251.178271526
 10
73.599049606
 20
-250.980156235
  0
LWPOLYLINE
  5
BCC
330
A02
100
AcDbEntity
100
AcDbPolyline
  8
IsoView
 90
4
 70
0
 43
0
 10
73.599049606
 20
-250.980156235
 10
73.576802989
 20
-255.560137148
 10
77.520109318
 20
-257.950471978
 10
77.599049606
 20
-257.908359465
  0
LWPOLYLINE
  5
BCD
330
A02
100
AcDbEntity
100
AcDbPolyline
  8
IsoView
 90
3
 70
0
 43
0
 10
77.599049606
 20
-257.908359465
 10
77.621296222
 20
-253.328378551
 10
75.599049606
 20
-251.178271526
  0
LWPOLYLINE
  5
BCE
330
A02
100
AcDbEntity
100
AcDbPolyline
  8
IsoView
 90
3
 70
0
 43
0
 10
75.599049606
 20
-107.474873283
 10
78.336572497
 20
-111.500013867
 10
77.599049606
 20
-114.204961222
  0
LWPOLYLINE
  5
BCF
330
A02
100
AcDbEntity
100
AcDbPolyline
  8
IsoView
 90
4
 70
0
 43
0
 10
77.599049606
 20
-114.204961222
 10
73.621546477
 20
-111.934236900
 10
73.523108956
 20
-107.324066029
 10
73.599049606
 20
-107.276757991
  0
LWPOLYLINE
  5
BD0
330
A02
100
AcDbEntity
100
AcDbPolyline
  8
IsoView
 90
2
 70
0
 43
0
 10
73.599049606
 20
-107.276757991
 10
75.599049606
 20
-107.474873283
  0
LWPOLYLINE
  5
BD1
330
A02
100
AcDbEntity
100
AcDbPolyline
  8
IsoView
 90
2
 70
0
 43
0
 10
75.599049606
 20
-148.299702329
 10
73.599049606
 20
-148.101587038
  0
LWPOLYLINE
  5
BD2
330
A02
100
AcDbEntity
100
AcDbPolyline
  8
IsoView
 90
4
 70
0
 43
0
 10
73.599049606
 20
-148.101587038
 10
73.576802989
 20
-152.681567952
 10
77.520109318
 20
-155.071902781
 10
77.599049606
 20
-155.029790268
  0
LWPOLYLINE
  5
BD3
330
A02
100
AcDbEntity
100
AcDbPolyline
  8
IsoView
 90
3
 70
0
 43
0
 10
77.599049606
 20
-155.029790268
 10
77.621296222
 20
-150.449809354
 10
75.599049606
 20
-148.299702329
  0
LWPOLYLINE
  5
BD4
330
A02
100
AcDbEntity
100
AcDbPolyline
  8
IsoView
 90
2
 70
0
 43
0
 10
75.599049606
 20
-42.155146808
 10
73.599049606
 20
-41.957031517
  0
LWPOLYLINE
  5
BD5
330
A02
100
AcDbEntity
100
AcDbPolyline
  8
IsoView
 90
4
 70
0
 43
0
 10
73.599049606
 20
-41.957031517
 10
73.576802989
 20
-46.537012431
 10
77.520109318
 20
-48.927347260
 10
77.599049606
 20
-48.885234747
  0
LWPOLYLINE
  5
BD6
330
A02
100
AcDbEntity
100
AcDbPolyline
  8
IsoView
 90
3
 70
0
 43
0
 10
77.599049606
 20
-48.885234747
 10
77.621296222
 20
-44.305253834
 10
75.599049606
 20
-42.155146808
  0
LWPOLYLINE
  5
BD7
330
A02
100
AcDbEntity
100
AcDbPolyline
  8
IsoView
 90
2
 70
0
 43
0
 10
75.599049606
 20
39.494511284
 10
73.599049606
 20
39.692626576
  0
LWPOLYLINE
  5
BD8
330
A02
100
AcDbEntity
100
AcDbPolyline
  8
IsoView
 90
4
 70
0
 43
0
 10
73.599049606
 20
39.692626576
 10
73.576802989
 20
35.112645662
 10
77.520109318
 20
32.722310833
 10
77.599049606
 20
32.764423345
  0
LWPOLYLINE
  5
BD9
330
A02
100
AcDbEntity
100
AcDbPolyline
  8
IsoView
 90
3
 70
0
 43
0
 10
77.599049606
 20
32.764423345
 10
77.621296222
 20
37.344404259
 10
75.599049606
 20
39.494511284
  0
LINE
  5
BDA
330
A02
100
AcDbEntity
  8
IsoView
100
AcDbLine
 10
33.172642735
 20
44.393490770
 30
0.000000000
 11
61.456913982
 21
60.723422388
 31
0.000000000
  0
LWPOLYLINE
  5
BDB
330
A02
100
AcDbEntity
100
AcDbPolyline
  8
IsoView
 90
3
 70
0
 43
0
 10
47.314778358
 20
-260.976230497
 10
50.052301250
 20
-256.951089913
 10
49.314778358
 20
-254.246142558
  0
LWPOLYLINE
  5
BDC
330
A02
100
AcDbEntity
100
AcDbPolyline
  8
IsoView
 90
4
 70
0
 43
0
 10
49.314778358
 20
-254.246142558
 10
45.337275230
 20
-256.516866880
 10
45.238837709
 20
-261.127037751
 10
45.314778358
 20
-261.174345789
  0
LWPOLYLINE
  5
BDD
330
A02
100
AcDbEntity
100
AcDbPolyline
  8
IsoView
 90
2
 70
0
 43
0
 10
45.314778358
 20
-261.174345789
 10
47.314778358
 20
-260.976230497
  0
LWPOLYLINE
  5
BDE
330
A02
100
AcDbEntity
100
AcDbPolyline
  8
IsoView
 90
3
 70
0
 43
0
 10
47.314778358
 20
32.962538637
 10
50.052301250
 20
36.987679221
 10
49.314778358
 20
39.692626576
  0
LWPOLYLINE
  5
BDF
330
A02
100
AcDbEntity
100
AcDbPolyline
  8
IsoView
 90
4
 70
0
 43
0
 10
49.314778358
 20
39.692626576
 10
45.337275230
 20
37.421902254
 10
45.238837709
 20
32.811731383
 10
45.314778358
 20
32.764423345
  0
LWPOLYLINE
  5
BE0
330
A02
100
AcDbEntity
100
AcDbPolyline
  8
IsoView
 90
2
 70
0
 43
0
 10
45.314778358
 20
32.764423345
 10
47.314778358
 20
32.962538637
  0
LWPOLYLINE
  5
BE1
330
A02
100
AcDbEntity
100
AcDbPolyline
  8
IsoView
 90
3
 70
0
 43
0
 10
47.314778358
 20
-48.687119456
 10
50.052301250
 20
-44.661978872
 10
49.314778358
 20
-41.957031517
  0
LWPOLYLINE
  5
BE2
330
A02
100
AcDbEntity
100
AcDbPolyline
  8
IsoView
 90
4
 70
0
 43
0
 10
49.314778358
 20
-41.957031517
 10
45.337275230
 20
-44.227755839
 10
45.238837709
 20
-48.837926709
 10
45.314778358
 20
-48.885234747
  0
LWPOLYLINE
  5
BE3
330
A02
100
AcDbEntity
100
AcDbPolyline
  8
IsoView
 90
2
 70
0
 43
0
 10
45.314778358
 20
-48.885234747
 10
47.314778358
 20
-48.687119456
  0
LWPOLYLINE
  5
BE4
330
A02
100
AcDbEntity
100
AcDbPolyline
  8
IsoView
 90
3
 70
0
 43
0
 10
47.314778358
 20
-114.006845930
 10
50.052301250
 20
-109.981705346
 10
49.314778358
 20
-107.276757991
  0
LWPOLYLINE
  5
BE5
330
A02
100
AcDbEntity
100
AcDbPolyline
  8
IsoView
 90
4
 70
0
 43
0
 10
49.314778358
 20
-107.276757991
 10
45.337275230
 20
-109.547482313
 10
45.238837709
 20
-114.157653184
 10
45.314778358
 20
-114.204961222
  0
LWPOLYLINE
  5
BE6
330
A02
100
AcDbEntity
100
AcDbPolyline
  8
IsoView
 90
2
 70
0
 43
0
 10
45.314778358
 20
-114.204961222
 10
47.314778358
 20
-114.006845930
  0
LWPOLYLINE
  5
BE7
330
A02
100
AcDbEntity
100
AcDbPolyline
  8
IsoView
 90
3
 70
0
 43
0
 10
47.314778358
 20
-154.831674977
 10
50.052301250
 20
-150.806534393
 10
49.314778358
 20
-148.101587038
  0
LWPOLYLINE
  5
BE8
330
A02
100
AcDbEntity
100
AcDbPolyline
  8
IsoView
 90
4
 70
0
 43
0
 10
49.314778358
 20
-148.101587038
 10
45.337275230
 20
-150.372311360
 10
45.238837709
 20
-154.982482230
 10
45.314778358
 20
-155.029790268
  0
LWPOLYLINE
  5
BE9
330
A02
100
AcDbEntity
100
AcDbPolyline
  8
IsoView
 90
2
 70
0
 43
0
 10
45.314778358
 20
-155.029790268
 10
47.314778358
 20
-154.831674977
  0
LWPOLYLINE
  5
BEA
330
A02
100
AcDbEntity
100
AcDbPolyline
  8
IsoView
 90
3
 70
0
 43
0
 10
47.314778358
 20
-195.656504023
 10
50.052301250
 20
-191.631363439
 10
49.314778358
 20
-188.926416084
  0
LWPOLYLINE
  5
BEB
330
A02
100
AcDbEntity
100
AcDbPolyline
  8
IsoView
 90
4
 70
0
 43
0
 10
49.314778358
 20
-188.926416084
 10
45.337275230
 20
-191.197140406
 10
45.238837709
 20
-195.807311276
 10
45.314778358
 20
-195.854619314
  0
LWPOLYLINE
  5
BEC
330
A02
100
AcDbEntity
100
AcDbPolyline
  8
IsoView
 90
2
 70
0
 43
0
 10
45.314778358
 20
-195.854619314
 10
47.314778358
 20
-195.656504023
  0
LWPOLYLINE
  5
BED
330
A02
100
AcDbEntity
100
AcDbPolyline
  8
IsoView
 90
3
 70
0
 43
0
 10
49.314778358
 20
-340.514602805
 10
49.353145085
 20
-335.918818342
 10
49.314778358
 20
-335.895800651
  0
LWPOLYLINE
  5
BEE
330
A02
100
AcDbEntity
100
AcDbPolyline
  8
IsoView
 90
3
 70
0
 43
0
 10
49.314778358
 20
-335.895800651
 10
45.337275230
 20
-338.166524973
 10
45.314778358
 20
-338.205201728
  0
LINE
  5
BEF
330
A02
100
AcDbEntity
  8
IsoView
100
AcDbLine
 10
559.686020557
 20
-183.246719331
 30
0.000000000
 11
559.686020557
 21
-172.958862412
 31
0.000000000
  0
LINE
  5
BF0
330
A02
100
AcDbEntity
  8
IsoView
100
AcDbLine
 10
611.870501009
 20
-213.375443167
 30
0.000000000
 11
611.870501009
 21
-203.087586248
 31
0.000000000
  0
LINE
  5
BF1
330
A02
100
AcDbEntity
  8
IsoView
100
AcDbLine
 10
559.686020557
 20
-183.246719331
 30
0.000000000
 11
611.870501009
 21
-213.375443167
 31
0.000000000
  0
LINE
  5
BF2
330
A02
100
AcDbEntity
  8
IsoView
100
AcDbLine
 10
559.686020557
 20
-172.958862412
 30
0.000000000
 11
611.870501009
 21
-203.087586248
 31
0.000000000
  0
LINE
  5
BF3
330
A02
100
AcDbEntity
  8
IsoView
100
AcDbLine
 10
553.322059526
 20
-186.920953945
 30
0.000000000
 11
553.322059526
 21
-182.021974460
 31
0.000000000
  0
LINE
  5
BF4
330
A02
100
AcDbEntity
  8
IsoView
100
AcDbLine
 10
553.322059526
 20
-186.920953945
 30
0.000000000
 11
559.686020557
 21
-183.246719331
 31
0.000000000
  0
LINE
  5
BF5
330
A02
100
AcDbEntity
  8
IsoView
100
AcDbLine
 10
548.655154771
 20
-179.327535743
 30
0.000000000
 11
559.686020557
 21
-172.958862412
 31
0.000000000
  0
LINE
  5
BF6
330
A02
100
AcDbEntity
  8
IsoView
100
AcDbLine
 10
611.870501009
 20
-213.375443167
 30
0.000000000
 11
605.506539978
 21
-217.049677782
 31
0.000000000
  0
LINE
  5
BF7
330
A02
100
AcDbEntity
  8
IsoView
100
AcDbLine
 10
605.506539978
 20
-217.049677782
 30
0.000000000
 11
553.322059526
 21
-186.920953945
 31
0.000000000
  0
LINE
  5
BF8
330
A02
100
AcDbEntity
  8
IsoView
100
AcDbLine
 10
193.558189685
 20
28.137282380
 30
0.000000000
 11
193.558189685
 21
38.425139300
 31
0.000000000
  0
LINE
  5
BF9
330
A02
100
AcDbEntity
  8
IsoView
100
AcDbLine
 10
245.742670137
 20
-1.991441456
 30
0.000000000
 11
245.742670137
 21
8.296415464
 31
0.000000000
  0
LINE
  5
BFA
330
A02
100
AcDbEntity
  8
IsoView
100
AcDbLine
 10
193.558189685
 20
28.137282380
 30
0.000000000
 11
245.742670137
 21
-1.991441456
 31
0.000000000
  0
LINE
  5
BFB
330
A02
100
AcDbEntity
  8
IsoView
100
AcDbLine
 10
193.558189685
 20
38.425139300
 30
0.000000000
 11
245.742670137
 21
8.296415464
 31
0.000000000
  0
LINE
  5
BFC
330
A02
100
AcDbEntity
  8
IsoView
100
AcDbLine
 10
187.194228655
 20
24.463047766
 30
0.000000000
 11
187.194228655
 21
29.362027252
 31
0.000000000
  0
LINE
  5
BFD
330
A02
100
AcDbEntity
  8
IsoView
100
AcDbLine
 10
187.194228655
 20
24.463047766
 30
0.000000000
 11
193.558189685
 21
28.137282380
 31
0.000000000
  0
LINE
  5
BFE
330
A02
100
AcDbEntity
  8
IsoView
100
AcDbLine
 10
182.527323899
 20
32.056465969
 30
0.000000000
 11
193.558189685
 21
38.425139300
 31
0.000000000
  0
LINE
  5
BFF
330
A02
100
AcDbEntity
  8
IsoView
100
AcDbLine
 10
245.742670137
 20
-1.991441456
 30
0.000000000
 11
239.378709106
 21
-5.665676070
 31
0.000000000
  0
LINE
  5
C00
330
A02
100
AcDbEntity
  8
IsoView
100
AcDbLine
 10
239.378709106
 20
-5.665676070
 30
0.000000000
 11
187.194228655
 21
24.463047766
 31
0.000000000
  0
LINE
  5
C01
330
A02
100
AcDbEntity
  8
IsoView
100
AcDbLine
 10
132.874698882
 20
52.966704870
 30
0.000000000
 11
132.874698882
 21
60.723422388
 31
0.000000000
  0
LINE
  5
C02
330
A02
100
AcDbEntity
  8
IsoView
100
AcDbLine
 10
698.560123831
 20
-273.631927502
 30
0.000000000
 11
698.560123831
 21
-265.875209983
 31
0.000000000
  0
LINE
  5
C03
330
A02
100
AcDbEntity
  8
IsoView
100
AcDbLine
 10
132.874698882
 20
52.966704870
 30
0.000000000
 11
698.560123831
 21
-273.631927502
 31
0.000000000
  0
LINE
  5
C04
330
A02
100
AcDbEntity
  8
IsoView
100
AcDbLine
 10
132.874698882
 20
60.723422388
 30
0.000000000
 11
187.194228655
 21
29.362027252
 31
0.000000000
  0
LINE
  5
C05
330
A02
100
AcDbEntity
  8
IsoView
100
AcDbLine
 10
243.621349793
 20
-3.216186327
 30
0.000000000
 11
553.322059526
 21
-182.021974460
 31
0.000000000
  0
LINE
  5
C06
330
A02
100
AcDbEntity
  8
IsoView
100
AcDbLine
 10
609.749180665
 20
-214.600188039
 30
0.000000000
 11
698.560123831
 21
-265.875209983
 31
0.000000000
  0
LINE
  5
C07
330
A02
100
AcDbEntity
  8
IsoView
100
AcDbLine
 10
698.560123831
 20
-273.631927502
 30
0.000000000
 11
697.853017050
 21
-274.040175792
 31
0.000000000
  0
LINE
  5
C08
330
A02
100
AcDbEntity
  8
IsoView
100
AcDbLine
 10
132.167592101
 20
52.558456579
 30
0.000000000
 11
132.874698882
 21
52.966704870
 31
0.000000000
  0
LINE
  5
C09
330
A02
100
AcDbEntity
  8
IsoView
100
AcDbLine
 10
125.450077679
 20
56.436815339
 30
0.000000000
 11
132.874698882
 21
60.723422388
 31
0.000000000
  0
LINE
  5
C0A
330
A02
100
AcDbEntity
  8
IsoView
100
AcDbLine
 10
177.848358716
 20
-403.700796182
 30
0.000000000
 11
177.848358716
 21
-393.412939262
 31
0.000000000
  0
LINE
  5
C0B
330
A02
100
AcDbEntity
  8
IsoView
100
AcDbLine
 10
230.032839168
 20
-433.829520018
 30
0.000000000
 11
230.032839168
 21
-423.541663098
 31
0.000000000
  0
LINE
  5
C0C
330
A02
100
AcDbEntity
  8
IsoView
100
AcDbLine
 10
177.848358716
 20
-403.700796182
 30
0.000000000
 11
230.032839168
 21
-433.829520018
 31
0.000000000
  0
LINE
  5
C0D
330
A02
100
AcDbEntity
  8
IsoView
100
AcDbLine
 10
177.848358716
 20
-393.412939262
 30
0.000000000
 11
230.032839168
 21
-423.541663098
 31
0.000000000
  0
LINE
  5
C0E
330
A02
100
AcDbEntity
  8
IsoView
100
AcDbLine
 10
171.484397686
 20
-407.375030796
 30
0.000000000
 11
171.484397686
 21
-402.476051310
 31
0.000000000
  0
LINE
  5
C0F
330
A02
100
AcDbEntity
  8
IsoView
100
AcDbLine
 10
171.484397686
 20
-407.375030796
 30
0.000000000
 11
177.848358716
 21
-403.700796182
 31
0.000000000
  0
LINE
  5
C10
330
A02
100
AcDbEntity
  8
IsoView
100
AcDbLine
 10
166.817492930
 20
-399.781612593
 30
0.000000000
 11
177.848358716
 21
-393.412939262
 31
0.000000000
  0
LINE
  5
C11
330
A02
100
AcDbEntity
  8
IsoView
100
AcDbLine
 10
230.032839168
 20
-433.829520018
 30
0.000000000
 11
223.668878137
 21
-437.503754632
 31
0.000000000
  0
LINE
  5
C12
330
A02
100
AcDbEntity
  8
IsoView
100
AcDbLine
 10
223.668878137
 20
-437.503754632
 30
0.000000000
 11
171.484397686
 21
-407.375030796
 31
0.000000000
  0
LINE
  5
C13
330
A02
100
AcDbEntity
  8
IsoView
100
AcDbLine
 10
-188.279472156
 20
-192.316794470
 30
0.000000000
 11
-188.279472156
 21
-182.028937550
 31
0.000000000
  0
LINE
  5
C14
330
A02
100
AcDbEntity
  8
IsoView
100
AcDbLine
 10
-136.094991704
 20
-222.445518306
 30
0.000000000
 11
-136.094991704
 21
-212.157661387
 31
0.000000000
  0
LINE
  5
C15
330
A02
100
AcDbEntity
  8
IsoView
100
AcDbLine
 10
-188.279472156
 20
-192.316794470
 30
0.000000000
 11
-136.094991704
 21
-222.445518306
 31
0.000000000
  0
LINE
  5
C16
330
A02
100
AcDbEntity
  8
IsoView
100
AcDbLine
 10
-188.279472156
 20
-182.028937550
 30
0.000000000
 11
-136.094991704
 21
-212.157661387
 31
0.000000000
  0
LINE
  5
C17
330
A02
100
AcDbEntity
  8
IsoView
100
AcDbLine
 10
-194.643433186
 20
-195.991029084
 30
0.000000000
 11
-194.643433186
 21
-191.092049599
 31
0.000000000
  0
LINE
  5
C18
330
A02
100
AcDbEntity
  8
IsoView
100
AcDbLine
 10
-194.643433186
 20
-195.991029084
 30
0.000000000
 11
-188.279472156
 21
-192.316794470
 31
0.000000000
  0
LINE
  5
C19
330
A02
100
AcDbEntity
  8
IsoView
100
AcDbLine
 10
-199.310337942
 20
-188.397610882
 30
0.000000000
 11
-188.279472156
 21
-182.028937550
 31
0.000000000
  0
LINE
  5
C1A
330
A02
100
AcDbEntity
  8
IsoView
100
AcDbLine
 10
-136.094991704
 20
-222.445518306
 30
0.000000000
 11
-142.458952735
 21
-226.119752920
 31
0.000000000
  0
LINE
  5
C1B
330
A02
100
AcDbEntity
  8
IsoView
100
AcDbLine
 10
-142.458952735
 20
-226.119752920
 30
0.000000000
 11
-194.643433186
 21
-195.991029084
 31
0.000000000
  0
LINE
  5
C1C
330
A02
100
AcDbEntity
  8
IsoView
100
AcDbLine
 10
-248.962962959
 20
-167.487371981
 30
0.000000000
 11
-248.962962959
 21
-159.730654462
 31
0.000000000
  0
LINE
  5
C1D
330
A02
100
AcDbEntity
  8
IsoView
100
AcDbLine
 10
316.722461990
 20
-494.086004352
 30
0.000000000
 11
316.722461990
 21
-486.329286833
 31
0.000000000
  0
LINE
  5
C1E
330
A02
100
AcDbEntity
  8
IsoView
100
AcDbLine
 10
-248.962962959
 20
-167.487371981
 30
0.000000000
 11
33.172642735
 21
-330.378439876
 31
0.000000000
  0
LINE
  5
C1F
330
A02
100
AcDbEntity
  8
IsoView
100
AcDbLine
 10
89.741185229
 20
-363.038303113
 30
0.000000000
 11
316.722461990
 21
-494.086004352
 31
0.000000000
  0
LINE
  5
C20
330
A02
100
AcDbEntity
  8
IsoView
100
AcDbLine
 10
-248.962962959
 20
-159.730654462
 30
0.000000000
 11
-194.643433186
 21
-191.092049599
 31
0.000000000
  0
LINE
  5
C21
330
A02
100
AcDbEntity
  8
IsoView
100
AcDbLine
 10
-138.216312048
 20
-223.670263178
 30
0.000000000
 11
33.172642735
 21
-322.621722357
 31
0.000000000
  0
LINE
  5
C22
330
A02
100
AcDbEntity
  8
IsoView
100
AcDbLine
 10
89.741185229
 20
-355.281585594
 30
0.000000000
 11
171.484397686
 21
-402.476051310
 31
0.000000000
  0
LINE
  5
C23
330
A02
100
AcDbEntity
  8
IsoView
100
AcDbLine
 10
227.911518824
 20
-435.054264889
 30
0.000000000
 11
316.722461990
 21
-486.329286833
 31
0.000000000
  0
LINE
  5
C24
330
A02
100
AcDbEntity
  8
IsoView
100
AcDbLine
 10
316.722461990
 20
-494.086004352
 30
0.000000000
 11
316.015355209
 21
-494.494252642
 31
0.000000000
  0
LINE
  5
C25
330
A02
100
AcDbEntity
  8
IsoView
100
AcDbLine
 10
-249.670069740
 20
-167.895620271
 30
0.000000000
 11
-248.962962959
 21
-167.487371981
 31
0.000000000
  0
LINE
  5
C26
330
A02
100
AcDbEntity
  8
IsoView
100
AcDbLine
 10
-256.387584161
 20
-164.017261512
 30
0.000000000
 11
-248.962962959
 21
-159.730654462
 31
0.000000000
  0
LINE
  5
C27
330
A02
100
AcDbEntity
  8
IsoView
100
AcDbLine
 10
226.721497723
 20
43.773191905
 30
0.000000000
 11
-126.831892870
 21
247.897337137
 31
0.000000000
  0
LINE
  5
C28
330
A02
100
AcDbEntity
  8
IsoView
100
AcDbLine
 10
-155.116164118
 20
231.567405519
 30
0.000000000
 11
-126.831892870
 21
247.897337137
 31
0.000000000
  0
LINE
  5
C29
330
A02
100
AcDbEntity
  8
IsoView
100
AcDbLine
 10
226.721497723
 20
19.278294477
 30
0.000000000
 11
226.721497723
 21
43.773191905
 31
0.000000000
  0
LINE
  5
C2A
330
A02
100
AcDbEntity
  8
IsoView
100
AcDbLine
 10
-155.116164118
 20
231.567405519
 30
0.000000000
 11
-155.116164118
 21
198.907542281
 31
0.000000000
  0
LINE
  5
C2B
330
A02
100
AcDbEntity
  8
IsoView
100
AcDbLine
 10
-155.116164118
 20
198.907542281
 30
0.000000000
 11
-26.153616207
 21
124.450980530
 31
0.000000000
  0
LINE
  5
C2C
330
A02
100
AcDbEntity
  8
IsoView
100
AcDbLine
 10
-126.831892870
 20
247.897337137
 30
0.000000000
 11
-126.831892870
 21
215.237473900
 31
0.000000000
  0
LINE
  5
C2D
330
A02
100
AcDbEntity
  8
IsoView
100
AcDbLine
 10
-126.831892870
 20
215.237473900
 30
0.000000000
 11
186.487121873
 21
34.342656396
 31
0.000000000
  0
LWPOLYLINE
  5
C2E
330
A02
100
AcDbEntity
100
AcDbPolyline
  8
IsoView
 90
2
 70
0
 43
0
 10
82.471714361
 20
110.725911541
 10
83.300141486
 20
112.557019995
  0
LWPOLYLINE
  5
C2F
330
A02
100
AcDbEntity
100
AcDbPolyline
  8
IsoView
 90
4
 70
0
 43
0
 10
83.300141486
 20
112.557019995
 10
87.277644614
 20
110.286295673
 10
87.376082135
 20
105.676124802
 10
87.300141486
 20
105.628816764
  0
LWPOLYLINE
  5
C30
330
A02
100
AcDbEntity
100
AcDbPolyline
  8
IsoView
 90
3
 70
0
 43
0
 10
87.300141486
 20
105.628816764
 10
83.322638357
 20
107.899541086
 10
82.471714361
 20
110.725911541
  0
LWPOLYLINE
  5
C31
330
A02
100
AcDbEntity
100
AcDbPolyline
  8
IsoView
 90
3
 70
0
 43
0
 10
209.750934974
 20
37.241219258
 10
211.868047528
 20
32.857884598
 10
214.579362099
 20
32.144124481
  0
LWPOLYLINE
  5
C32
330
A02
100
AcDbEntity
100
AcDbPolyline
  8
IsoView
 90
4
 70
0
 43
0
 10
214.579362099
 20
32.144124481
 10
214.601608715
 20
36.724105395
 10
210.658302387
 20
39.114440224
 10
210.579362099
 20
39.072327711
  0
LWPOLYLINE
  5
C33
330
A02
100
AcDbEntity
100
AcDbPolyline
  8
IsoView
 90
2
 70
0
 43
0
 10
210.579362099
 20
39.072327711
 10
209.750934974
 20
37.241219258
  0
LWPOLYLINE
  5
C34
330
A02
100
AcDbEntity
100
AcDbPolyline
  8
IsoView
 90
3
 70
0
 43
0
 10
136.211829731
 20
79.699041466
 10
138.328942285
 20
75.315706807
 10
141.040256856
 20
74.601946689
  0
LWPOLYLINE
  5
C35
330
A02
100
AcDbEntity
100
AcDbPolyline
  8
IsoView
 90
4
 70
0
 43
0
 10
141.040256856
 20
74.601946689
 10
141.062503472
 20
79.181927603
 10
137.119197143
 20
81.572262432
 10
137.040256856
 20
81.530149919
  0
LWPOLYLINE
  5
C36
330
A02
100
AcDbEntity
100
AcDbPolyline
  8
IsoView
 90
2
 70
0
 43
0
 10
137.040256856
 20
81.530149919
 10
136.211829731
 20
79.699041466
  0
LWPOLYLINE
  5
C37
330
A02
100
AcDbEntity
100
AcDbPolyline
  8
IsoView
 90
2
 70
0
 43
0
 10
11.761036242
 20
151.550740588
 10
12.589463367
 20
153.381849041
  0
LWPOLYLINE
  5
C38
330
A02
100
AcDbEntity
100
AcDbPolyline
  8
IsoView
 90
4
 70
0
 43
0
 10
12.589463367
 20
153.381849041
 10
16.566966495
 20
151.111124719
 10
16.665404016
 20
146.500953849
 10
16.589463367
 20
146.453645811
  0
LWPOLYLINE
  5
C39
330
A02
100
AcDbEntity
100
AcDbPolyline
  8
IsoView
 90
3
 70
0
 43
0
 10
16.589463367
 20
146.453645811
 10
12.611960239
 20
148.724370133
 10
11.761036242
 20
151.550740588
  0
LWPOLYLINE
  5
C3A
330
A02
100
AcDbEntity
100
AcDbPolyline
  8
IsoView
 90
3
 70
0
 43
0
 10
47.116375301
 20
131.138326064
 10
49.233487855
 20
126.754991405
 10
51.944802426
 20
126.041231288
  0
LWPOLYLINE
  5
C3B
330
A02
100
AcDbEntity
100
AcDbPolyline
  8
IsoView
 90
4
 70
0
 43
0
 10
51.944802426
 20
126.041231288
 10
51.967049043
 20
130.621212201
 10
48.023742714
 20
133.011547031
 10
47.944802426
 20
132.969434518
  0
LWPOLYLINE
  5
C3C
330
A02
100
AcDbEntity
100
AcDbPolyline
  8
IsoView
 90
2
 70
0
 43
0
 10
47.944802426
 20
132.969434518
 10
47.116375301
 20
131.138326064
  0
LWPOLYLINE
  5
C3D
330
A02
100
AcDbEntity
100
AcDbPolyline
  8
IsoView
 90
3
 70
0
 43
0
 10
-44.807506253
 20
184.210603825
 10
-42.690393699
 20
179.827269165
 10
-39.979079128
 20
179.113509048
  0
LWPOLYLINE
  5
C3E
330
A02
100
AcDbEntity
100
AcDbPolyline
  8
IsoView
 90
4
 70
0
 43
0
 10
-39.979079128
 20
179.113509048
 10
-39.956832512
 20
183.693489962
 10
-43.900138841
 20
186.083824791
 10
-43.979079128
 20
186.041712278
  0
LWPOLYLINE
  5
C3F
330
A02
100
AcDbEntity
100
AcDbPolyline
  8
IsoView
 90
2
 70
0
 43
0
 10
-43.979079128
 20
186.041712278
 10
-44.807506253
 20
184.210603825
  0
LWPOLYLINE
  5
C40
330
A02
100
AcDbEntity
100
AcDbPolyline
  8
IsoView
 90
3
 70
0
 43
0
 10
-115.518184371
 20
225.035432871
 10
-113.401071818
 20
220.652098212
 10
-110.689757247
 20
219.938338094
  0
LWPOLYLINE
  5
C41
330
A02
100
AcDbEntity
100
AcDbPolyline
  8
IsoView
 90
4
 70
0
 43
0
 10
-110.689757247
 20
219.938338094
 10
-110.667510630
 20
224.518319008
 10
-114.610816959
 20
226.908653837
 10
-114.689757247
 20
226.866541324
  0
LWPOLYLINE
  5
C42
330
A02
100
AcDbEntity
100
AcDbPolyline
  8
IsoView
 90
2
 70
0
 43
0
 10
-114.689757247
 20
226.866541324
 10
-115.518184371
 20
225.035432871
  0
LINE
  5
C43
330
A02
100
AcDbEntity
  8
IsoView
100
AcDbLine
 10
-155.116164118
 20
198.907542281
 30
0.000000000
 11
-126.831892870
 21
215.237473900
 31
0.000000000
  0
LWPOLYLINE
  5
C44
330
A02
100
AcDbEntity
100
AcDbPolyline
  8
IsoView
 90
2
 70
0
 43
0
 10
-124.003465746
 20
197.274549120
 10
-122.831892870
 20
198.907542281
  0
LWPOLYLINE
  5
C45
330
A02
100
AcDbEntity
100
AcDbPolyline
  8
IsoView
 90
4
 70
0
 43
0
 10
-122.831892870
 20
198.907542281
 10
-126.787149382
 20
201.216798873
 10
-130.828893233
 20
198.996962832
 10
-130.831892870
 20
198.907542281
  0
LWPOLYLINE
  5
C46
330
A02
100
AcDbEntity
100
AcDbPolyline
  8
IsoView
 90
3
 70
0
 43
0
 10
-130.831892870
 20
198.907542281
 10
-126.876636358
 20
196.598285690
 10
-124.003465746
 20
197.274549120
  0
LWPOLYLINE
  5
C47
330
A02
100
AcDbEntity
100
AcDbPolyline
  8
IsoView
 90
2
 70
0
 43
0
 10
-53.292787627
 20
156.449720073
 10
-52.121214752
 20
158.082713235
  0
LWPOLYLINE
  5
C48
330
A02
100
AcDbEntity
100
AcDbPolyline
  8
IsoView
 90
4
 70
0
 43
0
 10
-52.121214752
 20
158.082713235
 10
-56.076471264
 20
160.391969827
 10
-60.118215114
 20
158.172133786
 10
-60.121214752
 20
158.082713235
  0
LWPOLYLINE
  5
C49
330
A02
100
AcDbEntity
100
AcDbPolyline
  8
IsoView
 90
3
 70
0
 43
0
 10
-60.121214752
 20
158.082713235
 10
-56.165958240
 20
155.773456643
 10
-53.292787627
 20
156.449720073
  0
LWPOLYLINE
  5
C4A
330
A02
100
AcDbEntity
100
AcDbPolyline
  8
IsoView
 90
2
 70
0
 43
0
 10
3.833534444
 20
126.652159313
 10
2.576553935
 20
127.377877348
  0
LWPOLYLINE
  5
C4B
330
A02
100
AcDbEntity
100
AcDbPolyline
  8
IsoView
 90
2
 70
0
 43
0
 10
39.188873504
 20
106.239744790
 10
37.931892995
 20
106.965462825
  0
LWPOLYLINE
  5
C4C
330
A02
100
AcDbEntity
100
AcDbPolyline
  8
IsoView
 90
2
 70
0
 43
0
 10
74.544212563
 20
85.827330267
 10
73.287232054
 20
86.553048302
  0
LINE
  5
C4D
330
A02
100
AcDbEntity
  8
IsoView
100
AcDbLine
 10
-148.045096306
 20
-205.258265278
 30
0.000000000
 11
33.172642735
 21
-100.632154861
 31
0.000000000
  0
LINE
  5
C4E
330
A02
100
AcDbEntity
  8
IsoView
100
AcDbLine
 10
89.741185229
 20
-67.972291624
 30
0.000000000
 11
158.768536051
 21
-28.119332045
 31
0.000000000
  0
LINE
  5
C4F
330
A02
100
AcDbEntity
  8
IsoView
100
AcDbLine
 10
-183.400435365
 20
-160.350953327
 30
0.000000000
 11
-183.400435365
 21
-184.845850755
 31
0.000000000
  0
LINE
  5
C50
330
A02
100
AcDbEntity
  8
IsoView
100
AcDbLine
 10
102.199993556
 20
4.540531192
 30
0.000000000
 11
89.741185229
 21
-2.652565149
 31
0.000000000
  0
LINE
  5
C51
330
A02
100
AcDbEntity
  8
IsoView
100
AcDbLine
 10
33.172642735
 20
-35.312428387
 30
0.000000000
 11
-183.400435365
 21
-160.350953327
 31
0.000000000
  0
LINE
  5
C52
330
A02
100
AcDbEntity
  8
IsoView
100
AcDbLine
 10
130.484264803
 20
-11.789400427
 30
0.000000000
 11
89.741185229
 21
-35.312428387
 31
0.000000000
  0
LINE
  5
C53
330
A02
100
AcDbEntity
  8
IsoView
100
AcDbLine
 10
33.172642735
 20
-67.972291624
 30
0.000000000
 11
-176.329367553
 21
-188.928333659
 31
0.000000000
  0
LWPOLYLINE
  5
C54
330
A02
100
AcDbEntity
100
AcDbPolyline
  8
IsoView
 90
2
 70
0
 43
0
 10
-25.008516380
 20
-117.893131118
 10
-23.836943504
 20
-119.526124280
  0
LWPOLYLINE
  5
C55
330
A02
100
AcDbEntity
100
AcDbPolyline
  8
IsoView
 90
4
 70
0
 43
0
 10
-23.836943504
 20
-119.526124280
 10
-27.792200016
 20
-121.835380872
 10
-31.833943866
 20
-119.615544831
 10
-31.836943504
 20
-119.526124280
  0
LWPOLYLINE
  5
C56
330
A02
100
AcDbEntity
100
AcDbPolyline
  8
IsoView
 90
3
 70
0
 43
0
 10
-31.836943504
 20
-119.526124280
 10
-27.881686992
 20
-117.216867689
 10
-25.008516380
 20
-117.893131118
  0
LWPOLYLINE
  5
C57
330
A02
100
AcDbEntity
100
AcDbPolyline
  8
IsoView
 90
3
 70
0
 43
0
 10
-152.287736993
 20
-191.377823402
 10
-157.142372438
 20
-191.019629326
 10
-159.116164118
 20
-193.010816564
  0
LWPOLYLINE
  5
C58
330
A02
100
AcDbEntity
100
AcDbPolyline
  8
IsoView
 90
4
 70
0
 43
0
 10
-159.116164118
 20
-193.010816564
 10
-155.160907606
 20
-195.320073156
 10
-151.119163756
 20
-193.100237114
 10
-151.116164118
 20
-193.010816564
  0
LWPOLYLINE
  5
C59
330
A02
100
AcDbEntity
100
AcDbPolyline
  8
IsoView
 90
2
 70
0
 43
0
 10
-151.116164118
 20
-193.010816564
 10
-152.287736993
 20
-191.377823402
  0
LWPOLYLINE
  5
C5A
330
A02
100
AcDbEntity
100
AcDbPolyline
  8
IsoView
 90
3
 70
0
 43
0
 10
-78.748631750
 20
-148.920001194
 10
-83.603267195
 20
-148.561807118
 10
-85.577058874
 20
-150.552994356
  0
LWPOLYLINE
  5
C5B
330
A02
100
AcDbEntity
100
AcDbPolyline
  8
IsoView
 90
4
 70
0
 43
0
 10
-85.577058874
 20
-150.552994356
 10
-81.621802362
 20
-152.862250947
 10
-77.580058512
 20
-150.642414906
 10
-77.577058874
 20
-150.552994356
  0
LWPOLYLINE
  5
C5C
330
A02
100
AcDbEntity
100
AcDbPolyline
  8
IsoView
 90
2
 70
0
 43
0
 10
-77.577058874
 20
-150.552994356
 10
-78.748631750
 20
-148.920001194
  0
LWPOLYLINE
  5
C5D
330
A02
100
AcDbEntity
100
AcDbPolyline
  8
IsoView
 90
3
 70
0
 43
0
 10
10.346822680
 20
-97.480716595
 10
5.492187235
 20
-97.122522520
 10
3.518395555
 20
-99.113709757
  0
LWPOLYLINE
  5
C5E
330
A02
100
AcDbEntity
100
AcDbPolyline
  8
IsoView
 90
4
 70
0
 43
0
 10
3.518395555
 20
-99.113709757
 10
7.473652067
 20
-101.422966349
 10
11.515395917
 20
-99.203130308
 10
11.518395555
 20
-99.113709757
  0
LWPOLYLINE
  5
C5F
330
A02
100
AcDbEntity
100
AcDbPolyline
  8
IsoView
 90
2
 70
0
 43
0
 10
11.518395555
 20
-99.113709757
 10
10.346822680
 20
-97.480716595
  0
LWPOLYLINE
  5
C60
330
A02
100
AcDbEntity
100
AcDbPolyline
  8
IsoView
 90
3
 70
0
 43
0
 10
102.270704234
 20
-44.408438835
 10
97.416068789
 20
-44.050244759
 10
95.442277109
 20
-46.041431997
  0
LWPOLYLINE
  5
C61
330
A02
100
AcDbEntity
100
AcDbPolyline
  8
IsoView
 90
4
 70
0
 43
0
 10
95.442277109
 20
-46.041431997
 10
99.397533621
 20
-48.350688589
 10
103.439277471
 20
-46.130852547
 10
103.442277109
 20
-46.041431997
  0
LWPOLYLINE
  5
C62
330
A02
100
AcDbEntity
100
AcDbPolyline
  8
IsoView
 90
2
 70
0
 43
0
 10
103.442277109
 20
-46.041431997
 10
102.270704234
 20
-44.408438835
  0
LWPOLYLINE
  5
C63
330
A02
100
AcDbEntity
100
AcDbPolyline
  8
IsoView
 90
2
 70
0
 43
0
 10
-101.376048748
 20
-129.324083251
 10
-100.547621623
 20
-131.155191705
  0
LWPOLYLINE
  5
C64
330
A02
100
AcDbEntity
100
AcDbPolyline
  8
IsoView
 90
4
 70
0
 43
0
 10
-100.547621623
 20
-131.155191705
 10
-96.570118495
 20
-128.884467383
 10
-96.471680973
 20
-124.274296512
 10
-96.547621623
 20
-124.226988474
  0
LWPOLYLINE
  5
C65
330
A02
100
AcDbEntity
100
AcDbPolyline
  8
IsoView
 90
3
 70
0
 43
0
 10
-96.547621623
 20
-124.226988474
 10
-100.525124751
 20
-126.497712797
 10
-101.376048748
 20
-129.324083251
  0
LWPOLYLINE
  5
C66
330
A02
100
AcDbEntity
100
AcDbPolyline
  8
IsoView
 90
2
 70
0
 43
0
 10
25.903171866
 20
-55.839390968
 10
26.731598991
 20
-57.670499421
  0
LWPOLYLINE
  5
C67
330
A02
100
AcDbEntity
100
AcDbPolyline
  8
IsoView
 90
4
 70
0
 43
0
 10
26.731598991
 20
-57.670499421
 10
30.709102119
 20
-55.399775099
 10
30.807539640
 20
-50.789604229
 10
30.731598991
 20
-50.742296191
  0
LWPOLYLINE
  5
C68
330
A02
100
AcDbEntity
100
AcDbPolyline
  8
IsoView
 90
3
 70
0
 43
0
 10
30.731598991
 20
-50.742296191
 10
26.754095862
 20
-53.013020513
 10
25.903171866
 20
-55.839390968
  0
LWPOLYLINE
  5
C69
330
A02
100
AcDbEntity
100
AcDbPolyline
  8
IsoView
 90
2
 70
0
 43
0
 10
-9.452167193
 20
-76.251805491
 10
-8.623740069
 20
-78.082913944
  0
LWPOLYLINE
  5
C6A
330
A02
100
AcDbEntity
100
AcDbPolyline
  8
IsoView
 90
4
 70
0
 43
0
 10
-8.623740069
 20
-78.082913944
 10
-4.646236940
 20
-75.812189622
 10
-4.547799419
 20
-71.202018752
 10
-4.623740069
 20
-71.154710714
  0
LWPOLYLINE
  5
C6B
330
A02
100
AcDbEntity
100
AcDbPolyline
  8
IsoView
 90
3
 70
0
 43
0
 10
-4.623740069
 20
-71.154710714
 10
-8.601243197
 20
-73.425435036
 10
-9.452167193
 20
-76.251805491
  0
LWPOLYLINE
  5
C6C
330
A02
100
AcDbEntity
100
AcDbPolyline
  8
IsoView
 90
2
 70
0
 43
0
 10
-44.807506253
 20
-96.664220014
 10
-43.979079128
 20
-98.495328468
  0
LWPOLYLINE
  5
C6D
330
A02
100
AcDbEntity
100
AcDbPolyline
  8
IsoView
 90
4
 70
0
 43
0
 10
-43.979079128
 20
-98.495328468
 10
-40.001576000
 20
-96.224604146
 10
-39.903138478
 20
-91.614433275
 10
-39.979079128
 20
-91.567125237
  0
LWPOLYLINE
  5
C6E
330
A02
100
AcDbEntity
100
AcDbPolyline
  8
IsoView
 90
3
 70
0
 43
0
 10
-39.979079128
 20
-91.567125237
 10
-43.956582256
 20
-93.837849559
 10
-44.807506253
 20
-96.664220014
  0
LWPOLYLINE
  5
C6F
330
A02
100
AcDbEntity
100
AcDbPolyline
  8
IsoView
 90
2
 70
0
 43
0
 10
-172.086726866
 20
-170.148912298
 10
-171.258299742
 20
-171.980020751
  0
LWPOLYLINE
  5
C70
330
A02
100
AcDbEntity
100
AcDbPolyline
  8
IsoView
 90
4
 70
0
 43
0
 10
-171.258299742
 20
-171.980020751
 10
-167.280796613
 20
-169.709296429
 10
-167.182359092
 20
-165.099125559
 10
-167.258299742
 20
-165.051817521
  0
LWPOLYLINE
  5
C71
330
A02
100
AcDbEntity
100
AcDbPolyline
  8
IsoView
 90
3
 70
0
 43
0
 10
-167.258299742
 20
-165.051817521
 10
-171.235802870
 20
-167.322541843
 10
-172.086726866
 20
-170.148912298
  0
LINE
  5
C72
330
A02
100
AcDbEntity
  8
IsoView
100
AcDbLine
 10
-480.385283464
 20
-21.546534569
 30
0.000000000
 11
-126.831892870
 21
182.577610663
 31
0.000000000
  0
LINE
  5
C73
330
A02
100
AcDbEntity
  8
IsoView
100
AcDbLine
 10
-508.669554711
 20
27.443260287
 30
0.000000000
 11
-508.669554711
 21
-5.216602950
 31
0.000000000
  0
LINE
  5
C74
330
A02
100
AcDbEntity
  8
IsoView
100
AcDbLine
 10
-508.669554711
 20
-5.216602950
 30
0.000000000
 11
-480.385283464
 21
-21.546534569
 31
0.000000000
  0
LINE
  5
C75
330
A02
100
AcDbEntity
  8
IsoView
100
AcDbLine
 10
-155.116164118
 20
231.567405519
 30
0.000000000
 11
-508.669554711
 21
27.443260287
 31
0.000000000
  0
LINE
  5
C76
330
A02
100
AcDbEntity
  8
IsoView
100
AcDbLine
 10
-126.831892870
 20
182.577610663
 30
0.000000000
 11
-155.116164118
 21
198.907542281
 31
0.000000000
  0
LINE
  5
C77
330
A02
100
AcDbEntity
  8
IsoView
100
AcDbLine
 10
-155.116164118
 20
198.907542281
 30
0.000000000
 11
-508.669554711
 21
-5.216602950
 31
0.000000000
  0
LWPOLYLINE
  5
C78
330
A02
100
AcDbEntity
100
AcDbPolyline
  8
IsoView
 90
2
 70
0
 43
0
 10
-350.277635725
 20
69.901082495
 10
-349.106062850
 20
68.268089333
  0
LWPOLYLINE
  5
C79
330
A02
100
AcDbEntity
100
AcDbPolyline
  8
IsoView
 90
4
 70
0
 43
0
 10
-349.106062850
 20
68.268089333
 10
-353.061319362
 20
65.958832741
 10
-357.103063212
 20
68.178668782
 10
-357.106062850
 20
68.268089333
  0
LWPOLYLINE
  5
C7A
330
A02
100
AcDbEntity
100
AcDbPolyline
  8
IsoView
 90
3
 70
0
 43
0
 10
-357.106062850
 20
68.268089333
 10
-353.150806338
 20
70.577345925
 10
-350.277635725
 20
69.901082495
  0
LWPOLYLINE
  5
C7B
330
A02
100
AcDbEntity
100
AcDbPolyline
  8
IsoView
 90
3
 70
0
 43
0
 10
-477.556856339
 20
-3.583609789
 10
-482.411491784
 20
-3.225415713
 10
-484.385283464
 20
-5.216602950
  0
LWPOLYLINE
  5
C7C
330
A02
100
AcDbEntity
100
AcDbPolyline
  8
IsoView
 90
4
 70
0
 43
0
 10
-484.385283464
 20
-5.216602950
 10
-480.430026952
 20
-7.525859542
 10
-476.388283101
 20
-5.306023501
 10
-476.385283464
 20
-5.216602950
  0
LWPOLYLINE
  5
C7D
330
A02
100
AcDbEntity
100
AcDbPolyline
  8
IsoView
 90
2
 70
0
 43
0
 10
-476.385283464
 20
-5.216602950
 10
-477.556856339
 20
-3.583609789
  0
LWPOLYLINE
  5
C7E
330
A02
100
AcDbEntity
100
AcDbPolyline
  8
IsoView
 90
3
 70
0
 43
0
 10
-404.017751096
 20
38.874212420
 10
-408.872386541
 20
39.232406495
 10
-410.846178220
 20
37.241219258
  0
LWPOLYLINE
  5
C7F
330
A02
100
AcDbEntity
100
AcDbPolyline
  8
IsoView
 90
4
 70
0
 43
0
 10
-410.846178220
 20
37.241219258
 10
-406.890921708
 20
34.931962666
 10
-402.849177858
 20
37.151798707
 10
-402.846178220
 20
37.241219258
  0
LWPOLYLINE
  5
C80
330
A02
100
AcDbEntity
100
AcDbPolyline
  8
IsoView
 90
2
 70
0
 43
0
 10
-402.846178220
 20
37.241219258
 10
-404.017751096
 20
38.874212420
  0
LWPOLYLINE
  5
C81
330
A02
100
AcDbEntity
100
AcDbPolyline
  8
IsoView
 90
2
 70
0
 43
0
 10
-279.566957607
 20
110.725911541
 10
-278.395384731
 20
109.092918379
  0
LWPOLYLINE
  5
C82
330
A02
100
AcDbEntity
100
AcDbPolyline
  8
IsoView
 90
4
 70
0
 43
0
 10
-278.395384731
 20
109.092918379
 10
-282.350641244
 20
106.783661788
 10
-286.392385094
 20
109.003497829
 10
-286.395384731
 20
109.092918379
  0
LWPOLYLINE
  5
C83
330
A02
100
AcDbEntity
100
AcDbPolyline
  8
IsoView
 90
3
 70
0
 43
0
 10
-286.395384731
 20
109.092918379
 10
-282.440128219
 20
111.402174971
 10
-279.566957607
 20
110.725911541
  0
LWPOLYLINE
  5
C84
330
A02
100
AcDbEntity
100
AcDbPolyline
  8
IsoView
 90
3
 70
0
 43
0
 10
-314.922296666
 20
90.313497018
 10
-319.776932111
 20
90.671691094
 10
-321.750723791
 20
88.680503856
  0
LWPOLYLINE
  5
C85
330
A02
100
AcDbEntity
100
AcDbPolyline
  8
IsoView
 90
4
 70
0
 43
0
 10
-321.750723791
 20
88.680503856
 10
-317.795467279
 20
86.371247264
 10
-313.753723429
 20
88.591083306
 10
-313.750723791
 20
88.680503856
  0
LWPOLYLINE
  5
C86
330
A02
100
AcDbEntity
100
AcDbPolyline
  8
IsoView
 90
2
 70
0
 43
0
 10
-313.750723791
 20
88.680503856
 10
-314.922296666
 20
90.313497018
  0
LWPOLYLINE
  5
C87
330
A02
100
AcDbEntity
100
AcDbPolyline
  8
IsoView
 90
3
 70
0
 43
0
 10
-222.998415112
 20
143.385774778
 10
-227.853050557
 20
143.743968854
 10
-229.826842237
 20
141.752781617
  0
LWPOLYLINE
  5
C88
330
A02
100
AcDbEntity
100
AcDbPolyline
  8
IsoView
 90
4
 70
0
 43
0
 10
-229.826842237
 20
141.752781617
 10
-225.871585724
 20
139.443525025
 10
-221.829841874
 20
141.663361066
 10
-221.826842237
 20
141.752781617
  0
LWPOLYLINE
  5
C89
330
A02
100
AcDbEntity
100
AcDbPolyline
  8
IsoView
 90
2
 70
0
 43
0
 10
-221.826842237
 20
141.752781617
 10
-222.998415112
 20
143.385774778
  0
LWPOLYLINE
  5
C8A
330
A02
100
AcDbEntity
100
AcDbPolyline
  8
IsoView
 90
3
 70
0
 43
0
 10
-152.287736993
 20
184.210603825
 10
-157.142372438
 20
184.568797900
 10
-159.116164118
 20
182.577610663
  0
LWPOLYLINE
  5
C8B
330
A02
100
AcDbEntity
100
AcDbPolyline
  8
IsoView
 90
4
 70
0
 43
0
 10
-159.116164118
 20
182.577610663
 10
-155.160907606
 20
180.268354071
 10
-151.119163756
 20
182.488190112
 10
-151.116164118
 20
182.577610663
  0
LWPOLYLINE
  5
C8C
330
A02
100
AcDbEntity
100
AcDbPolyline
  8
IsoView
 90
2
 70
0
 43
0
 10
-151.116164118
 20
182.577610663
 10
-152.287736993
 20
184.210603825
  0
LINE
  5
C8D
330
A02
100
AcDbEntity
  8
IsoView
100
AcDbLine
 10
-155.116164118
 20
231.567405519
 30
0.000000000
 11
-155.116164118
 21
198.907542281
 31
0.000000000
  0
LWPOLYLINE
  5
C8E
330
A02
100
AcDbEntity
100
AcDbPolyline
  8
IsoView
 90
2
 70
0
 43
0
 10
-426.645168094
 20
58.470130362
 10
-425.816740969
 20
56.639021909
  0
LWPOLYLINE
  5
C8F
330
A02
100
AcDbEntity
100
AcDbPolyline
  8
IsoView
 90
4
 70
0
 43
0
 10
-425.816740969
 20
56.639021909
 10
-421.839237840
 20
58.909746231
 10
-421.740800319
 20
63.519917101
 10
-421.816740969
 20
63.567225139
  0
LWPOLYLINE
  5
C90
330
A02
100
AcDbEntity
100
AcDbPolyline
  8
IsoView
 90
3
 70
0
 43
0
 10
-421.816740969
 20
63.567225139
 10
-425.794244097
 20
61.296500817
 10
-426.645168094
 20
58.470130362
  0
LWPOLYLINE
  5
C91
330
A02
100
AcDbEntity
100
AcDbPolyline
  8
IsoView
 90
2
 70
0
 43
0
 10
-172.086726866
 20
205.439514929
 10
-171.258299742
 20
203.608406476
  0
LWPOLYLINE
  5
C92
330
A02
100
AcDbEntity
100
AcDbPolyline
  8
IsoView
 90
4
 70
0
 43
0
 10
-171.258299742
 20
203.608406476
 10
-167.280796613
 20
205.879130798
 10
-167.182359092
 20
210.489301668
 10
-167.258299742
 20
210.536609706
  0
LWPOLYLINE
  5
C93
330
A02
100
AcDbEntity
100
AcDbPolyline
  8
IsoView
 90
3
 70
0
 43
0
 10
-167.258299742
 20
210.536609706
 10
-171.235802870
 20
208.265885384
 10
-172.086726866
 20
205.439514929
  0
LWPOLYLINE
  5
C94
330
A02
100
AcDbEntity
100
AcDbPolyline
  8
IsoView
 90
2
 70
0
 43
0
 10
-242.797404985
 20
164.614685883
 10
-241.968977860
 20
162.783577429
  0
LWPOLYLINE
  5
C95
330
A02
100
AcDbEntity
100
AcDbPolyline
  8
IsoView
 90
4
 70
0
 43
0
 10
-241.968977860
 20
162.783577429
 10
-237.991474732
 20
165.054301751
 10
-237.893037211
 20
169.664472622
 10
-237.968977860
 20
169.711780660
  0
LWPOLYLINE
  5
C96
330
A02
100
AcDbEntity
100
AcDbPolyline
  8
IsoView
 90
3
 70
0
 43
0
 10
-237.968977860
 20
169.711780660
 10
-241.946480989
 20
167.441056337
 10
-242.797404985
 20
164.614685883
  0
LWPOLYLINE
  5
C97
330
A02
100
AcDbEntity
100
AcDbPolyline
  8
IsoView
 90
2
 70
0
 43
0
 10
-299.365947480
 20
131.954822645
 10
-298.537520355
 20
130.123714192
  0
LWPOLYLINE
  5
C98
330
A02
100
AcDbEntity
100
AcDbPolyline
  8
IsoView
 90
4
 70
0
 43
0
 10
-298.537520355
 20
130.123714192
 10
-294.560017227
 20
132.394438514
 10
-294.461579706
 20
137.004609385
 10
-294.537520355
 20
137.051917422
  0
LWPOLYLINE
  5
C99
330
A02
100
AcDbEntity
100
AcDbPolyline
  8
IsoView
 90
3
 70
0
 43
0
 10
-294.537520355
 20
137.051917422
 10
-298.515023484
 20
134.781193100
 10
-299.365947480
 20
131.954822645
  0
LWPOLYLINE
  5
C9A
330
A02
100
AcDbEntity
100
AcDbPolyline
  8
IsoView
 90
2
 70
0
 43
0
 10
-334.721286539
 20
111.542408122
 10
-333.892859415
 20
109.711299669
  0
LWPOLYLINE
  5
C9B
330
A02
100
AcDbEntity
100
AcDbPolyline
  8
IsoView
 90
4
 70
0
 43
0
 10
-333.892859415
 20
109.711299669
 10
-329.915356286
 20
111.982023991
 10
-329.816918765
 20
116.592194861
 10
-329.892859415
 20
116.639502899
  0
LWPOLYLINE
  5
C9C
330
A02
100
AcDbEntity
100
AcDbPolyline
  8
IsoView
 90
3
 70
0
 43
0
 10
-329.892859415
 20
116.639502899
 10
-333.870362543
 20
114.368778577
 10
-334.721286539
 20
111.542408122
  0
LWPOLYLINE
  5
C9D
330
A02
100
AcDbEntity
100
AcDbPolyline
  8
IsoView
 90
2
 70
0
 43
0
 10
-370.076625599
 20
91.129993599
 10
-369.248198474
 20
89.298885146
  0
LWPOLYLINE
  5
C9E
330
A02
100
AcDbEntity
100
AcDbPolyline
  8
IsoView
 90
4
 70
0
 43
0
 10
-369.248198474
 20
89.298885146
 10
-365.270695345
 20
91.569609468
 10
-365.172257824
 20
96.179780338
 10
-365.248198474
 20
96.227088376
  0
LWPOLYLINE
  5
C9F
330
A02
100
AcDbEntity
100
AcDbPolyline
  8
IsoView
 90
3
 70
0
 43
0
 10
-365.248198474
 20
96.227088376
 10
-369.225701602
 20
93.956364054
 10
-370.076625599
 20
91.129993599
  0
LWPOLYLINE
  5
CA0
330
A02
100
AcDbEntity
100
AcDbPolyline
  8
IsoView
 90
2
 70
0
 43
0
 10
-497.355846212
 20
17.645301316
 10
-496.527419087
 20
15.814192862
  0
LWPOLYLINE
  5
CA1
330
A02
100
AcDbEntity
100
AcDbPolyline
  8
IsoView
 90
4
 70
0
 43
0
 10
-496.527419087
 20
15.814192862
 10
-492.549915959
 20
18.084917184
 10
-492.451478438
 20
22.695088055
 10
-492.527419087
 20
22.742396093
  0
LWPOLYLINE
  5
CA2
330
A02
100
AcDbEntity
100
AcDbPolyline
  8
IsoView
 90
3
 70
0
 43
0
 10
-492.527419087
 20
22.742396093
 10
-496.504922216
 20
20.471671770
 10
-497.355846212
 20
17.645301316
  0
LINE
  5
CA3
330
A02
100
AcDbEntity
  8
IsoView
100
AcDbLine
 10
-183.400435365
 20
-160.350953327
 30
0.000000000
 11
-224.143514939
 21
-136.827925367
 31
0.000000000
  0
LINE
  5
CA4
330
A02
100
AcDbEntity
  8
IsoView
100
AcDbLine
 10
-280.712057434
 20
-104.168062130
 30
0.000000000
 11
-452.101012216
 21
-5.216602950
 31
0.000000000
  0
LINE
  5
CA5
330
A02
100
AcDbEntity
  8
IsoView
100
AcDbLine
 10
-536.953825959
 20
11.113328668
 30
0.000000000
 11
-508.669554711
 21
27.443260287
 31
0.000000000
  0
LINE
  5
CA6
330
A02
100
AcDbEntity
  8
IsoView
100
AcDbLine
 10
-536.953825959
 20
11.113328668
 30
0.000000000
 11
-536.953825959
 21
-21.546534569
 31
0.000000000
  0
LINE
  5
CA7
330
A02
100
AcDbEntity
  8
IsoView
100
AcDbLine
 10
-536.953825959
 20
-21.546534569
 30
0.000000000
 11
-407.991278048
 21
-96.003096321
 31
0.000000000
  0
LINE
  5
CA8
330
A02
100
AcDbEntity
  8
IsoView
100
AcDbLine
 10
-508.669554711
 20
27.443260287
 30
0.000000000
 11
-508.669554711
 21
-5.216602950
 31
0.000000000
  0
LINE
  5
CA9
330
A02
100
AcDbEntity
  8
IsoView
100
AcDbLine
 10
-508.669554711
 20
-5.216602950
 30
0.000000000
 11
-308.996328682
 21
-120.497993749
 31
0.000000000
  0
LINE
  5
CAA
330
A02
100
AcDbEntity
  8
IsoView
100
AcDbLine
 10
-252.427786187
 20
-153.157856986
 30
0.000000000
 11
-195.350539967
 21
-186.111420455
 31
0.000000000
  0
LWPOLYLINE
  5
CAB
330
A02
100
AcDbEntity
100
AcDbPolyline
  8
IsoView
 90
2
 70
0
 43
0
 10
-299.365947480
 20
-109.728165309
 10
-298.537520355
 20
-107.897056856
  0
LWPOLYLINE
  5
CAC
330
A02
100
AcDbEntity
100
AcDbPolyline
  8
IsoView
 90
3
 70
0
 43
0
 10
-298.537520355
 20
-107.897056856
 10
-294.560017227
 20
-110.167781178
 10
-293.881579357
 20
-111.771489157
  0
LWPOLYLINE
  5
CAD
330
A02
100
AcDbEntity
100
AcDbPolyline
  8
IsoView
 90
2
 70
0
 43
0
 10
-297.510134057
 20
-113.866436190
 10
-299.365947480
 20
-109.728165309
  0
LWPOLYLINE
  5
CAE
330
A02
100
AcDbEntity
100
AcDbPolyline
  8
IsoView
 90
2
 70
0
 43
0
 10
-370.076625599
 20
-68.903336263
 10
-369.248198474
 20
-67.072227810
  0
LWPOLYLINE
  5
CAF
330
A02
100
AcDbEntity
100
AcDbPolyline
  8
IsoView
 90
4
 70
0
 43
0
 10
-369.248198474
 20
-67.072227810
 10
-365.270695345
 20
-69.342952132
 10
-365.172257824
 20
-73.953123002
 10
-365.248198474
 20
-74.000431040
  0
LWPOLYLINE
  5
CB0
330
A02
100
AcDbEntity
100
AcDbPolyline
  8
IsoView
 90
3
 70
0
 43
0
 10
-365.248198474
 20
-74.000431040
 10
-369.225701602
 20
-71.729706718
 10
-370.076625599
 20
-68.903336263
  0
LWPOLYLINE
  5
CB1
330
A02
100
AcDbEntity
100
AcDbPolyline
  8
IsoView
 90
3
 70
0
 43
0
 10
-334.721286539
 20
-89.315750786
 10
-332.604173986
 20
-93.699085445
 10
-329.892859415
 20
-94.412845563
  0
LWPOLYLINE
  5
CB2
330
A02
100
AcDbEntity
100
AcDbPolyline
  8
IsoView
 90
4
 70
0
 43
0
 10
-329.892859415
 20
-94.412845563
 10
-329.870612798
 20
-89.832864649
 10
-333.813919127
 20
-87.442529820
 10
-333.892859415
 20
-87.484642333
  0
LWPOLYLINE
  5
CB3
330
A02
100
AcDbEntity
100
AcDbPolyline
  8
IsoView
 90
2
 70
0
 43
0
 10
-333.892859415
 20
-87.484642333
 10
-334.721286539
 20
-89.315750786
  0
LWPOLYLINE
  5
CB4
330
A02
100
AcDbEntity
100
AcDbPolyline
  8
IsoView
 90
3
 70
0
 43
0
 10
-426.645168094
 20
-36.243473026
 10
-424.528055540
 20
-40.626807685
 10
-421.816740969
 20
-41.340567803
  0
LWPOLYLINE
  5
CB5
330
A02
100
AcDbEntity
100
AcDbPolyline
  8
IsoView
 90
4
 70
0
 43
0
 10
-421.816740969
 20
-41.340567803
 10
-421.794494352
 20
-36.760586889
 10
-425.737800681
 20
-34.370252060
 10
-425.816740969
 20
-34.412364572
  0
LWPOLYLINE
  5
CB6
330
A02
100
AcDbEntity
100
AcDbPolyline
  8
IsoView
 90
2
 70
0
 43
0
 10
-425.816740969
 20
-34.412364572
 10
-426.645168094
 20
-36.243473026
  0
LINE
  5
CB7
330
A02
100
AcDbEntity
  8
IsoView
100
AcDbLine
 10
-536.953825959
 20
-21.546534569
 30
0.000000000
 11
-508.669554711
 21
-5.216602950
 31
0.000000000
  0
LWPOLYLINE
  5
CB8
330
A02
100
AcDbEntity
100
AcDbPolyline
  8
IsoView
 90
2
 70
0
 43
0
 10
-505.841127586
 20
-23.179527731
 10
-504.669554711
 20
-21.546534569
  0
LWPOLYLINE
  5
CB9
330
A02
100
AcDbEntity
100
AcDbPolyline
  8
IsoView
 90
4
 70
0
 43
0
 10
-504.669554711
 20
-21.546534569
 10
-508.624811223
 20
-19.237277977
 10
-512.666555073
 20
-21.457114018
 10
-512.669554711
 20
-21.546534569
  0
LWPOLYLINE
  5
CBA
330
A02
100
AcDbEntity
100
AcDbPolyline
  8
IsoView
 90
3
 70
0
 43
0
 10
-512.669554711
 20
-21.546534569
 10
-508.714298199
 20
-23.855791161
 10
-505.841127586
 20
-23.179527731
  0
LWPOLYLINE
  5
CBB
330
A02
100
AcDbEntity
100
AcDbPolyline
  8
IsoView
 90
2
 70
0
 43
0
 10
-435.130449468
 20
-64.004356777
 10
-433.958876592
 20
-62.371363615
  0
LWPOLYLINE
  5
CBC
330
A02
100
AcDbEntity
100
AcDbPolyline
  8
IsoView
 90
4
 70
0
 43
0
 10
-433.958876592
 20
-62.371363615
 10
-437.914133105
 20
-60.062107024
 10
-441.955876955
 20
-62.281943065
 10
-441.958876592
 20
-62.371363615
  0
LWPOLYLINE
  5
CBD
330
A02
100
AcDbEntity
100
AcDbPolyline
  8
IsoView
 90
3
 70
0
 43
0
 10
-441.958876592
 20
-62.371363615
 10
-438.003620080
 20
-64.680620207
 10
-435.130449468
 20
-64.004356777
  0
LWPOLYLINE
  5
CBE
330
A02
100
AcDbEntity
100
AcDbPolyline
  8
IsoView
 90
2
 70
0
 43
0
 10
-378.004127396
 20
-93.801917537
 10
-379.261107905
 20
-93.076199502
  0
LWPOLYLINE
  5
CBF
330
A02
100
AcDbEntity
100
AcDbPolyline
  8
IsoView
 90
2
 70
0
 43
0
 10
-342.648788337
 20
-114.214332060
 10
-343.905768846
 20
-113.488614025
  0
LINE
  5
CC0
330
A02
100
AcDbEntity
  8
IsoView
100
AcDbLine
 10
918.118447941
 20
-355.405023420
 30
0.000000000
 11
564.565057347
 21
-151.280878188
 31
0.000000000
  0
LINE
  5
CC1
330
A02
100
AcDbEntity
  8
IsoView
100
AcDbLine
 10
536.280786100
 20
-167.610809806
 30
0.000000000
 11
564.565057347
 21
-151.280878188
 31
0.000000000
  0
LINE
  5
CC2
330
A02
100
AcDbEntity
  8
IsoView
100
AcDbLine
 10
889.834176693
 20
-404.394818276
 30
0.000000000
 11
918.118447941
 21
-388.064886657
 31
0.000000000
  0
LINE
  5
CC3
330
A02
100
AcDbEntity
  8
IsoView
100
AcDbLine
 10
918.118447941
 20
-388.064886657
 30
0.000000000
 11
918.118447941
 21
-355.405023420
 31
0.000000000
  0
LINE
  5
CC4
330
A02
100
AcDbEntity
  8
IsoView
100
AcDbLine
 10
536.280786100
 20
-167.610809806
 30
0.000000000
 11
536.280786100
 21
-172.183190660
 31
0.000000000
  0
LINE
  5
CC5
330
A02
100
AcDbEntity
  8
IsoView
100
AcDbLine
 10
839.274373287
 20
-375.204102169
 30
0.000000000
 11
889.834176693
 21
-404.394818276
 31
0.000000000
  0
LINE
  5
CC6
330
A02
100
AcDbEntity
  8
IsoView
100
AcDbLine
 10
564.565057347
 20
-151.280878188
 30
0.000000000
 11
564.565057347
 21
-175.775775616
 31
0.000000000
  0
LINE
  5
CC7
330
A02
100
AcDbEntity
  8
IsoView
100
AcDbLine
 10
611.870501009
 20
-211.252552057
 30
0.000000000
 11
918.118447941
 21
-388.064886657
 31
0.000000000
  0
LWPOLYLINE
  5
CC8
330
A02
100
AcDbEntity
100
AcDbPolyline
  8
IsoView
 90
2
 70
0
 43
0
 10
773.868664579
 20
-288.452303784
 10
774.697091703
 20
-286.621195331
  0
LWPOLYLINE
  5
CC9
330
A02
100
AcDbEntity
100
AcDbPolyline
  8
IsoView
 90
4
 70
0
 43
0
 10
774.697091703
 20
-286.621195331
 10
778.674594832
 20
-288.891919653
 10
778.773032353
 20
-293.502090523
 10
778.697091703
 20
-293.549398561
  0
LWPOLYLINE
  5
CCA
330
A02
100
AcDbEntity
100
AcDbPolyline
  8
IsoView
 90
3
 70
0
 43
0
 10
778.697091703
 20
-293.549398561
 10
774.719588575
 20
-291.278674239
 10
773.868664579
 20
-288.452303784
  0
LWPOLYLINE
  5
CCB
330
A02
100
AcDbEntity
100
AcDbPolyline
  8
IsoView
 90
3
 70
0
 43
0
 10
901.147885192
 20
-361.936996067
 10
903.264997746
 20
-366.320330727
 10
905.976312317
 20
-367.034090844
  0
LWPOLYLINE
  5
CCC
330
A02
100
AcDbEntity
100
AcDbPolyline
  8
IsoView
 90
4
 70
0
 43
0
 10
905.976312317
 20
-367.034090844
 10
905.998558933
 20
-362.454109930
 10
902.055252604
 20
-360.063775101
 10
901.976312317
 20
-360.105887614
  0
LWPOLYLINE
  5
CCD
330
A02
100
AcDbEntity
100
AcDbPolyline
  8
IsoView
 90
2
 70
0
 43
0
 10
901.976312317
 20
-360.105887614
 10
901.147885192
 20
-361.936996067
  0
LWPOLYLINE
  5
CCE
330
A02
100
AcDbEntity
100
AcDbPolyline
  8
IsoView
 90
3
 70
0
 43
0
 10
827.608779949
 20
-319.479173859
 10
829.725892502
 20
-323.862508518
 10
832.437207073
 20
-324.576268636
  0
LWPOLYLINE
  5
CCF
330
A02
100
AcDbEntity
100
AcDbPolyline
  8
IsoView
 90
4
 70
0
 43
0
 10
832.437207073
 20
-324.576268636
 10
832.459453690
 20
-319.996287722
 10
828.516147361
 20
-317.605952893
 10
828.437207073
 20
-317.648065406
  0
LWPOLYLINE
  5
CD0
330
A02
100
AcDbEntity
100
AcDbPolyline
  8
IsoView
 90
2
 70
0
 43
0
 10
828.437207073
 20
-317.648065406
 10
827.608779949
 20
-319.479173859
  0
LWPOLYLINE
  5
CD1
330
A02
100
AcDbEntity
100
AcDbPolyline
  8
IsoView
 90
2
 70
0
 43
0
 10
703.157986460
 20
-247.627474737
 10
703.986413585
 20
-245.796366284
  0
LWPOLYLINE
  5
CD2
330
A02
100
AcDbEntity
100
AcDbPolyline
  8
IsoView
 90
4
 70
0
 43
0
 10
703.986413585
 20
-245.796366284
 10
707.963916713
 20
-248.067090606
 10
708.062354234
 20
-252.677261477
 10
707.986413585
 20
-252.724569514
  0
LWPOLYLINE
  5
CD3
330
A02
100
AcDbEntity
100
AcDbPolyline
  8
IsoView
 90
3
 70
0
 43
0
 10
707.986413585
 20
-252.724569514
 10
704.008910456
 20
-250.453845192
 10
703.157986460
 20
-247.627474737
  0
LWPOLYLINE
  5
CD4
330
A02
100
AcDbEntity
100
AcDbPolyline
  8
IsoView
 90
3
 70
0
 43
0
 10
738.513325519
 20
-268.039889261
 10
740.630438073
 20
-272.423223920
 10
743.341752644
 20
-273.136984038
  0
LWPOLYLINE
  5
CD5
330
A02
100
AcDbEntity
100
AcDbPolyline
  8
IsoView
 90
4
 70
0
 43
0
 10
743.341752644
 20
-273.136984038
 10
743.363999260
 20
-268.557003124
 10
739.420692931
 20
-266.166668295
 10
739.341752644
 20
-266.208780807
  0
LWPOLYLINE
  5
CD6
330
A02
100
AcDbEntity
100
AcDbPolyline
  8
IsoView
 90
2
 70
0
 43
0
 10
739.341752644
 20
-266.208780807
 10
738.513325519
 20
-268.039889261
  0
LWPOLYLINE
  5
CD7
330
A02
100
AcDbEntity
100
AcDbPolyline
  8
IsoView
 90
3
 70
0
 43
0
 10
646.589443965
 20
-214.967611500
 10
648.706556519
 20
-219.350946160
 10
651.417871090
 20
-220.064706277
  0
LWPOLYLINE
  5
CD8
330
A02
100
AcDbEntity
100
AcDbPolyline
  8
IsoView
 90
4
 70
0
 43
0
 10
651.417871090
 20
-220.064706277
 10
651.440117706
 20
-215.484725363
 10
647.496811377
 20
-213.094390534
 10
647.417871090
 20
-213.136503047
  0
LWPOLYLINE
  5
CD9
330
A02
100
AcDbEntity
100
AcDbPolyline
  8
IsoView
 90
2
 70
0
 43
0
 10
647.417871090
 20
-213.136503047
 10
646.589443965
 20
-214.967611500
  0
LWPOLYLINE
  5
CDA
330
A02
100
AcDbEntity
100
AcDbPolyline
  8
IsoView
 90
3
 70
0
 43
0
 10
575.878765846
 20
-174.142782454
 10
577.995878400
 20
-178.526117113
 10
580.707192971
 20
-179.239877231
  0
LWPOLYLINE
  5
CDB
330
A02
100
AcDbEntity
100
AcDbPolyline
  8
IsoView
 90
4
 70
0
 43
0
 10
580.707192971
 20
-179.239877231
 10
580.729439587
 20
-174.659896317
 10
576.786133258
 20
-172.269561488
 10
576.707192971
 20
-172.311674001
  0
LWPOLYLINE
  5
CDC
330
A02
100
AcDbEntity
100
AcDbPolyline
  8
IsoView
 90
2
 70
0
 43
0
 10
576.707192971
 20
-172.311674001
 10
575.878765846
 20
-174.142782454
  0
LWPOLYLINE
  5
CDD
330
A02
100
AcDbEntity
100
AcDbPolyline
  8
IsoView
 90
2
 70
0
 43
0
 10
822.509705276
 20
-346.010748295
 10
821.252724767
 20
-345.285030260
  0
LWPOLYLINE
  5
CDE
330
A02
100
AcDbEntity
100
AcDbPolyline
  8
IsoView
 90
2
 70
0
 43
0
 10
730.585823721
 20
-292.938470535
 10
729.328843212
 20
-292.212752500
  0
LWPOLYLINE
  5
CDF
330
A02
100
AcDbEntity
100
AcDbPolyline
  8
IsoView
 90
2
 70
0
 43
0
 10
765.941162781
 20
-313.350885058
 10
764.684182272
 20
-312.625167023
  0
LWPOLYLINE
  5
CE0
330
A02
100
AcDbEntity
100
AcDbPolyline
  8
IsoView
 90
2
 70
0
 43
0
 10
892.662603818
 20
-389.697879819
 10
893.834176693
 20
-388.064886657
  0
LWPOLYLINE
  5
CE1
330
A02
100
AcDbEntity
100
AcDbPolyline
  8
IsoView
 90
4
 70
0
 43
0
 10
893.834176693
 20
-388.064886657
 10
889.878920181
 20
-385.755630065
 10
885.837176331
 20
-387.975466106
 10
885.834176693
 20
-388.064886657
  0
LWPOLYLINE
  5
CE2
330
A02
100
AcDbEntity
100
AcDbPolyline
  8
IsoView
 90
3
 70
0
 43
0
 10
885.834176693
 20
-388.064886657
 10
889.789433205
 20
-390.374143249
 10
892.662603818
 20
-389.697879819
  0
LINE
  5
CE3
330
A02
100
AcDbEntity
  8
IsoView
100
AcDbLine
 10
536.280786100
 20
-608.518963507
 30
0.000000000
 11
711.995152674
 21
-507.070226666
 31
0.000000000
  0
LINE
  5
CE4
330
A02
100
AcDbEntity
  8
IsoView
100
AcDbLine
 10
768.563695169
 20
-474.410363429
 30
0.000000000
 11
889.834176693
 21
-404.394818276
 31
0.000000000
  0
LINE
  5
CE5
330
A02
100
AcDbEntity
  8
IsoView
100
AcDbLine
 10
507.996514852
 20
-559.529168652
 30
0.000000000
 11
507.996514852
 21
-592.189031889
 31
0.000000000
  0
LINE
  5
CE6
330
A02
100
AcDbEntity
  8
IsoView
100
AcDbLine
 10
507.996514852
 20
-592.189031889
 30
0.000000000
 11
536.280786100
 21
-608.518963507
 31
0.000000000
  0
LINE
  5
CE7
330
A02
100
AcDbEntity
  8
IsoView
100
AcDbLine
 10
793.596943774
 20
-394.637684133
 30
0.000000000
 11
768.563695169
 21
-409.090636954
 31
0.000000000
  0
LINE
  5
CE8
330
A02
100
AcDbEntity
  8
IsoView
100
AcDbLine
 10
711.995152674
 20
-441.750500191
 30
0.000000000
 11
507.996514852
 21
-559.529168652
 31
0.000000000
  0
LINE
  5
CE9
330
A02
100
AcDbEntity
  8
IsoView
100
AcDbLine
 10
889.834176693
 20
-404.394818276
 30
0.000000000
 11
861.549905446
 21
-388.064886657
 31
0.000000000
  0
LINE
  5
CEA
330
A02
100
AcDbEntity
  8
IsoView
100
AcDbLine
 10
861.549905446
 20
-388.064886657
 30
0.000000000
 11
768.563695169
 21
-441.750500191
 31
0.000000000
  0
LINE
  5
CEB
330
A02
100
AcDbEntity
  8
IsoView
100
AcDbLine
 10
711.995152674
 20
-474.410363429
 30
0.000000000
 11
507.996514852
 21
-592.189031889
 31
0.000000000
  0
LWPOLYLINE
  5
CEC
330
A02
100
AcDbEntity
100
AcDbPolyline
  8
IsoView
 90
2
 70
0
 43
0
 10
666.388433838
 20
-517.071346444
 10
667.560006713
 20
-518.704339605
  0
LWPOLYLINE
  5
CED
330
A02
100
AcDbEntity
100
AcDbPolyline
  8
IsoView
 90
4
 70
0
 43
0
 10
667.560006713
 20
-518.704339605
 10
663.604750201
 20
-521.013596197
 10
659.563006351
 20
-518.793760156
 10
659.560006713
 20
-518.704339605
  0
LWPOLYLINE
  5
CEE
330
A02
100
AcDbEntity
100
AcDbPolyline
  8
IsoView
 90
3
 70
0
 43
0
 10
659.560006713
 20
-518.704339605
 10
663.515263226
 20
-516.395083014
 10
666.388433838
 20
-517.071346444
  0
LWPOLYLINE
  5
CEF
330
A02
100
AcDbEntity
100
AcDbPolyline
  8
IsoView
 90
3
 70
0
 43
0
 10
539.109213225
 20
-590.556038727
 10
534.254577779
 20
-590.197844652
 10
532.280786100
 20
-592.189031889
  0
LWPOLYLINE
  5
CF0
330
A02
100
AcDbEntity
100
AcDbPolyline
  8
IsoView
 90
4
 70
0
 43
0
 10
532.280786100
 20
-592.189031889
 10
536.236042612
 20
-594.498288481
 10
540.277786462
 20
-592.278452440
 10
540.280786100
 20
-592.189031889
  0
LWPOLYLINE
  5
CF1
330
A02
100
AcDbEntity
100
AcDbPolyline
  8
IsoView
 90
2
 70
0
 43
0
 10
540.280786100
 20
-592.189031889
 10
539.109213225
 20
-590.556038727
  0
LWPOLYLINE
  5
CF2
330
A02
100
AcDbEntity
100
AcDbPolyline
  8
IsoView
 90
3
 70
0
 43
0
 10
612.648318468
 20
-548.098216519
 10
607.793683023
 20
-547.740022443
 10
605.819891343
 20
-549.731209681
  0
LWPOLYLINE
  5
CF3
330
A02
100
AcDbEntity
100
AcDbPolyline
  8
IsoView
 90
4
 70
0
 43
0
 10
605.819891343
 20
-549.731209681
 10
609.775147855
 20
-552.040466272
 10
613.816891705
 20
-549.820630231
 10
613.819891343
 20
-549.731209681
  0
LWPOLYLINE
  5
CF4
330
A02
100
AcDbEntity
100
AcDbPolyline
  8
IsoView
 90
2
 70
0
 43
0
 10
613.819891343
 20
-549.731209681
 10
612.648318468
 20
-548.098216519
  0
LWPOLYLINE
  5
CF5
330
A02
100
AcDbEntity
100
AcDbPolyline
  8
IsoView
 90
3
 70
0
 43
0
 10
701.743772898
 20
-496.658931920
 10
696.889137452
 20
-496.300737845
 10
694.915345773
 20
-498.291925082
  0
LWPOLYLINE
  5
CF6
330
A02
100
AcDbEntity
100
AcDbPolyline
  8
IsoView
 90
4
 70
0
 43
0
 10
694.915345773
 20
-498.291925082
 10
698.870602285
 20
-500.601181674
 10
702.912346135
 20
-498.381345633
 10
702.915345773
 20
-498.291925082
  0
LWPOLYLINE
  5
CF7
330
A02
100
AcDbEntity
100
AcDbPolyline
  8
IsoView
 90
2
 70
0
 43
0
 10
702.915345773
 20
-498.291925082
 10
701.743772898
 20
-496.658931920
  0
LWPOLYLINE
  5
CF8
330
A02
100
AcDbEntity
100
AcDbPolyline
  8
IsoView
 90
3
 70
0
 43
0
 10
793.667654452
 20
-443.586654160
 10
788.813019007
 20
-443.228460085
 10
786.839227327
 20
-445.219647322
  0
LWPOLYLINE
  5
CF9
330
A02
100
AcDbEntity
100
AcDbPolyline
  8
IsoView
 90
4
 70
0
 43
0
 10
786.839227327
 20
-445.219647322
 10
790.794483839
 20
-447.528903914
 10
794.836227689
 20
-445.309067873
 10
794.839227327
 20
-445.219647322
  0
LWPOLYLINE
  5
CFA
330
A02
100
AcDbEntity
100
AcDbPolyline
  8
IsoView
 90
2
 70
0
 43
0
 10
794.839227327
 20
-445.219647322
 10
793.667654452
 20
-443.586654160
  0
LWPOLYLINE
  5
CFB
330
A02
100
AcDbEntity
100
AcDbPolyline
  8
IsoView
 90
3
 70
0
 43
0
 10
864.378332570
 20
-402.761825114
 10
859.523697125
 20
-402.403631038
 10
857.549905446
 20
-404.394818276
  0
LWPOLYLINE
  5
CFC
330
A02
100
AcDbEntity
100
AcDbPolyline
  8
IsoView
 90
4
 70
0
 43
0
 10
857.549905446
 20
-404.394818276
 10
861.505161958
 20
-406.704074867
 10
865.546905808
 20
-404.484238826
 10
865.549905446
 20
-404.394818276
  0
LWPOLYLINE
  5
CFD
330
A02
100
AcDbEntity
100
AcDbPolyline
  8
IsoView
 90
2
 70
0
 43
0
 10
865.549905446
 20
-404.394818276
 10
864.378332570
 20
-402.761825114
  0
LWPOLYLINE
  5
CFE
330
A02
100
AcDbEntity
100
AcDbPolyline
  8
IsoView
 90
2
 70
0
 43
0
 10
590.020901470
 20
-528.502298577
 10
590.849328595
 20
-530.333407030
  0
LWPOLYLINE
  5
CFF
330
A02
100
AcDbEntity
100
AcDbPolyline
  8
IsoView
 90
4
 70
0
 43
0
 10
590.849328595
 20
-530.333407030
 10
594.826831723
 20
-528.062682708
 10
594.925269244
 20
-523.452511837
 10
594.849328595
 20
-523.405203800
  0
LWPOLYLINE
  5
D00
330
A02
100
AcDbEntity
100
AcDbPolyline
  8
IsoView
 90
3
 70
0
 43
0
 10
594.849328595
 20
-523.405203800
 10
590.871825466
 20
-525.675928122
 10
590.020901470
 20
-528.502298577
  0
LWPOLYLINE
  5
D01
330
A02
100
AcDbEntity
100
AcDbPolyline
  8
IsoView
 90
2
 70
0
 43
0
 10
844.579342697
 20
-381.532914010
 10
845.407769822
 20
-383.364022463
  0
LWPOLYLINE
  5
D02
330
A02
100
AcDbEntity
100
AcDbPolyline
  8
IsoView
 90
3
 70
0
 43
0
 10
845.407769822
 20
-383.364022463
 10
849.385272950
 20
-381.093298141
 10
849.407769822
 20
-381.054621386
  0
LWPOLYLINE
  5
D03
330
A02
100
AcDbEntity
100
AcDbPolyline
  8
IsoView
 90
2
 70
0
 43
0
 10
845.407769822
 20
-378.745220309
 10
844.579342697
 20
-381.532914010
  0
LWPOLYLINE
  5
D04
330
A02
100
AcDbEntity
100
AcDbPolyline
  8
IsoView
 90
2
 70
0
 43
0
 10
773.868664579
 20
-422.357743056
 10
774.697091703
 20
-424.188851509
  0
LWPOLYLINE
  5
D05
330
A02
100
AcDbEntity
100
AcDbPolyline
  8
IsoView
 90
4
 70
0
 43
0
 10
774.697091703
 20
-424.188851509
 10
778.674594832
 20
-421.918127187
 10
778.773032353
 20
-417.307956317
 10
778.697091703
 20
-417.260648279
  0
LWPOLYLINE
  5
D06
330
A02
100
AcDbEntity
100
AcDbPolyline
  8
IsoView
 90
3
 70
0
 43
0
 10
778.697091703
 20
-417.260648279
 10
774.719588575
 20
-419.531372601
 10
773.868664579
 20
-422.357743056
  0
LWPOLYLINE
  5
D07
330
A02
100
AcDbEntity
100
AcDbPolyline
  8
IsoView
 90
2
 70
0
 43
0
 10
681.944783024
 20
-475.430020816
 10
682.773210149
 20
-477.261129270
  0
LWPOLYLINE
  5
D08
330
A02
100
AcDbEntity
100
AcDbPolyline
  8
IsoView
 90
4
 70
0
 43
0
 10
682.773210149
 20
-477.261129270
 10
686.750713277
 20
-474.990404947
 10
686.849150799
 20
-470.380234077
 10
686.773210149
 20
-470.332926039
  0
LWPOLYLINE
  5
D09
330
A02
100
AcDbEntity
100
AcDbPolyline
  8
IsoView
 90
3
 70
0
 43
0
 10
686.773210149
 20
-470.332926039
 10
682.795707021
 20
-472.603650361
 10
681.944783024
 20
-475.430020816
  0
LWPOLYLINE
  5
D0A
330
A02
100
AcDbEntity
100
AcDbPolyline
  8
IsoView
 90
2
 70
0
 43
0
 10
646.589443965
 20
-495.842435339
 10
647.417871090
 20
-497.673543793
  0
LWPOLYLINE
  5
D0B
330
A02
100
AcDbEntity
100
AcDbPolyline
  8
IsoView
 90
4
 70
0
 43
0
 10
647.417871090
 20
-497.673543793
 10
651.395374218
 20
-495.402819471
 10
651.493811739
 20
-490.792648600
 10
651.417871090
 20
-490.745340562
  0
LWPOLYLINE
  5
D0C
330
A02
100
AcDbEntity
100
AcDbPolyline
  8
IsoView
 90
3
 70
0
 43
0
 10
651.417871090
 20
-490.745340562
 10
647.440367961
 20
-493.016064884
 10
646.589443965
 20
-495.842435339
  0
LWPOLYLINE
  5
D0D
330
A02
100
AcDbEntity
100
AcDbPolyline
  8
IsoView
 90
2
 70
0
 43
0
 10
519.310223351
 20
-569.327127623
 10
520.138650476
 20
-571.158236076
  0
LWPOLYLINE
  5
D0E
330
A02
100
AcDbEntity
100
AcDbPolyline
  8
IsoView
 90
4
 70
0
 43
0
 10
520.138650476
 20
-571.158236076
 10
524.116153605
 20
-568.887511754
 10
524.214591126
 20
-564.277340884
 10
524.138650476
 20
-564.230032846
  0
LWPOLYLINE
  5
D0F
330
A02
100
AcDbEntity
100
AcDbPolyline
  8
IsoView
 90
3
 70
0
 43
0
 10
524.138650476
 20
-564.230032846
 10
520.161147348
 20
-566.500757168
 10
519.310223351
 20
-569.327127623
  0
LINE
  5
D10
330
A02
100
AcDbEntity
  8
IsoView
100
AcDbLine
 10
218.082734566
 20
-416.642266989
 30
0.000000000
 11
524.896366923
 21
-239.503333757
 31
0.000000000
  0
LINE
  5
D11
330
A02
100
AcDbEntity
  8
IsoView
100
AcDbLine
 10
182.727395507
 20
-371.734955038
 30
0.000000000
 11
182.727395507
 21
-396.229852466
 31
0.000000000
  0
LINE
  5
D12
330
A02
100
AcDbEntity
  8
IsoView
100
AcDbLine
 10
536.280786100
 20
-167.610809806
 30
0.000000000
 11
532.320988125
 21
-169.897000233
 31
0.000000000
  0
LINE
  5
D13
330
A02
100
AcDbEntity
  8
IsoView
100
AcDbLine
 10
468.327824428
 20
-206.843470520
 30
0.000000000
 11
182.727395507
 21
-371.734955038
 31
0.000000000
  0
LINE
  5
D14
330
A02
100
AcDbEntity
  8
IsoView
100
AcDbLine
 10
496.612095675
 20
-223.173402139
 30
0.000000000
 11
189.798463318
 21
-400.312335371
 31
0.000000000
  0
LWPOLYLINE
  5
D15
330
A02
100
AcDbEntity
100
AcDbPolyline
  8
IsoView
 90
2
 70
0
 43
0
 10
341.119314492
 20
-329.277132830
 10
342.290887368
 20
-330.910125992
  0
LWPOLYLINE
  5
D16
330
A02
100
AcDbEntity
100
AcDbPolyline
  8
IsoView
 90
4
 70
0
 43
0
 10
342.290887368
 20
-330.910125992
 10
338.335630856
 20
-333.219382584
 10
334.293887005
 20
-330.999546543
 10
334.290887368
 20
-330.910125992
  0
LWPOLYLINE
  5
D17
330
A02
100
AcDbEntity
100
AcDbPolyline
  8
IsoView
 90
3
 70
0
 43
0
 10
334.290887368
 20
-330.910125992
 10
338.246143880
 20
-328.600869400
 10
341.119314492
 20
-329.277132830
  0
LWPOLYLINE
  5
D18
330
A02
100
AcDbEntity
100
AcDbPolyline
  8
IsoView
 90
3
 70
0
 43
0
 10
213.840093879
 20
-402.761825114
 10
208.985458434
 20
-402.403631038
 10
207.011666754
 20
-404.394818276
  0
LWPOLYLINE
  5
D19
330
A02
100
AcDbEntity
100
AcDbPolyline
  8
IsoView
 90
4
 70
0
 43
0
 10
207.011666754
 20
-404.394818276
 10
210.966923266
 20
-406.704074867
 10
215.008667116
 20
-404.484238826
 10
215.011666754
 20
-404.394818276
  0
LWPOLYLINE
  5
D1A
330
A02
100
AcDbEntity
100
AcDbPolyline
  8
IsoView
 90
2
 70
0
 43
0
 10
215.011666754
 20
-404.394818276
 10
213.840093879
 20
-402.761825114
  0
LWPOLYLINE
  5
D1B
330
A02
100
AcDbEntity
100
AcDbPolyline
  8
IsoView
 90
3
 70
0
 43
0
 10
287.379199122
 20
-360.304002905
 10
282.524563677
 20
-359.945808830
 10
280.550771997
 20
-361.936996067
  0
LWPOLYLINE
  5
D1C
330
A02
100
AcDbEntity
100
AcDbPolyline
  8
IsoView
 90
4
 70
0
 43
0
 10
280.550771997
 20
-361.936996067
 10
284.506028510
 20
-364.246252659
 10
288.547772360
 20
-362.026416618
 10
288.550771997
 20
-361.936996067
  0
LWPOLYLINE
  5
D1D
330
A02
100
AcDbEntity
100
AcDbPolyline
  8
IsoView
 90
2
 70
0
 43
0
 10
288.550771997
 20
-361.936996067
 10
287.379199122
 20
-360.304002905
  0
LWPOLYLINE
  5
D1E
330
A02
100
AcDbEntity
100
AcDbPolyline
  8
IsoView
 90
2
 70
0
 43
0
 10
411.829992611
 20
-288.452303784
 10
413.001565486
 20
-290.085296946
  0
LWPOLYLINE
  5
D1F
330
A02
100
AcDbEntity
100
AcDbPolyline
  8
IsoView
 90
4
 70
0
 43
0
 10
413.001565486
 20
-290.085296946
 10
409.046308974
 20
-292.394553537
 10
405.004565124
 20
-290.174717496
 10
405.001565486
 20
-290.085296946
  0
LWPOLYLINE
  5
D20
330
A02
100
AcDbEntity
100
AcDbPolyline
  8
IsoView
 90
3
 70
0
 43
0
 10
405.001565486
 20
-290.085296946
 10
408.956821998
 20
-287.776040354
 10
411.829992611
 20
-288.452303784
  0
LWPOLYLINE
  5
D21
330
A02
100
AcDbEntity
100
AcDbPolyline
  8
IsoView
 90
3
 70
0
 43
0
 10
376.474653552
 20
-308.864718307
 10
371.620018107
 20
-308.506524231
 10
369.646226427
 20
-310.497711469
  0
LWPOLYLINE
  5
D22
330
A02
100
AcDbEntity
100
AcDbPolyline
  8
IsoView
 90
4
 70
0
 43
0
 10
369.646226427
 20
-310.497711469
 10
373.601482939
 20
-312.806968061
 10
377.643226789
 20
-310.587132019
 10
377.646226427
 20
-310.497711469
  0
LWPOLYLINE
  5
D23
330
A02
100
AcDbEntity
100
AcDbPolyline
  8
IsoView
 90
2
 70
0
 43
0
 10
377.646226427
 20
-310.497711469
 10
376.474653552
 20
-308.864718307
  0
LWPOLYLINE
  5
D24
330
A02
100
AcDbEntity
100
AcDbPolyline
  8
IsoView
 90
3
 70
0
 43
0
 10
468.398535106
 20
-255.792440547
 10
463.543899661
 20
-255.434246471
 10
461.570107981
 20
-257.425433709
  0
LWPOLYLINE
  5
D25
330
A02
100
AcDbEntity
100
AcDbPolyline
  8
IsoView
 90
4
 70
0
 43
0
 10
461.570107981
 20
-257.425433709
 10
465.525364493
 20
-259.734690300
 10
469.567108343
 20
-257.514854259
 10
469.570107981
 20
-257.425433709
  0
LWPOLYLINE
  5
D26
330
A02
100
AcDbEntity
100
AcDbPolyline
  8
IsoView
 90
2
 70
0
 43
0
 10
469.570107981
 20
-257.425433709
 10
468.398535106
 20
-255.792440547
  0
LINE
  5
D27
330
A02
100
AcDbEntity
  8
IsoView
100
AcDbLine
 10
536.280786100
 20
-167.610809806
 30
0.000000000
 11
536.280786100
 21
-172.183190660
 31
0.000000000
  0
LWPOLYLINE
  5
D28
330
A02
100
AcDbEntity
100
AcDbPolyline
  8
IsoView
 90
2
 70
0
 43
0
 10
264.751782124
 20
-340.708084963
 10
265.580209249
 20
-342.539193416
  0
LWPOLYLINE
  5
D29
330
A02
100
AcDbEntity
100
AcDbPolyline
  8
IsoView
 90
4
 70
0
 43
0
 10
265.580209249
 20
-342.539193416
 10
269.557712377
 20
-340.268469094
 10
269.656149899
 20
-335.658298224
 10
269.580209249
 20
-335.610990186
  0
LWPOLYLINE
  5
D2A
330
A02
100
AcDbEntity
100
AcDbPolyline
  8
IsoView
 90
3
 70
0
 43
0
 10
269.580209249
 20
-335.610990186
 10
265.602706121
 20
-337.881714508
 10
264.751782124
 20
-340.708084963
  0
LWPOLYLINE
  5
D2B
330
A02
100
AcDbEntity
100
AcDbPolyline
  8
IsoView
 90
2
 70
0
 43
0
 10
448.599545233
 20
-234.563529443
 10
449.427972357
 20
-236.394637896
  0
LWPOLYLINE
  5
D2C
330
A02
100
AcDbEntity
100
AcDbPolyline
  8
IsoView
 90
4
 70
0
 43
0
 10
449.427972357
 20
-236.394637896
 10
453.405475486
 20
-234.123913574
 10
453.503913007
 20
-229.513742703
 10
453.427972357
 20
-229.466434666
  0
LWPOLYLINE
  5
D2D
330
A02
100
AcDbEntity
100
AcDbPolyline
  8
IsoView
 90
3
 70
0
 43
0
 10
453.427972357
 20
-229.466434666
 10
449.450469229
 20
-231.737158988
 10
448.599545233
 20
-234.563529443
  0
LWPOLYLINE
  5
D2E
330
A02
100
AcDbEntity
100
AcDbPolyline
  8
IsoView
 90
2
 70
0
 43
0
 10
392.031002738
 20
-267.223392680
 10
392.859429863
 20
-269.054501133
  0
LWPOLYLINE
  5
D2F
330
A02
100
AcDbEntity
100
AcDbPolyline
  8
IsoView
 90
4
 70
0
 43
0
 10
392.859429863
 20
-269.054501133
 10
396.836932991
 20
-266.783776811
 10
396.935370512
 20
-262.173605941
 10
396.859429863
 20
-262.126297903
  0
LWPOLYLINE
  5
D30
330
A02
100
AcDbEntity
100
AcDbPolyline
  8
IsoView
 90
3
 70
0
 43
0
 10
396.859429863
 20
-262.126297903
 10
392.881926734
 20
-264.397022225
 10
392.031002738
 20
-267.223392680
  0
LWPOLYLINE
  5
D31
330
A02
100
AcDbEntity
100
AcDbPolyline
  8
IsoView
 90
2
 70
0
 43
0
 10
356.675663678
 20
-287.635807203
 10
357.504090803
 20
-289.466915656
  0
LWPOLYLINE
  5
D32
330
A02
100
AcDbEntity
100
AcDbPolyline
  8
IsoView
 90
4
 70
0
 43
0
 10
357.504090803
 20
-289.466915656
 10
361.481593932
 20
-287.196191334
 10
361.580031453
 20
-282.586020464
 10
361.504090803
 20
-282.538712426
  0
LWPOLYLINE
  5
D33
330
A02
100
AcDbEntity
100
AcDbPolyline
  8
IsoView
 90
3
 70
0
 43
0
 10
361.504090803
 20
-282.538712426
 10
357.526587675
 20
-284.809436748
 10
356.675663678
 20
-287.635807203
  0
LWPOLYLINE
  5
D34
330
A02
100
AcDbEntity
100
AcDbPolyline
  8
IsoView
 90
2
 70
0
 43
0
 10
321.320324619
 20
-308.048221726
 10
322.148751744
 20
-309.879330179
  0
LWPOLYLINE
  5
D35
330
A02
100
AcDbEntity
100
AcDbPolyline
  8
IsoView
 90
4
 70
0
 43
0
 10
322.148751744
 20
-309.879330179
 10
326.126254872
 20
-307.608605857
 10
326.224692393
 20
-302.998434987
 10
326.148751744
 20
-302.951126949
  0
LWPOLYLINE
  5
D36
330
A02
100
AcDbEntity
100
AcDbPolyline
  8
IsoView
 90
3
 70
0
 43
0
 10
326.148751744
 20
-302.951126949
 10
322.171248616
 20
-305.221851271
 10
321.320324619
 20
-308.048221726
  0
LWPOLYLINE
  5
D37
330
A02
100
AcDbEntity
100
AcDbPolyline
  8
IsoView
 90
2
 70
0
 43
0
 10
194.041104006
 20
-381.532914010
 10
194.869531130
 20
-383.364022463
  0
LWPOLYLINE
  5
D38
330
A02
100
AcDbEntity
100
AcDbPolyline
  8
IsoView
 90
4
 70
0
 43
0
 10
194.869531130
 20
-383.364022463
 10
198.847034259
 20
-381.093298141
 10
198.945471780
 20
-376.483127270
 10
198.869531130
 20
-376.435819233
  0
LWPOLYLINE
  5
D39
330
A02
100
AcDbEntity
100
AcDbPolyline
  8
IsoView
 90
3
 70
0
 43
0
 10
198.869531130
 20
-376.435819233
 10
194.892028002
 20
-378.706543555
 10
194.041104006
 20
-381.532914010
  0
LINE
  5
D3A
330
A02
100
AcDbEntity
  8
IsoView
100
AcDbLine
 10
507.996514852
 20
-559.529168652
 30
0.000000000
 11
454.678995000
 21
-528.746284212
 31
0.000000000
  0
LINE
  5
D3B
330
A02
100
AcDbEntity
  8
IsoView
100
AcDbLine
 10
398.110452505
 20
-496.086420975
 30
0.000000000
 11
239.295938002
 21
-404.394818276
 31
0.000000000
  0
LINE
  5
D3C
330
A02
100
AcDbEntity
  8
IsoView
100
AcDbLine
 10
154.443124259
 20
-388.064886657
 30
0.000000000
 11
182.727395507
 21
-371.734955038
 31
0.000000000
  0
LINE
  5
D3D
330
A02
100
AcDbEntity
  8
IsoView
100
AcDbLine
 10
524.896366923
 20
-615.091760984
 30
0.000000000
 11
536.280786100
 21
-608.518963507
 31
0.000000000
  0
LINE
  5
D3E
330
A02
100
AcDbEntity
  8
IsoView
100
AcDbLine
 10
154.443124259
 20
-388.064886657
 30
0.000000000
 11
154.443124259
 21
-392.637267510
 31
0.000000000
  0
LINE
  5
D3F
330
A02
100
AcDbEntity
  8
IsoView
100
AcDbLine
 10
182.727395507
 20
-371.734955038
 30
0.000000000
 11
182.727395507
 21
-396.229852466
 31
0.000000000
  0
LINE
  5
D40
330
A02
100
AcDbEntity
  8
IsoView
100
AcDbLine
 10
230.032839168
 20
-431.706628908
 30
0.000000000
 11
369.826181257
 21
-512.416352594
 31
0.000000000
  0
LINE
  5
D41
330
A02
100
AcDbEntity
  8
IsoView
100
AcDbLine
 10
426.394723752
 20
-545.076215831
 30
0.000000000
 11
536.280786100
 21
-608.518963507
 31
0.000000000
  0
LWPOLYLINE
  5
D42
330
A02
100
AcDbEntity
100
AcDbPolyline
  8
IsoView
 90
3
 70
0
 43
0
 10
445.771118108
 20
-539.933250710
 10
447.888230662
 20
-544.316585369
 10
450.599545233
 20
-545.030345487
  0
LWPOLYLINE
  5
D43
330
A02
100
AcDbEntity
100
AcDbPolyline
  8
IsoView
 90
4
 70
0
 43
0
 10
450.599545233
 20
-545.030345487
 10
450.621791849
 20
-540.450364573
 10
446.678485520
 20
-538.060029743
 10
446.599545233
 20
-538.102142256
  0
LWPOLYLINE
  5
D44
330
A02
100
AcDbEntity
100
AcDbPolyline
  8
IsoView
 90
2
 70
0
 43
0
 10
446.599545233
 20
-538.102142256
 10
445.771118108
 20
-539.933250710
  0
LWPOLYLINE
  5
D45
330
A02
100
AcDbEntity
100
AcDbPolyline
  8
IsoView
 90
2
 70
0
 43
0
 10
321.320324619
 20
-468.081551588
 10
322.148751744
 20
-466.250443135
  0
LWPOLYLINE
  5
D46
330
A02
100
AcDbEntity
100
AcDbPolyline
  8
IsoView
 90
4
 70
0
 43
0
 10
322.148751744
 20
-466.250443135
 10
326.126254872
 20
-468.521167457
 10
326.224692393
 20
-473.131338327
 10
326.148751744
 20
-473.178646365
  0
LWPOLYLINE
  5
D47
330
A02
100
AcDbEntity
100
AcDbPolyline
  8
IsoView
 90
3
 70
0
 43
0
 10
326.148751744
 20
-473.178646365
 10
322.171248616
 20
-470.907922043
 10
321.320324619
 20
-468.081551588
  0
LWPOLYLINE
  5
D48
330
A02
100
AcDbEntity
100
AcDbPolyline
  8
IsoView
 90
3
 70
0
 43
0
 10
356.675663678
 20
-488.493966111
 10
358.792776232
 20
-492.877300770
 10
361.504090803
 20
-493.591060888
  0
LWPOLYLINE
  5
D49
330
A02
100
AcDbEntity
100
AcDbPolyline
  8
IsoView
 90
4
 70
0
 43
0
 10
361.504090803
 20
-493.591060888
 10
361.526337420
 20
-489.011079974
 10
357.583031091
 20
-486.620745145
 10
357.504090803
 20
-486.662857658
  0
LWPOLYLINE
  5
D4A
330
A02
100
AcDbEntity
100
AcDbPolyline
  8
IsoView
 90
2
 70
0
 43
0
 10
357.504090803
 20
-486.662857658
 10
356.675663678
 20
-488.493966111
  0
LWPOLYLINE
  5
D4B
330
A02
100
AcDbEntity
100
AcDbPolyline
  8
IsoView
 90
3
 70
0
 43
0
 10
264.751782124
 20
-435.421688351
 10
266.868894678
 20
-439.805023010
 10
269.580209249
 20
-440.518783128
  0
LWPOLYLINE
  5
D4C
330
A02
100
AcDbEntity
100
AcDbPolyline
  8
IsoView
 90
4
 70
0
 43
0
 10
269.580209249
 20
-440.518783128
 10
269.602455865
 20
-435.938802214
 10
265.659149536
 20
-433.548467385
 10
265.580209249
 20
-433.590579897
  0
LWPOLYLINE
  5
D4D
330
A02
100
AcDbEntity
100
AcDbPolyline
  8
IsoView
 90
2
 70
0
 43
0
 10
265.580209249
 20
-433.590579897
 10
264.751782124
 20
-435.421688351
  0
LWPOLYLINE
  5
D4E
330
A02
100
AcDbEntity
100
AcDbPolyline
  8
IsoView
 90
2
 70
0
 43
0
 10
440.672043435
 20
-566.464825146
 10
439.415062926
 20
-565.739107111
  0
LWPOLYLINE
  5
D4F
330
A02
100
AcDbEntity
100
AcDbPolyline
  8
IsoView
 90
2
 70
0
 43
0
 10
348.748161881
 20
-513.392547386
 10
347.491181372
 20
-512.666829350
  0
LWPOLYLINE
  5
D50
330
A02
100
AcDbEntity
100
AcDbPolyline
  8
IsoView
 90
2
 70
0
 43
0
 10
511.382721554
 20
-607.289654192
 10
510.125741045
 20
-606.563936157
  0
LINE
  5
D51
330
A02
100
AcDbEntity
  8
IsoView
100
AcDbLine
 10
937.653773451
 20
191.038566858
 30
0.000000000
 11
905.757937867
 21
79.036081380
 31
0.000000000
  0
LINE
  5
D52
330
A02
100
AcDbEntity
  8
IsoView
100
AcDbLine
 10
893.115590703
 20
34.642376727
 30
0.000000000
 11
880.056789615
 21
-11.213709262
 31
0.000000000
  0
LINE
  5
D53
330
A02
100
AcDbEntity
  8
IsoView
100
AcDbLine
 10
876.765219246
 20
-22.772085325
 30
0.000000000
 11
801.253276451
 21
-287.932885202
 31
0.000000000
  0
LINE
  5
D54
330
A02
100
AcDbEntity
  8
IsoView
100
AcDbLine
 10
774.075718749
 20
-383.367099610
 30
0.000000000
 11
769.340873532
 21
-399.993547010
 31
0.000000000
  0
LINE
  5
D55
330
A02
100
AcDbEntity
  8
IsoView
100
AcDbLine
 10
769.340873532
 20
-399.993547010
 30
0.000000000
 11
768.563695169
 21
-399.544842872
 31
0.000000000
  0
LINE
  5
D56
330
A02
100
AcDbEntity
  8
IsoView
100
AcDbLine
 10
948.210940647
 20
343.760524754
 30
0.000000000
 11
921.891409871
 21
340.524997878
 31
0.000000000
  0
LINE
  5
D57
330
A02
100
AcDbEntity
  8
IsoView
100
AcDbLine
 10
772.969005204
 20
-271.602953583
 30
0.000000000
 11
948.210940647
 21
343.760524754
 31
0.000000000
  0
LINE
  5
D58
330
A02
100
AcDbEntity
  8
IsoView
100
AcDbLine
 10
751.157117717
 20
-259.009854471
 30
0.000000000
 11
921.891409871
 21
340.524997878
 31
0.000000000
  0
LINE
  5
D59
330
A02
100
AcDbEntity
  8
IsoView
100
AcDbLine
 10
948.210940647
 20
343.760524754
 30
0.000000000
 11
970.274768381
 21
331.021967872
 31
0.000000000
  0
LWPOLYLINE
  5
D5A
330
A02
100
AcDbEntity
100
AcDbPolyline
  8
IsoView
 90
3
 70
0
 43
0
 10
956.138446119
 20
313.772834740
 10
954.178706485
 20
318.108072160
 10
956.686161659
 20
321.380068940
  0
LWPOLYLINE
  5
D5B
330
A02
100
AcDbEntity
100
AcDbPolyline
  8
IsoView
 90
4
 70
0
 43
0
 10
956.686161659
 20
321.380068940
 10
960.057596674
 20
318.289525872
 10
958.634854649
 20
313.794868921
 10
957.662273964
 20
313.439841943
  0
LWPOLYLINE
  5
D5C
330
A02
100
AcDbEntity
100
AcDbPolyline
  8
IsoView
 90
2
 70
0
 43
0
 10
957.662273964
 20
313.439841943
 10
956.138446119
 20
313.772834740
  0
LWPOLYLINE
  5
D5D
330
A02
100
AcDbEntity
100
AcDbPolyline
  8
IsoView
 90
3
 70
0
 43
0
 10
857.740135398
 20
-31.753631829
 10
855.780395763
 20
-27.418394409
 10
858.287850937
 20
-24.146397629
  0
LWPOLYLINE
  5
D5E
330
A02
100
AcDbEntity
100
AcDbPolyline
  8
IsoView
 90
4
 70
0
 43
0
 10
858.287850937
 20
-24.146397629
 10
861.659285952
 20
-27.236940697
 10
860.236543927
 20
-31.731597648
 10
859.263963242
 20
-32.086624626
  0
LWPOLYLINE
  5
D5F
330
A02
100
AcDbEntity
100
AcDbPolyline
  8
IsoView
 90
2
 70
0
 43
0
 10
859.263963242
 20
-32.086624626
 10
857.740135398
 20
-31.753631829
  0
LWPOLYLINE
  5
D60
330
A02
100
AcDbEntity
100
AcDbPolyline
  8
IsoView
 90
2
 70
0
 43
0
 10
785.453512307
 20
-278.810887120
 10
785.783832510
 20
-278.744846680
  0
LWPOLYLINE
  5
D61
330
A02
100
AcDbEntity
100
AcDbPolyline
  8
IsoView
 90
2
 70
0
 43
0
 10
785.783832510
 20
-278.744846680
 10
788.768769347
 20
-280.724951664
  0
LWPOLYLINE
  5
D62
330
A02
100
AcDbEntity
100
AcDbPolyline
  8
IsoView
 90
3
 70
0
 43
0
 10
831.845843102
 20
-122.681649347
 10
829.886103468
 20
-118.346411927
 10
832.393558642
 20
-115.074415147
  0
LWPOLYLINE
  5
D63
330
A02
100
AcDbEntity
100
AcDbPolyline
  8
IsoView
 90
4
 70
0
 43
0
 10
832.393558642
 20
-115.074415147
 10
835.764993657
 20
-118.164958216
 10
834.342251632
 20
-122.659615166
 10
833.369670947
 20
-123.014642145
  0
LWPOLYLINE
  5
D64
330
A02
100
AcDbEntity
100
AcDbPolyline
  8
IsoView
 90
2
 70
0
 43
0
 10
833.369670947
 20
-123.014642145
 10
831.845843102
 20
-122.681649347
  0
LWPOLYLINE
  5
D65
330
A02
100
AcDbEntity
100
AcDbPolyline
  8
IsoView
 90
3
 70
0
 43
0
 10
787.825546200
 20
-277.259279128
 10
785.865806566
 20
-272.924041708
 10
788.373261740
 20
-269.652044928
  0
LWPOLYLINE
  5
D66
330
A02
100
AcDbEntity
100
AcDbPolyline
  8
IsoView
 90
4
 70
0
 43
0
 10
788.373261740
 20
-269.652044928
 10
791.744696755
 20
-272.742587996
 10
790.321954730
 20
-277.237244947
 10
789.349374045
 20
-277.592271925
  0
LWPOLYLINE
  5
D67
330
A02
100
AcDbEntity
100
AcDbPolyline
  8
IsoView
 90
2
 70
0
 43
0
 10
789.349374045
 20
-277.592271925
 10
787.825546200
 20
-277.259279128
  0
LINE
  5
D68
330
A02
100
AcDbEntity
  8
IsoView
100
AcDbLine
 10
987.366194582
 20
368.149546167
 30
0.000000000
 11
967.997825527
 21
379.331879255
 31
0.000000000
  0
LINE
  5
D69
330
A02
100
AcDbEntity
  8
IsoView
100
AcDbLine
 10
1047.695999799
 20
419.928161442
 30
0.000000000
 11
1189.084233113
 21
576.475249407
 31
0.000000000
  0
LINE
  5
D6A
330
A02
100
AcDbEntity
  8
IsoView
100
AcDbLine
 10
967.997825527
 20
379.331879255
 30
0.000000000
 11
1160.799961866
 21
592.805181026
 31
0.000000000
  0
LINE
  5
D6B
330
A02
100
AcDbEntity
  8
IsoView
100
AcDbLine
 10
1189.084233113
 20
576.475249407
 30
0.000000000
 11
1160.799961866
 21
592.805181026
 31
0.000000000
  0
LWPOLYLINE
  5
D6C
330
A02
100
AcDbEntity
100
AcDbPolyline
  8
IsoView
 90
3
 70
0
 43
0
 10
996.764504726
 20
388.565425545
 10
992.217471326
 20
387.088575645
 10
991.438368979
 20
383.565029680
  0
LWPOLYLINE
  5
D6D
330
A02
100
AcDbEntity
100
AcDbPolyline
  8
IsoView
 90
2
 70
0
 43
0
 10
991.438368979
 20
383.565029680
 10
993.803518424
 20
382.133296977
  0
LWPOLYLINE
  5
D6E
330
A02
100
AcDbEntity
100
AcDbPolyline
  8
IsoView
 90
3
 70
0
 43
0
 10
1048.978035082
 20
445.170991393
 10
1044.274711313
 20
444.590193203
 10
1042.852272003
 20
440.491243485
  0
LWPOLYLINE
  5
D6F
330
A02
100
AcDbEntity
100
AcDbPolyline
  8
IsoView
 90
4
 70
0
 43
0
 10
1042.852272003
 20
440.491243485
 10
1047.290046265
 20
439.369699515
 10
1050.229300583
 20
443.058285294
 10
1049.962407858
 20
444.158117920
  0
LWPOLYLINE
  5
D70
330
A02
100
AcDbEntity
100
AcDbPolyline
  8
IsoView
 90
2
 70
0
 43
0
 10
1049.962407858
 20
444.158117920
 10
1048.978035082
 20
445.170991393
  0
LWPOLYLINE
  5
D71
330
A02
100
AcDbEntity
100
AcDbPolyline
  8
IsoView
 90
3
 70
0
 43
0
 10
1081.111724472
 20
480.749875021
 10
1076.408400703
 20
480.169076832
 10
1074.985961393
 20
476.070127114
  0
LWPOLYLINE
  5
D72
330
A02
100
AcDbEntity
100
AcDbPolyline
  8
IsoView
 90
4
 70
0
 43
0
 10
1074.985961393
 20
476.070127114
 10
1079.423735654
 20
474.948583143
 10
1082.362989973
 20
478.637168922
 10
1082.096097248
 20
479.737001548
  0
LWPOLYLINE
  5
D73
330
A02
100
AcDbEntity
100
AcDbPolyline
  8
IsoView
 90
2
 70
0
 43
0
 10
1082.096097248
 20
479.737001548
 10
1081.111724472
 20
480.749875021
  0
LWPOLYLINE
  5
D74
330
A02
100
AcDbEntity
100
AcDbPolyline
  8
IsoView
 90
3
 70
0
 43
0
 10
1113.245413861
 20
516.328758650
 10
1108.542090093
 20
515.747960460
 10
1107.119650783
 20
511.649010742
  0
LWPOLYLINE
  5
D75
330
A02
100
AcDbEntity
100
AcDbPolyline
  8
IsoView
 90
4
 70
0
 43
0
 10
1107.119650783
 20
511.649010742
 10
1111.557425044
 20
510.527466772
 10
1114.496679362
 20
514.216052551
 10
1114.229786638
 20
515.315885177
  0
LWPOLYLINE
  5
D76
330
A02
100
AcDbEntity
100
AcDbPolyline
  8
IsoView
 90
2
 70
0
 43
0
 10
1114.229786638
 20
515.315885177
 10
1113.245413861
 20
516.328758650
  0
LWPOLYLINE
  5
D77
330
A02
100
AcDbEntity
100
AcDbPolyline
  8
IsoView
 90
3
 70
0
 43
0
 10
1138.952365373
 20
544.791865553
 10
1134.249041605
 20
544.211067363
 10
1132.826602294
 20
540.112117645
  0
LWPOLYLINE
  5
D78
330
A02
100
AcDbEntity
100
AcDbPolyline
  8
IsoView
 90
4
 70
0
 43
0
 10
1132.826602294
 20
540.112117645
 10
1137.264376556
 20
538.990573674
 10
1140.203630874
 20
542.679159453
 10
1139.936738150
 20
543.778992080
  0
LWPOLYLINE
  5
D79
330
A02
100
AcDbEntity
100
AcDbPolyline
  8
IsoView
 90
2
 70
0
 43
0
 10
1139.936738150
 20
543.778992080
 10
1138.952365373
 20
544.791865553
  0
LWPOLYLINE
  5
D7A
330
A02
100
AcDbEntity
100
AcDbPolyline
  8
IsoView
 90
3
 70
0
 43
0
 10
1164.659316885
 20
573.254972455
 10
1159.955993116
 20
572.674174266
 10
1158.533553806
 20
568.575224548
  0
LWPOLYLINE
  5
D7B
330
A02
100
AcDbEntity
100
AcDbPolyline
  8
IsoView
 90
4
 70
0
 43
0
 10
1158.533553806
 20
568.575224548
 10
1162.971328068
 20
567.453680577
 10
1165.910582386
 20
571.142266356
 10
1165.643689662
 20
572.242098982
  0
LWPOLYLINE
  5
D7C
330
A02
100
AcDbEntity
100
AcDbPolyline
  8
IsoView
 90
2
 70
0
 43
0
 10
1165.643689662
 20
572.242098982
 10
1164.659316885
 20
573.254972455
  0
LINE
  5
D7D
330
A02
100
AcDbEntity
  8
IsoView
100
AcDbLine
 10
956.201527635
 20
402.205114242
 30
0.000000000
 11
967.997825527
 21
379.331879255
 31
0.000000000
  0
LINE
  5
D7E
330
A02
100
AcDbEntity
  8
IsoView
100
AcDbLine
 10
1189.084233113
 20
576.475249407
 30
0.000000000
 11
1177.287935221
 21
599.348484394
 31
0.000000000
  0
LINE
  5
D7F
330
A02
100
AcDbEntity
  8
IsoView
100
AcDbLine
 10
1160.799961866
 20
592.805181026
 30
0.000000000
 11
1149.003663973
 21
615.678416013
 31
0.000000000
  0
LINE
  5
D80
330
A02
100
AcDbEntity
  8
IsoView
100
AcDbLine
 10
1149.003663973
 20
615.678416013
 30
0.000000000
 11
956.201527635
 21
402.205114242
 31
0.000000000
  0
LWPOLYLINE
  5
D81
330
A02
100
AcDbEntity
100
AcDbPolyline
  8
IsoView
 90
2
 70
0
 43
0
 10
977.523847488
 20
407.846360890
 10
976.953152337
 20
408.464151815
  0
LWPOLYLINE
  5
D82
330
A02
100
AcDbEntity
100
AcDbPolyline
  8
IsoView
 90
4
 70
0
 43
0
 10
976.953152337
 20
408.464151815
 10
972.975649209
 20
406.193427493
 10
972.877211688
 20
401.583256622
 10
972.953152337
 20
401.535948585
  0
LWPOLYLINE
  5
D83
330
A02
100
AcDbEntity
100
AcDbPolyline
  8
IsoView
 90
3
 70
0
 43
0
 10
972.953152337
 20
401.535948585
 10
976.930655466
 20
403.806672907
 10
977.523847488
 20
407.846360890
  0
LWPOLYLINE
  5
D84
330
A02
100
AcDbEntity
100
AcDbPolyline
  8
IsoView
 90
2
 70
0
 43
0
 10
1028.937750512
 20
464.772574696
 10
1028.367055361
 20
465.390365620
  0
LWPOLYLINE
  5
D85
330
A02
100
AcDbEntity
100
AcDbPolyline
  8
IsoView
 90
4
 70
0
 43
0
 10
1028.367055361
 20
465.390365620
 10
1024.389552232
 20
463.119641298
 10
1024.291114711
 20
458.509470428
 10
1024.367055361
 20
458.462162390
  0
LWPOLYLINE
  5
D86
330
A02
100
AcDbEntity
100
AcDbPolyline
  8
IsoView
 90
3
 70
0
 43
0
 10
1024.367055361
 20
458.462162390
 10
1028.344558489
 20
460.732886712
 10
1028.937750512
 20
464.772574696
  0
LWPOLYLINE
  5
D87
330
A02
100
AcDbEntity
100
AcDbPolyline
  8
IsoView
 90
2
 70
0
 43
0
 10
1144.619032315
 20
592.856555758
 10
1144.048337164
 20
593.474346683
  0
LWPOLYLINE
  5
D88
330
A02
100
AcDbEntity
100
AcDbPolyline
  8
IsoView
 90
4
 70
0
 43
0
 10
1144.048337164
 20
593.474346683
 10
1140.070834035
 20
591.203622361
 10
1139.972396514
 20
586.593451491
 10
1140.048337164
 20
586.546143453
  0
LWPOLYLINE
  5
D89
330
A02
100
AcDbEntity
100
AcDbPolyline
  8
IsoView
 90
3
 70
0
 43
0
 10
1140.048337164
 20
586.546143453
 10
1144.025840292
 20
588.816867775
 10
1144.619032315
 20
592.856555758
  0
LWPOLYLINE
  5
D8A
330
A02
100
AcDbEntity
100
AcDbPolyline
  8
IsoView
 90
2
 70
0
 43
0
 10
1093.205129291
 20
535.930341953
 10
1092.634434140
 20
536.548132877
  0
LWPOLYLINE
  5
D8B
330
A02
100
AcDbEntity
100
AcDbPolyline
  8
IsoView
 90
4
 70
0
 43
0
 10
1092.634434140
 20
536.548132877
 10
1088.656931012
 20
534.277408555
 10
1088.558493491
 20
529.667237685
 10
1088.634434140
 20
529.619929647
  0
LWPOLYLINE
  5
D8C
330
A02
100
AcDbEntity
100
AcDbPolyline
  8
IsoView
 90
3
 70
0
 43
0
 10
1088.634434140
 20
529.619929647
 10
1092.611937269
 20
531.890653969
 10
1093.205129291
 20
535.930341953
  0
LWPOLYLINE
  5
D8D
330
A02
100
AcDbEntity
100
AcDbPolyline
  8
IsoView
 90
2
 70
0
 43
0
 10
1061.071439902
 20
500.351458324
 10
1060.500744750
 20
500.969249249
  0
LWPOLYLINE
  5
D8E
330
A02
100
AcDbEntity
100
AcDbPolyline
  8
IsoView
 90
4
 70
0
 43
0
 10
1060.500744750
 20
500.969249249
 10
1056.523241622
 20
498.698524927
 10
1056.424804101
 20
494.088354057
 10
1056.500744750
 20
494.041046019
  0
LWPOLYLINE
  5
D8F
330
A02
100
AcDbEntity
100
AcDbPolyline
  8
IsoView
 90
3
 70
0
 43
0
 10
1056.500744750
 20
494.041046019
 10
1060.478247879
 20
496.311770341
 10
1061.071439902
 20
500.351458324
  0
LWPOLYLINE
  5
D90
330
A02
100
AcDbEntity
100
AcDbPolyline
  8
IsoView
 90
2
 70
0
 43
0
 10
1003.230799000
 20
436.309467793
 10
1002.660103849
 20
436.927258718
  0
LWPOLYLINE
  5
D91
330
A02
100
AcDbEntity
100
AcDbPolyline
  8
IsoView
 90
4
 70
0
 43
0
 10
1002.660103849
 20
436.927258718
 10
998.682600721
 20
434.656534396
 10
998.584163199
 20
430.046363525
 10
998.660103849
 20
429.999055487
  0
LWPOLYLINE
  5
D92
330
A02
100
AcDbEntity
100
AcDbPolyline
  8
IsoView
 90
3
 70
0
 43
0
 10
998.660103849
 20
429.999055487
 10
1002.637606977
 20
432.269779809
 10
1003.230799000
 20
436.309467793
  0
LWPOLYLINE
  5
D93
330
A02
100
AcDbEntity
100
AcDbPolyline
  8
IsoView
 90
2
 70
0
 43
0
 10
1118.912080803
 20
564.393448855
 10
1118.341385652
 20
565.011239780
  0
LWPOLYLINE
  5
D94
330
A02
100
AcDbEntity
100
AcDbPolyline
  8
IsoView
 90
4
 70
0
 43
0
 10
1118.341385652
 20
565.011239780
 10
1114.363882524
 20
562.740515458
 10
1114.265445002
 20
558.130344588
 10
1114.341385652
 20
558.083036550
  0
LWPOLYLINE
  5
D95
330
A02
100
AcDbEntity
100
AcDbPolyline
  8
IsoView
 90
3
 70
0
 43
0
 10
1114.341385652
 20
558.083036550
 10
1118.318888780
 20
560.353760872
 10
1118.912080803
 20
564.393448855
  0
LINE
  5
D96
330
A02
100
AcDbEntity
  8
IsoView
100
AcDbLine
 10
1177.287935221
 20
599.348484394
 30
0.000000000
 11
1149.003663973
 21
615.678416013
 31
0.000000000
  0
LWPOLYLINE
  5
D97
330
A02
100
AcDbEntity
100
AcDbPolyline
  8
IsoView
 90
7
 70
0
 43
0
 10
938.675736927
 20
200.049590941
 10
943.510820901
 20
199.186219337
 10
948.218461938
 20
200.784698281
 10
952.289648746
 20
203.668848151
 10
955.729672038
 20
207.289151362
 10
958.563252569
 20
211.403212551
 10
960.130927371
 20
214.407493157
  0
LWPOLYLINE
  5
D98
330
A02
100
AcDbEntity
100
AcDbPolyline
  8
IsoView
 90
7
 70
0
 43
0
 10
924.533601303
 20
208.214556750
 10
929.368685277
 20
207.351185146
 10
934.076326315
 20
208.949664091
 10
938.147513123
 20
211.833813960
 10
941.587536414
 20
215.454117171
 10
944.421116945
 20
219.568178360
 10
945.988791748
 20
222.572458966
  0
LINE
  5
D99
330
A02
100
AcDbEntity
  8
IsoView
100
AcDbLine
 10
960.130927371
 20
214.407493157
 30
0.000000000
 11
1043.063798952
 21
394.561954621
 31
0.000000000
  0
LINE
  5
D9A
330
A02
100
AcDbEntity
  8
IsoView
100
AcDbLine
 10
945.988791748
 20
222.572458966
 30
0.000000000
 11
1028.921663328
 21
402.726920430
 31
0.000000000
  0
LWPOLYLINE
  5
D9B
330
A02
100
AcDbEntity
100
AcDbPolyline
  8
IsoView
 90
6
 70
0
 43
0
 10
1043.063798952
 20
394.561954621
 10
1044.797741902
 20
399.246177435
 10
1045.691146359
 20
404.157507107
 10
1045.393501006
 20
409.130506227
 10
1043.208065496
 20
413.563358419
 10
1041.608608508
 20
414.845068556
  0
LWPOLYLINE
  5
D9C
330
A02
100
AcDbEntity
100
AcDbPolyline
  8
IsoView
 90
6
 70
0
 43
0
 10
1028.921663328
 20
402.726920430
 10
1030.655606278
 20
407.411143244
 10
1031.549010735
 20
412.322472917
 10
1031.251365382
 20
417.295472037
 10
1029.065929872
 20
421.728324228
 10
1027.466472884
 20
423.010034365
  0
LINE
  5
D9D
330
A02
100
AcDbEntity
  8
IsoView
100
AcDbLine
 10
930.716895586
 20
245.090694370
 30
0.000000000
 11
999.998678536
 21
395.590997311
 31
0.000000000
  0
LWPOLYLINE
  5
D9E
330
A02
100
AcDbEntity
100
AcDbPolyline
  8
IsoView
 90
2
 70
0
 43
0
 10
933.701248697
 20
228.175870727
 10
931.830420004
 20
224.935500378
  0
LWPOLYLINE
  5
D9F
330
A02
100
AcDbEntity
100
AcDbPolyline
  8
IsoView
 90
2
 70
0
 43
0
 10
1016.634120278
 20
408.330332191
 10
1014.763291584
 20
405.089961841
  0
LINE
  5
DA0
330
A02
100
AcDbEntity
  8
IsoView
100
AcDbLine
 10
1019.411728551
 20
436.258093060
 30
0.000000000
 11
1047.695999799
 21
419.928161442
 31
0.000000000
  0
LINE
  5
DA1
330
A02
100
AcDbEntity
  8
IsoView
100
AcDbLine
 10
993.704777039
 20
407.794986158
 30
0.000000000
 11
1019.411728551
 21
436.258093060
 31
0.000000000
  0
LINE
  5
DA2
330
A02
100
AcDbEntity
  8
IsoView
100
AcDbLine
 10
1001.077463222
 20
393.499214291
 30
0.000000000
 11
993.704777039
 21
407.794986158
 31
0.000000000
  0
LINE
  5
DA3
330
A02
100
AcDbEntity
  8
IsoView
100
AcDbLine
 10
1019.411728551
 20
436.258093060
 30
0.000000000
 11
1026.784414734
 21
421.962321193
 31
0.000000000
  0
LINE
  5
DA4
330
A02
100
AcDbEntity
  8
IsoView
100
AcDbLine
 10
1030.319948640
 20
419.921079741
 30
0.000000000
 11
1026.784414734
 21
421.962321193
 31
0.000000000
  0
LINE
  5
DA5
330
A02
100
AcDbEntity
  8
IsoView
100
AcDbLine
 10
1030.319948640
 20
419.921079741
 30
0.000000000
 11
1024.421799694
 21
431.357697235
 31
0.000000000
  0
LINE
  5
DA6
330
A02
100
AcDbEntity
  8
IsoView
100
AcDbLine
 10
1024.421799694
 20
431.357697235
 30
0.000000000
 11
1045.635003129
 21
419.110248521
 31
0.000000000
  0
LINE
  5
DA7
330
A02
100
AcDbEntity
  8
IsoView
100
AcDbLine
 10
1045.635003129
 20
419.110248521
 30
0.000000000
 11
1051.533152075
 21
407.673631027
 31
0.000000000
  0
LINE
  5
DA8
330
A02
100
AcDbEntity
  8
IsoView
100
AcDbLine
 10
1055.068685981
 20
405.632389575
 30
0.000000000
 11
1051.533152075
 21
407.673631027
 31
0.000000000
  0
LINE
  5
DA9
330
A02
100
AcDbEntity
  8
IsoView
100
AcDbLine
 10
1047.695999799
 20
419.928161442
 30
0.000000000
 11
1055.068685981
 21
405.632389575
 31
0.000000000
  0
LWPOLYLINE
  5
DAA
330
A02
100
AcDbEntity
100
AcDbPolyline
  8
IsoView
 90
11
 70
0
 43
0
 10
1026.784414734
 20
421.962321193
 10
1028.029275266
 20
417.154665042
 10
1027.739131601
 20
412.175171747
 10
1026.446067627
 20
407.351859622
 10
1024.399287387
 20
402.795073368
 10
1021.710320903
 20
398.584932488
 10
1018.414698656
 20
394.832014649
 10
1014.496541716
 20
391.740452370
 10
1009.930024377
 20
389.758029917
 10
1005.002764305
 20
389.911819164
 10
1003.930938978
 20
390.410259666
  0
LWPOLYLINE
  5
DAB
330
A02
100
AcDbEntity
100
AcDbPolyline
  8
IsoView
 90
2
 70
0
 43
0
 10
1003.930938978
 20
390.410259666
 10
1001.077463222
 20
393.499214291
  0
LWPOLYLINE
  5
DAC
330
A02
100
AcDbEntity
100
AcDbPolyline
  8
IsoView
 90
3
 70
0
 43
0
 10
1016.501634129
 20
410.577078432
 10
1015.486815363
 20
405.901600691
 10
1011.930938978
 20
404.266666127
  0
LWPOLYLINE
  5
DAD
330
A02
100
AcDbEntity
100
AcDbPolyline
  8
IsoView
 90
4
 70
0
 43
0
 10
1011.930938978
 20
404.266666127
 10
1011.908692362
 20
408.846647041
 10
1015.851998691
 20
411.236981870
 10
1015.930938978
 20
411.194869357
  0
LWPOLYLINE
  5
DAE
330
A02
100
AcDbEntity
100
AcDbPolyline
  8
IsoView
 90
2
 70
0
 43
0
 10
1015.930938978
 20
411.194869357
 10
1016.501634129
 20
410.577078432
  0
LWPOLYLINE
  5
DAF
330
A02
100
AcDbEntity
100
AcDbPolyline
  8
IsoView
 90
10
 70
0
 43
0
 10
1055.068685981
 20
405.632389575
 10
1056.313546513
 20
400.824733423
 10
1056.023402848
 20
395.845240129
 10
1054.730338875
 20
391.021928004
 10
1052.683558635
 20
386.465141750
 10
1049.994592150
 20
382.255000870
 10
1046.698969903
 20
378.502083031
 10
1042.780812964
 20
375.410520751
 10
1038.214295625
 20
373.428098298
 10
1033.389140672
 20
373.545766237
  0
LWPOLYLINE
  5
DB0
330
A02
100
AcDbEntity
100
AcDbPolyline
  8
IsoView
 90
10
 70
0
 43
0
 10
1051.533152075
 20
407.673631027
 10
1052.778012607
 20
402.865974875
 10
1052.487868942
 20
397.886481581
 10
1051.194804969
 20
393.063169456
 10
1049.148024729
 20
388.506383202
 10
1046.459058244
 20
384.296242322
 10
1043.163435997
 20
380.543324483
 10
1039.245279058
 20
377.451762204
 10
1034.678761719
 20
375.469339751
 10
1034.230072328
 20
375.372515833
  0
LINE
  5
DB1
330
A02
100
AcDbEntity
  8
IsoView
100
AcDbLine
 10
1041.722225008
 20
414.777964240
 30
0.000000000
 11
1045.635003129
 21
419.110248521
 31
0.000000000
  0
LWPOLYLINE
  5
DB2
330
A02
100
AcDbEntity
100
AcDbPolyline
  8
IsoView
 90
11
 70
0
 43
0
 10
1030.319948640
 20
419.921079741
 10
1031.564809171
 20
415.113423589
 10
1031.274665507
 20
410.133930295
 10
1029.981601533
 20
405.310618170
 10
1027.934821293
 20
400.753831916
 10
1025.245854808
 20
396.543691036
 10
1021.950232562
 20
392.790773197
 10
1018.032075622
 20
389.699210918
 10
1013.465558283
 20
387.716788465
 10
1008.538298211
 20
387.870577712
 10
1007.466472884
 20
388.369018214
  0
LWPOLYLINE
  5
DB3
330
A02
100
AcDbEntity
100
AcDbPolyline
  8
IsoView
 90
2
 70
0
 43
0
 10
1014.763291584
 20
405.089961841
 10
1016.634120278
 20
408.330332191
  0
LINE
  5
DB4
330
A02
100
AcDbEntity
  8
IsoView
100
AcDbLine
 10
937.653773451
 20
191.038566858
 30
0.000000000
 11
909.369502204
 21
207.368498477
 31
0.000000000
  0
LINE
  5
DB5
330
A02
100
AcDbEntity
  8
IsoView
100
AcDbLine
 10
919.727219122
 20
243.739705484
 30
0.000000000
 11
909.369502204
 21
207.368498477
 31
0.000000000
  0
LINE
  5
DB6
330
A02
100
AcDbEntity
  8
IsoView
100
AcDbLine
 10
936.176925857
 20
245.761909782
 30
0.000000000
 11
919.727219122
 21
243.739705484
 31
0.000000000
  0
LINE
  5
DB7
330
A02
100
AcDbEntity
  8
IsoView
100
AcDbLine
 10
937.653773451
 20
191.038566858
 30
0.000000000
 11
954.103480186
 21
193.060771156
 31
0.000000000
  0
LINE
  5
DB8
330
A02
100
AcDbEntity
  8
IsoView
100
AcDbLine
 10
950.567946280
 20
195.102012608
 30
0.000000000
 11
954.103480186
 21
193.060771156
 31
0.000000000
  0
LINE
  5
DB9
330
A02
100
AcDbEntity
  8
IsoView
100
AcDbLine
 10
950.567946280
 20
195.102012608
 30
0.000000000
 11
937.408180892
 21
193.484249170
 31
0.000000000
  0
LINE
  5
DBA
330
A02
100
AcDbEntity
  8
IsoView
100
AcDbLine
 10
937.408180892
 20
193.484249170
 30
0.000000000
 11
916.194977457
 21
205.731697884
 31
0.000000000
  0
LINE
  5
DBB
330
A02
100
AcDbEntity
  8
IsoView
100
AcDbLine
 10
916.194977457
 20
205.731697884
 30
0.000000000
 11
929.354742844
 21
207.349461322
 31
0.000000000
  0
LINE
  5
DBC
330
A02
100
AcDbEntity
  8
IsoView
100
AcDbLine
 10
925.819208938
 20
209.390702775
 30
0.000000000
 11
929.354742844
 21
207.349461322
 31
0.000000000
  0
LINE
  5
DBD
330
A02
100
AcDbEntity
  8
IsoView
100
AcDbLine
 10
909.369502204
 20
207.368498477
 30
0.000000000
 11
925.819208938
 21
209.390702775
 31
0.000000000
  0
LWPOLYLINE
  5
DBE
330
A02
100
AcDbEntity
100
AcDbPolyline
  8
IsoView
 90
11
 70
0
 43
0
 10
954.103480186
 20
193.060771156
 10
958.812699580
 20
194.654303644
 10
962.885714883
 20
197.535830541
 10
966.327460373
 20
201.154486835
 10
969.162749102
 20
205.267368814
 10
971.370042278
 20
209.748781899
 10
972.859534912
 20
214.515746428
 10
973.424371055
 20
219.473669974
 10
972.617672487
 20
224.382305731
 10
969.673702427
 20
228.322507056
 10
969.282338645
 20
228.566882735
  0
LWPOLYLINE
  5
DBF
330
A02
100
AcDbEntity
100
AcDbPolyline
  8
IsoView
 90
11
 70
0
 43
0
 10
925.819208938
 20
209.390702775
 10
930.528428333
 20
210.984235262
 10
934.601443635
 20
213.865762160
 10
938.043189126
 20
217.484418453
 10
940.878477854
 20
221.597300433
 10
943.085771031
 20
226.078713517
 10
944.575263665
 20
230.845678046
 10
945.140099808
 20
235.803601592
 10
944.333401240
 20
240.712237350
 10
941.389431180
 20
244.652438675
 10
940.998067397
 20
244.896814354
  0
LWPOLYLINE
  5
DC0
330
A02
100
AcDbEntity
100
AcDbPolyline
  8
IsoView
 90
2
 70
0
 43
0
 10
940.998067397
 20
244.896814354
 10
936.176925857
 20
245.761909782
  0
LWPOLYLINE
  5
DC1
330
A02
100
AcDbEntity
100
AcDbPolyline
  8
IsoView
 90
3
 70
0
 43
0
 10
929.962295706
 20
223.939185578
 10
933.415608124
 20
227.276787726
 10
932.998067397
 20
231.040407893
  0
LWPOLYLINE
  5
DC2
330
A02
100
AcDbEntity
100
AcDbPolyline
  8
IsoView
 90
4
 70
0
 43
0
 10
932.998067397
 20
231.040407893
 10
929.020564269
 20
228.769683571
 10
928.922126748
 20
224.159512701
 10
928.998067397
 20
224.112204663
  0
LWPOLYLINE
  5
DC3
330
A02
100
AcDbEntity
100
AcDbPolyline
  8
IsoView
 90
2
 70
0
 43
0
 10
928.998067397
 20
224.112204663
 10
929.962295706
 20
223.939185578
  0
LWPOLYLINE
  5
DC4
330
A02
100
AcDbEntity
100
AcDbPolyline
  8
IsoView
 90
11
 70
0
 43
0
 10
929.354742844
 20
207.349461322
 10
934.063962239
 20
208.942993810
 10
938.136977541
 20
211.824520707
 10
941.578723032
 20
215.443177001
 10
944.414011760
 20
219.556058981
 10
946.621304937
 20
224.037472065
 10
948.110797571
 20
228.804436594
 10
948.675633714
 20
233.762360140
 10
947.868935146
 20
238.670995897
 10
944.924965085
 20
242.611197222
 10
944.533601303
 20
242.855572902
  0
LWPOLYLINE
  5
DC5
330
A02
100
AcDbEntity
100
AcDbPolyline
  8
IsoView
 90
2
 70
0
 43
0
 10
933.701248697
 20
228.175870727
 10
931.830420004
 20
224.935500378
  0
LINE
  5
DC6
330
A02
100
AcDbEntity
  8
IsoView
100
AcDbLine
 10
939.200217456
 20
199.777000106
 30
0.000000000
 11
937.408180892
 21
193.484249170
 31
0.000000000
  0
LWPOLYLINE
  5
DC7
330
A02
100
AcDbEntity
100
AcDbPolyline
  8
IsoView
 90
10
 70
0
 43
0
 10
950.567946280
 20
195.102012608
 10
955.277165674
 20
196.695545096
 10
959.350180977
 20
199.577071993
 10
962.791926467
 20
203.195728287
 10
965.627215196
 20
207.308610267
 10
967.834508372
 20
211.790023351
 10
969.324001006
 20
216.556987880
 10
969.888837150
 20
221.514911426
 10
969.082138581
 20
226.423547183
 10
967.110438153
 20
229.569032631
  0
LINE
  5
DC8
330
A02
100
AcDbEntity
  8
IsoView
100
AcDbLine
 10
705.986413585
 20
-445.219647322
 30
0.000000000
 11
711.995152674
 21
-441.750500191
 31
0.000000000
  0
LINE
  5
DC9
330
A02
100
AcDbEntity
  8
IsoView
100
AcDbLine
 10
705.986413585
 20
-441.137164417
 30
0.000000000
 11
705.986413585
 21
-445.219647322
 31
0.000000000
  0
LINE
  5
DCA
330
A02
100
AcDbEntity
  8
IsoView
100
AcDbLine
 10
709.521947491
 20
-430.930957156
 30
0.000000000
 11
709.521947491
 21
-439.095922965
 31
0.000000000
  0
LINE
  5
DCB
330
A02
100
AcDbEntity
  8
IsoView
100
AcDbLine
 10
711.995152674
 20
-437.668017287
 30
0.000000000
 11
705.986413585
 21
-441.137164417
 31
0.000000000
  0
LWPOLYLINE
  5
DCC
330
A02
100
AcDbEntity
100
AcDbPolyline
  8
IsoView
 90
4
 70
0
 43
0
 10
709.521947491
 20
-430.930957156
 10
710.100367292
 20
-425.974508720
 10
711.599754068
 20
-421.210617889
 10
711.986034859
 20
-420.297945485
  0
LINE
  5
DCD
330
A02
100
AcDbEntity
  8
IsoView
100
AcDbLine
 10
970.274768381
 20
331.021967872
 30
0.000000000
 11
948.210940647
 21
343.760524754
 31
0.000000000
  0
LINE
  5
DCE
330
A02
100
AcDbEntity
  8
IsoView
100
AcDbLine
 10
921.891409871
 20
340.524997878
 30
0.000000000
 11
948.210940647
 21
343.760524754
 31
0.000000000
  0
LINE
  5
DCF
330
A02
100
AcDbEntity
  8
IsoView
100
AcDbLine
 10
923.186124486
 20
345.071398753
 30
0.000000000
 11
921.891409871
 21
340.524997878
 31
0.000000000
  0
LINE
  5
DD0
330
A02
100
AcDbEntity
  8
IsoView
100
AcDbLine
 10
930.605802236
 20
356.669359929
 30
0.000000000
 11
927.452311605
 21
345.595851989
 31
0.000000000
  0
LINE
  5
DD1
330
A02
100
AcDbEntity
  8
IsoView
100
AcDbLine
 10
972.200074685
 20
335.204296467
 30
0.000000000
 11
957.405913254
 21
343.745709551
 31
0.000000000
  0
LINE
  5
DD2
330
A02
100
AcDbEntity
  8
IsoView
100
AcDbLine
 10
957.405913254
 20
343.745709551
 30
0.000000000
 11
961.290057099
 21
357.384912179
 31
0.000000000
  0
LINE
  5
DD3
330
A02
100
AcDbEntity
  8
IsoView
100
AcDbLine
 10
956.925333012
 20
359.904886805
 30
0.000000000
 11
953.041189167
 21
346.265684178
 31
0.000000000
  0
LINE
  5
DD4
330
A02
100
AcDbEntity
  8
IsoView
100
AcDbLine
 10
953.041189167
 20
346.265684178
 30
0.000000000
 11
949.505655261
 21
348.306925630
 31
0.000000000
  0
LINE
  5
DD5
330
A02
100
AcDbEntity
  8
IsoView
100
AcDbLine
 10
948.210940647
 20
343.760524754
 30
0.000000000
 11
949.505655261
 21
348.306925630
 31
0.000000000
  0
LINE
  5
DD6
330
A02
100
AcDbEntity
  8
IsoView
100
AcDbLine
 10
949.505655261
 20
348.306925630
 30
0.000000000
 11
923.186124486
 21
345.071398753
 31
0.000000000
  0
LWPOLYLINE
  5
DD7
330
A02
100
AcDbEntity
100
AcDbPolyline
  8
IsoView
 90
4
 70
0
 43
0
 10
930.605802236
 20
356.669359929
 10
932.355664324
 20
361.347694071
 10
934.783026016
 20
365.713951157
 10
935.218727092
 20
366.362932783
  0
LWPOLYLINE
  5
DD8
330
A02
100
AcDbEntity
100
AcDbPolyline
  8
IsoView
 90
2
 70
0
 43
0
 10
957.374514114
 20
361.702544591
 10
956.925333012
 20
359.904886805
  0
LWPOLYLINE
  5
DD9
330
A02
100
AcDbEntity
100
AcDbPolyline
  8
IsoView
 90
2
 70
0
 43
0
 10
943.651815554
 20
366.780360670
 10
945.522644247
 20
370.020731020
  0
LWPOLYLINE
  5
DDA
330
A02
100
AcDbEntity
100
AcDbPolyline
  8
IsoView
 90
3
 70
0
 43
0
 10
962.035125443
 20
366.774056350
 10
962.157863781
 20
361.791612938
 10
961.290057099
 20
357.384912179
  0
LWPOLYLINE
  5
DDB
330
A02
100
AcDbEntity
100
AcDbPolyline
  8
IsoView
 90
2
 70
0
 43
0
 10
978.587717549
 20
349.455095877
 10
978.416377404
 20
348.707924731
  0
LINE
  5
DDC
330
A02
100
AcDbEntity
  8
IsoView
100
AcDbLine
 10
768.563695169
 20
-399.544842872
 30
0.000000000
 11
769.340873532
 21
-399.993547010
 31
0.000000000
  0
LINE
  5
DDD
330
A02
100
AcDbEntity
  8
IsoView
100
AcDbLine
 10
709.558213050
 20
-405.084745771
 30
0.000000000
 11
711.995152674
 21
-396.527412508
 31
0.000000000
  0
LINE
  5
DDE
330
A02
100
AcDbEntity
  8
IsoView
100
AcDbLine
 10
769.340873532
 20
-399.993547010
 30
0.000000000
 11
768.563695169
 21
-402.722615140
 31
0.000000000
  0
LWPOLYLINE
  5
DDF
330
A02
100
AcDbEntity
100
AcDbPolyline
  8
IsoView
 90
5
 70
0
 43
0
 10
711.995152674
 20
-420.304937090
 10
709.247740236
 20
-416.217649441
 10
708.578982164
 20
-411.286072922
 10
709.231605750
 20
-406.338365888
 10
709.558213050
 20
-405.084745771
  0
LINE
  5
DE0
330
A02
100
AcDbEntity
  8
IsoView
100
AcDbLine
 10
967.997825527
 20
379.331879255
 30
0.000000000
 11
987.366194582
 21
368.149546167
 31
0.000000000
  0
LINE
  5
DE1
330
A02
100
AcDbEntity
  8
IsoView
100
AcDbLine
 10
956.201527635
 20
402.205114242
 30
0.000000000
 11
967.997825527
 21
379.331879255
 31
0.000000000
  0
LINE
  5
DE2
330
A02
100
AcDbEntity
  8
IsoView
100
AcDbLine
 10
943.348051879
 20
387.973560790
 30
0.000000000
 11
956.201527635
 21
402.205114242
 31
0.000000000
  0
LINE
  5
DE3
330
A02
100
AcDbEntity
  8
IsoView
100
AcDbLine
 10
967.997825527
 20
379.331879255
 30
0.000000000
 11
955.144349772
 21
365.100325803
 31
0.000000000
  0
LINE
  5
DE4
330
A02
100
AcDbEntity
  8
IsoView
100
AcDbLine
 10
958.679883678
 20
363.059084351
 30
0.000000000
 11
968.319990494
 21
373.732749440
 31
0.000000000
  0
LINE
  5
DE5
330
A02
100
AcDbEntity
  8
IsoView
100
AcDbLine
 10
968.319990494
 20
373.732749440
 30
0.000000000
 11
985.168469843
 21
364.005275352
 31
0.000000000
  0
LINE
  5
DE6
330
A02
100
AcDbEntity
  8
IsoView
100
AcDbLine
 10
985.168469843
 20
364.005275352
 30
0.000000000
 11
975.528363026
 21
353.331610264
 31
0.000000000
  0
LWPOLYLINE
  5
DE7
330
A02
100
AcDbEntity
100
AcDbPolyline
  8
IsoView
 90
5
 70
0
 43
0
 10
955.144349772
 20
365.100325803
 10
951.483902514
 20
361.704667660
 10
947.179536869
 20
359.189130609
 10
942.303177694
 20
358.301912651
 10
939.246200825
 20
359.216435221
  0
LWPOLYLINE
  5
DE8
330
A02
100
AcDbEntity
100
AcDbPolyline
  8
IsoView
 90
8
 70
0
 43
0
 10
939.246200825
 20
359.216435221
 10
936.080957096
 20
362.972054970
 10
935.111459951
 20
367.848231172
 10
935.573613603
 20
372.816057307
 10
936.988876507
 20
377.605356472
 10
939.134967744
 20
382.116339790
 10
941.914052844
 20
386.267469500
 10
943.348051879
 20
387.973560790
  0
LWPOLYLINE
  5
DE9
330
A02
100
AcDbEntity
100
AcDbPolyline
  8
IsoView
 90
2
 70
0
 43
0
 10
943.999092737
 20
367.133843073
 10
940.819462947
 20
365.957064956
  0
LWPOLYLINE
  5
DEA
330
A02
100
AcDbEntity
100
AcDbPolyline
  8
IsoView
 90
4
 70
0
 43
0
 10
940.819462947
 20
365.957064956
 10
940.797216331
 20
370.537045870
 10
944.740522660
 20
372.927380699
 10
944.819462947
 20
372.885268186
  0
LWPOLYLINE
  5
DEB
330
A02
100
AcDbEntity
100
AcDbPolyline
  8
IsoView
 90
3
 70
0
 43
0
 10
944.819462947
 20
372.885268186
 10
944.841709564
 20
368.305287273
 10
943.999092737
 20
367.133843073
  0
LWPOLYLINE
  5
DEC
330
A02
100
AcDbEntity
100
AcDbPolyline
  8
IsoView
 90
5
 70
0
 43
0
 10
963.994938167
 20
344.927745055
 10
968.830022140
 20
344.064373451
 10
973.537663178
 20
345.662852395
 10
977.608849986
 20
348.547002265
 10
978.904674989
 20
349.768649951
  0
LWPOLYLINE
  5
DED
330
A02
100
AcDbEntity
100
AcDbPolyline
  8
IsoView
 90
2
 70
0
 43
0
 10
958.655292661
 20
348.132915475
 10
959.630214080
 20
347.447719682
  0
LWPOLYLINE
  5
DEE
330
A02
100
AcDbEntity
100
AcDbPolyline
  8
IsoView
 90
5
 70
0
 43
0
 10
959.630214080
 20
347.447719682
 10
964.465298053
 20
346.584348078
 10
969.172939091
 20
348.182827022
 10
973.244125899
 20
351.066976892
 10
975.528363026
 20
353.331610264
  0
LWPOLYLINE
  5
DEF
330
A02
100
AcDbEntity
100
AcDbPolyline
  8
IsoView
 90
3
 70
0
 43
0
 10
964.383105991
 20
355.365127533
 10
965.967749162
 20
359.940064610
 10
965.203476202
 20
361.116552647
  0
LWPOLYLINE
  5
DF0
330
A02
100
AcDbEntity
100
AcDbPolyline
  8
IsoView
 90
2
 70
0
 43
0
 10
965.203476202
 20
361.116552647
 10
961.852997817
 20
359.742411216
  0
LWPOLYLINE
  5
DF1
330
A02
100
AcDbEntity
100
AcDbPolyline
  8
IsoView
 90
2
 70
0
 43
0
 10
960.584437203
 20
354.907122189
 10
961.203476202
 20
354.188349416
  0
LWPOLYLINE
  5
DF2
330
A02
100
AcDbEntity
100
AcDbPolyline
  8
IsoView
 90
2
 70
0
 43
0
 10
961.203476202
 20
354.188349416
 10
964.383105991
 20
355.365127533
  0
LWPOLYLINE
  5
DF3
330
A02
100
AcDbEntity
100
AcDbPolyline
  8
IsoView
 90
5
 70
0
 43
0
 10
942.781734731
 20
357.175193769
 10
947.616818705
 20
356.311822165
 10
952.324459742
 20
357.910301109
 10
956.395646550
 20
360.794450979
 10
958.679883678
 20
363.059084351
  0
LWPOLYLINE
  5
DF4
330
A02
100
AcDbEntity
100
AcDbPolyline
  8
IsoView
 90
2
 70
0
 43
0
 10
945.522644247
 20
370.020731020
 10
943.651815554
 20
366.780360670
  0
LINE
  5
DF5
330
A02
100
AcDbEntity
  8
IsoView
100
AcDbLine
 10
597.046432886
 20
191.564852778
 30
0.000000000
 11
625.270541493
 21
209.989116044
 31
0.000000000
  0
LINE
  5
DF6
330
A02
100
AcDbEntity
  8
IsoView
100
AcDbLine
 10
633.922947488
 20
-438.952349672
 30
0.000000000
 11
662.147056096
 21
-420.528086407
 31
0.000000000
  0
LINE
  5
DF7
330
A02
100
AcDbEntity
  8
IsoView
100
AcDbLine
 10
597.046432886
 20
191.564852778
 30
0.000000000
 11
618.934031184
 21
-182.670819868
 31
0.000000000
  0
LINE
  5
DF8
330
A02
100
AcDbEntity
  8
IsoView
100
AcDbLine
 10
625.660444509
 20
-297.679501076
 30
0.000000000
 11
629.452765844
 21
-362.520874094
 31
0.000000000
  0
LINE
  5
DF9
330
A02
100
AcDbEntity
  8
IsoView
100
AcDbLine
 10
633.148277919
 20
-425.706995677
 30
0.000000000
 11
633.922947488
 21
-438.952349672
 31
0.000000000
  0
LINE
  5
DFA
330
A02
100
AcDbEntity
  8
IsoView
100
AcDbLine
 10
625.270541493
 20
209.989116044
 30
0.000000000
 11
649.259710545
 21
-200.179359011
 31
0.000000000
  0
LINE
  5
DFB
330
A02
100
AcDbEntity
  8
IsoView
100
AcDbLine
 10
655.986123870
 20
-315.188040219
 30
0.000000000
 11
657.797327974
 21
-346.156133518
 31
0.000000000
  0
LINE
  5
DFC
330
A02
100
AcDbEntity
  8
IsoView
100
AcDbLine
 10
661.492840049
 20
-409.342255101
 30
0.000000000
 11
662.147056096
 21
-420.528086407
 31
0.000000000
  0
LINE
  5
DFD
330
A02
100
AcDbEntity
  8
IsoView
100
AcDbLine
 10
662.147056096
 20
-420.528086407
 30
0.000000000
 11
690.431327343
 21
-436.858018025
 31
0.000000000
  0
LINE
  5
DFE
330
A02
100
AcDbEntity
  8
IsoView
100
AcDbLine
 10
690.431327343
 20
-436.858018025
 30
0.000000000
 11
687.929355259
 21
-394.079125928
 31
0.000000000
  0
LINE
  5
DFF
330
A02
100
AcDbEntity
  8
IsoView
100
AcDbLine
 10
677.543981793
 20
-216.509290629
 30
0.000000000
 11
653.554812741
 21
193.659184425
 31
0.000000000
  0
LINE
  5
E00
330
A02
100
AcDbEntity
  8
IsoView
100
AcDbLine
 10
653.554812741
 20
193.659184425
 30
0.000000000
 11
625.270541493
 21
209.989116044
 31
0.000000000
  0
LWPOLYLINE
  5
E01
330
A02
100
AcDbEntity
100
AcDbPolyline
  8
IsoView
 90
2
 70
0
 43
0
 10
640.518972555
 20
182.908634161
 10
642.521095994
 20
182.711714021
  0
LWPOLYLINE
  5
E02
330
A02
100
AcDbEntity
100
AcDbPolyline
  8
IsoView
 90
3
 70
0
 43
0
 10
642.521095994
 20
182.711714021
 10
642.106718037
 20
187.286519824
 10
638.148083970
 20
189.410726325
  0
LWPOLYLINE
  5
E03
330
A02
100
AcDbEntity
100
AcDbPolyline
  8
IsoView
 90
3
 70
0
 43
0
 10
638.148083970
 20
189.410726325
 10
638.562461928
 20
184.835920522
 10
640.518972555
 20
182.908634161
  0
LWPOLYLINE
  5
E04
330
A02
100
AcDbEntity
100
AcDbPolyline
  8
IsoView
 90
2
 70
0
 43
0
 10
645.128536881
 20
104.093983854
 10
647.130660319
 20
103.897063715
  0
LWPOLYLINE
  5
E05
330
A02
100
AcDbEntity
100
AcDbPolyline
  8
IsoView
 90
3
 70
0
 43
0
 10
647.130660319
 20
103.897063715
 10
646.716282362
 20
108.471869517
 10
642.757648296
 20
110.596076018
  0
LWPOLYLINE
  5
E06
330
A02
100
AcDbEntity
100
AcDbPolyline
  8
IsoView
 90
3
 70
0
 43
0
 10
642.757648296
 20
110.596076018
 10
643.172026253
 20
106.021270216
 10
645.128536881
 20
104.093983854
  0
LWPOLYLINE
  5
E07
330
A02
100
AcDbEntity
100
AcDbPolyline
  8
IsoView
 90
2
 70
0
 43
0
 10
658.035316991
 20
-116.587037003
 10
660.037440430
 20
-116.783957143
  0
LWPOLYLINE
  5
E08
330
A02
100
AcDbEntity
100
AcDbPolyline
  8
IsoView
 90
3
 70
0
 43
0
 10
660.037440430
 20
-116.783957143
 10
659.623062473
 20
-112.209151340
 10
655.664428407
 20
-110.084944839
  0
LWPOLYLINE
  5
E09
330
A02
100
AcDbEntity
100
AcDbPolyline
  8
IsoView
 90
3
 70
0
 43
0
 10
655.664428407
 20
-110.084944839
 10
656.078806364
 20
-114.659750641
 10
658.035316991
 20
-116.587037003
  0
LWPOLYLINE
  5
E0A
330
A02
100
AcDbEntity
100
AcDbPolyline
  8
IsoView
 90
2
 70
0
 43
0
 10
675.551661427
 20
-416.082708167
 10
677.553784866
 20
-416.279628306
  0
LWPOLYLINE
  5
E0B
330
A02
100
AcDbEntity
100
AcDbPolyline
  8
IsoView
 90
3
 70
0
 43
0
 10
677.553784866
 20
-416.279628306
 10
677.139406909
 20
-411.704822504
 10
673.180772843
 20
-409.580616003
  0
LWPOLYLINE
  5
E0C
330
A02
100
AcDbEntity
100
AcDbPolyline
  8
IsoView
 90
3
 70
0
 43
0
 10
673.180772843
 20
-409.580616003
 10
673.595150800
 20
-414.155421805
 10
675.551661427
 20
-416.082708167
  0
LWPOLYLINE
  5
E0D
330
A02
100
AcDbEntity
100
AcDbPolyline
  8
IsoView
 90
2
 70
0
 43
0
 10
670.942097102
 20
-337.268057861
 10
672.574408979
 20
-337.624581822
  0
LWPOLYLINE
  5
E0E
330
A02
100
AcDbEntity
100
AcDbPolyline
  8
IsoView
 90
3
 70
0
 43
0
 10
673.154072813
 20
-337.289912752
 10
672.374175015
 20
-332.664825791
 10
668.571208517
 20
-330.765965697
  0
LWPOLYLINE
  5
E0F
330
A02
100
AcDbEntity
100
AcDbPolyline
  8
IsoView
 90
3
 70
0
 43
0
 10
668.571208517
 20
-330.765965697
 10
668.985586475
 20
-335.340771499
 10
670.942097102
 20
-337.268057861
  0
LWPOLYLINE
  5
E10
330
A02
100
AcDbEntity
100
AcDbPolyline
  8
IsoView
 90
2
 70
0
 43
0
 10
653.425752666
 20
-37.772386697
 10
655.427876105
 20
-37.969306836
  0
LWPOLYLINE
  5
E11
330
A02
100
AcDbEntity
100
AcDbPolyline
  8
IsoView
 90
3
 70
0
 43
0
 10
655.427876105
 20
-37.969306836
 10
655.013498148
 20
-33.394501034
 10
651.054864081
 20
-31.270294533
  0
LWPOLYLINE
  5
E12
330
A02
100
AcDbEntity
100
AcDbPolyline
  8
IsoView
 90
3
 70
0
 43
0
 10
651.054864081
 20
-31.270294533
 10
651.469242039
 20
-35.845100335
 10
653.425752666
 20
-37.772386697
  0
LWPOLYLINE
  5
E13
330
A02
100
AcDbEntity
100
AcDbPolyline
  8
IsoView
 90
2
 70
0
 43
0
 10
662.644881317
 20
-195.401687309
 10
664.647004755
 20
-195.598607449
  0
LWPOLYLINE
  5
E14
330
A02
100
AcDbEntity
100
AcDbPolyline
  8
IsoView
 90
3
 70
0
 43
0
 10
664.647004755
 20
-195.598607449
 10
664.232626798
 20
-191.023801647
 10
660.273992732
 20
-188.899595145
  0
LWPOLYLINE
  5
E15
330
A02
100
AcDbEntity
100
AcDbPolyline
  8
IsoView
 90
3
 70
0
 43
0
 10
660.273992732
 20
-188.899595145
 10
660.688370689
 20
-193.474400948
 10
662.644881317
 20
-195.401687309
  0
LWPOLYLINE
  5
E16
330
A02
100
AcDbEntity
100
AcDbPolyline
  8
IsoView
 90
2
 70
0
 43
0
 10
645.589493313
 20
96.212518824
 10
647.591616752
 20
96.015598684
  0
LWPOLYLINE
  5
E17
330
A02
100
AcDbEntity
100
AcDbPolyline
  8
IsoView
 90
3
 70
0
 43
0
 10
647.591616752
 20
96.015598684
 10
647.177238795
 20
100.590404487
 10
643.218604728
 20
102.714610988
  0
LWPOLYLINE
  5
E18
330
A02
100
AcDbEntity
100
AcDbPolyline
  8
IsoView
 90
3
 70
0
 43
0
 10
643.218604728
 20
102.714610988
 10
643.632982686
 20
98.139805186
 10
645.589493313
 20
96.212518824
  0
LWPOLYLINE
  5
E19
330
A02
100
AcDbEntity
100
AcDbPolyline
  8
IsoView
 90
2
 70
0
 43
0
 10
670.481140670
 20
-329.386592830
 10
672.483264108
 20
-329.583512969
  0
LWPOLYLINE
  5
E1A
330
A02
100
AcDbEntity
100
AcDbPolyline
  8
IsoView
 90
3
 70
0
 43
0
 10
672.483264108
 20
-329.583512969
 10
672.068886151
 20
-325.008707167
 10
671.276727495
 20
-324.016074338
  0
LWPOLYLINE
  5
E1B
330
A02
100
AcDbEntity
100
AcDbPolyline
  8
IsoView
 90
2
 70
0
 43
0
 10
668.979791492
 20
-322.689937718
 10
668.110252085
 20
-322.884500666
  0
LWPOLYLINE
  5
E1C
330
A02
100
AcDbEntity
100
AcDbPolyline
  8
IsoView
 90
3
 70
0
 43
0
 10
668.110252085
 20
-322.884500666
 10
668.524630042
 20
-327.459306468
 10
670.481140670
 20
-329.386592830
  0
LINE
  5
E1D
330
A02
100
AcDbEntity
  8
IsoView
100
AcDbLine
 10
584.574068751
 20
214.325757303
 30
0.000000000
 11
596.108046418
 21
207.666612192
 31
0.000000000
  0
LINE
  5
E1E
330
A02
100
AcDbEntity
  8
IsoView
100
AcDbLine
 10
584.574068751
 20
214.325757303
 30
0.000000000
 11
427.906617520
 21
289.021412160
 31
0.000000000
  0
LINE
  5
E1F
330
A02
100
AcDbEntity
  8
IsoView
100
AcDbLine
 10
596.205959751
 20
205.935320696
 30
0.000000000
 11
591.969346501
 21
207.955246332
 31
0.000000000
  0
LINE
  5
E20
330
A02
100
AcDbEntity
  8
IsoView
100
AcDbLine
 10
541.569429413
 20
231.984837559
 30
0.000000000
 11
456.190888768
 21
272.691480541
 31
0.000000000
  0
LINE
  5
E21
330
A02
100
AcDbEntity
  8
IsoView
100
AcDbLine
 10
427.906617520
 20
289.021412160
 30
0.000000000
 11
456.190888768
 21
272.691480541
 31
0.000000000
  0
LWPOLYLINE
  5
E22
330
A02
100
AcDbEntity
100
AcDbPolyline
  8
IsoView
 90
3
 70
0
 43
0
 10
586.182808276
 20
212.136443882
 10
590.581962659
 20
209.761281701
 10
591.787170324
 20
209.232224579
  0
LWPOLYLINE
  5
E23
330
A02
100
AcDbEntity
100
AcDbPolyline
  8
IsoView
 90
3
 70
0
 43
0
 10
591.787170324
 20
209.232224579
 10
587.471663157
 20
211.738570195
 10
584.756244928
 20
213.048779056
  0
LWPOLYLINE
  5
E24
330
A02
100
AcDbEntity
100
AcDbPolyline
  8
IsoView
 90
2
 70
0
 43
0
 10
584.756244928
 20
213.048779056
 10
586.182808276
 20
212.136443882
  0
LWPOLYLINE
  5
E25
330
A02
100
AcDbEntity
100
AcDbPolyline
  8
IsoView
 90
3
 70
0
 43
0
 10
518.293579410
 20
244.504560987
 10
522.692733793
 20
242.129398805
 10
523.897941457
 20
241.600341683
  0
LWPOLYLINE
  5
E26
330
A02
100
AcDbEntity
100
AcDbPolyline
  8
IsoView
 90
3
 70
0
 43
0
 10
523.897941457
 20
241.600341683
 10
519.582434290
 20
244.106687300
 10
516.867016062
 20
245.416896161
  0
LWPOLYLINE
  5
E27
330
A02
100
AcDbEntity
100
AcDbPolyline
  8
IsoView
 90
2
 70
0
 43
0
 10
516.867016062
 20
245.416896161
 10
518.293579410
 20
244.504560987
  0
LWPOLYLINE
  5
E28
330
A02
100
AcDbEntity
100
AcDbPolyline
  8
IsoView
 90
3
 70
0
 43
0
 10
492.182337538
 20
256.953836796
 10
496.581491921
 20
254.578674615
 10
497.786699585
 20
254.049617493
  0
LWPOLYLINE
  5
E29
330
A02
100
AcDbEntity
100
AcDbPolyline
  8
IsoView
 90
3
 70
0
 43
0
 10
497.786699585
 20
254.049617493
 10
493.471192418
 20
256.555963109
 10
490.755774190
 20
257.866171970
  0
LWPOLYLINE
  5
E2A
330
A02
100
AcDbEntity
100
AcDbPolyline
  8
IsoView
 90
2
 70
0
 43
0
 10
490.755774190
 20
257.866171970
 10
492.182337538
 20
256.953836796
  0
LWPOLYLINE
  5
E2B
330
A02
100
AcDbEntity
100
AcDbPolyline
  8
IsoView
 90
3
 70
0
 43
0
 10
471.293344040
 20
266.913257444
 10
475.692498424
 20
264.538095262
 10
476.897706088
 20
264.009038140
  0
LWPOLYLINE
  5
E2C
330
A02
100
AcDbEntity
100
AcDbPolyline
  8
IsoView
 90
3
 70
0
 43
0
 10
476.897706088
 20
264.009038140
 10
472.582198921
 20
266.515383757
 10
469.866780692
 20
267.825592618
  0
LWPOLYLINE
  5
E2D
330
A02
100
AcDbEntity
100
AcDbPolyline
  8
IsoView
 90
2
 70
0
 43
0
 10
469.866780692
 20
267.825592618
 10
471.293344040
 20
266.913257444
  0
LWPOLYLINE
  5
E2E
330
A02
100
AcDbEntity
100
AcDbPolyline
  8
IsoView
 90
3
 70
0
 43
0
 10
450.404350543
 20
276.872678091
 10
454.803504926
 20
274.497515910
 10
456.008712591
 20
273.968458788
  0
LWPOLYLINE
  5
E2F
330
A02
100
AcDbEntity
100
AcDbPolyline
  8
IsoView
 90
3
 70
0
 43
0
 10
456.008712591
 20
273.968458788
 10
451.693205423
 20
276.474804404
 10
448.977787195
 20
277.785013266
  0
LWPOLYLINE
  5
E30
330
A02
100
AcDbEntity
100
AcDbPolyline
  8
IsoView
 90
2
 70
0
 43
0
 10
448.977787195
 20
277.785013266
 10
450.404350543
 20
276.872678091
  0
LINE
  5
E31
330
A02
100
AcDbEntity
  8
IsoView
100
AcDbLine
 10
603.643676787
 20
249.456132674
 30
0.000000000
 11
584.574068751
 21
214.325757303
 31
0.000000000
  0
LINE
  5
E32
330
A02
100
AcDbEntity
  8
IsoView
100
AcDbLine
 10
427.906617520
 20
289.021412160
 30
0.000000000
 11
446.976225557
 21
324.151787531
 31
0.000000000
  0
LINE
  5
E33
330
A02
100
AcDbEntity
  8
IsoView
100
AcDbLine
 10
446.976225557
 20
324.151787531
 30
0.000000000
 11
603.643676787
 21
249.456132674
 31
0.000000000
  0
LWPOLYLINE
  5
E34
330
A02
100
AcDbEntity
100
AcDbPolyline
  8
IsoView
 90
3
 70
0
 43
0
 10
581.575476671
 20
237.866597377
 10
585.459411235
 20
240.430997342
 10
585.664376020
 20
240.334756927
  0
LWPOLYLINE
  5
E35
330
A02
100
AcDbEntity
100
AcDbPolyline
  8
IsoView
 90
4
 70
0
 43
0
 10
585.664376020
 20
240.334756927
 10
585.686622637
 20
235.754776014
 10
581.743316308
 20
233.364441184
 10
581.664376020
 20
233.406553697
  0
LWPOLYLINE
  5
E36
330
A02
100
AcDbEntity
100
AcDbPolyline
  8
IsoView
 90
2
 70
0
 43
0
 10
581.664376020
 20
233.406553697
 10
581.575476671
 20
237.866597377
  0
LWPOLYLINE
  5
E37
330
A02
100
AcDbEntity
100
AcDbPolyline
  8
IsoView
 90
3
 70
0
 43
0
 10
539.797489676
 20
257.785438672
 10
543.681424240
 20
260.349838637
 10
543.886389026
 20
260.253598222
  0
LWPOLYLINE
  5
E38
330
A02
100
AcDbEntity
100
AcDbPolyline
  8
IsoView
 90
4
 70
0
 43
0
 10
543.886389026
 20
260.253598222
 10
543.908635642
 20
255.673617309
 10
539.965329313
 20
253.283282479
 10
539.886389026
 20
253.325394992
  0
LWPOLYLINE
  5
E39
330
A02
100
AcDbEntity
100
AcDbPolyline
  8
IsoView
 90
2
 70
0
 43
0
 10
539.886389026
 20
253.325394992
 10
539.797489676
 20
257.785438672
  0
LWPOLYLINE
  5
E3A
330
A02
100
AcDbEntity
100
AcDbPolyline
  8
IsoView
 90
3
 70
0
 43
0
 10
445.797018937
 20
302.602831586
 10
449.680953502
 20
305.167231551
 10
449.885918287
 20
305.070991136
  0
LWPOLYLINE
  5
E3B
330
A02
100
AcDbEntity
100
AcDbPolyline
  8
IsoView
 90
4
 70
0
 43
0
 10
449.885918287
 20
305.070991136
 10
449.908164904
 20
300.491010223
 10
445.964858575
 20
298.100675393
 10
445.885918287
 20
298.142787906
  0
LWPOLYLINE
  5
E3C
330
A02
100
AcDbEntity
100
AcDbPolyline
  8
IsoView
 90
2
 70
0
 43
0
 10
445.885918287
 20
298.142787906
 10
445.797018937
 20
302.602831586
  0
LWPOLYLINE
  5
E3D
330
A02
100
AcDbEntity
100
AcDbPolyline
  8
IsoView
 90
3
 70
0
 43
0
 10
487.575005932
 20
282.683990291
 10
491.458940497
 20
285.248390256
 10
491.663905282
 20
285.152149841
  0
LWPOLYLINE
  5
E3E
330
A02
100
AcDbEntity
100
AcDbPolyline
  8
IsoView
 90
4
 70
0
 43
0
 10
491.663905282
 20
285.152149841
 10
491.686151898
 20
280.572168928
 10
487.742845569
 20
278.181834098
 10
487.663905282
 20
278.223946611
  0
LWPOLYLINE
  5
E3F
330
A02
100
AcDbEntity
100
AcDbPolyline
  8
IsoView
 90
2
 70
0
 43
0
 10
487.663905282
 20
278.223946611
 10
487.575005932
 20
282.683990291
  0
LWPOLYLINE
  5
E40
330
A02
100
AcDbEntity
100
AcDbPolyline
  8
IsoView
 90
3
 70
0
 43
0
 10
513.686247804
 20
270.234714482
 10
517.570182368
 20
272.799114447
 10
517.775147154
 20
272.702874032
  0
LWPOLYLINE
  5
E41
330
A02
100
AcDbEntity
100
AcDbPolyline
  8
IsoView
 90
4
 70
0
 43
0
 10
517.775147154
 20
272.702874032
 10
517.797393770
 20
268.122893118
 10
513.854087441
 20
265.732558289
 10
513.775147154
 20
265.774670802
  0
LWPOLYLINE
  5
E42
330
A02
100
AcDbEntity
100
AcDbPolyline
  8
IsoView
 90
2
 70
0
 43
0
 10
513.775147154
 20
265.774670802
 10
513.686247804
 20
270.234714482
  0
LWPOLYLINE
  5
E43
330
A02
100
AcDbEntity
100
AcDbPolyline
  8
IsoView
 90
3
 70
0
 43
0
 10
560.686483173
 20
247.826018025
 10
564.570417737
 20
250.390417990
 10
564.775382523
 20
250.294177575
  0
LWPOLYLINE
  5
E44
330
A02
100
AcDbEntity
100
AcDbPolyline
  8
IsoView
 90
4
 70
0
 43
0
 10
564.775382523
 20
250.294177575
 10
564.797629139
 20
245.714196661
 10
560.854322810
 20
243.323861832
 10
560.775382523
 20
243.365974345
  0
LWPOLYLINE
  5
E45
330
A02
100
AcDbEntity
100
AcDbPolyline
  8
IsoView
 90
2
 70
0
 43
0
 10
560.775382523
 20
243.365974345
 10
560.686483173
 20
247.826018025
  0
LWPOLYLINE
  5
E46
330
A02
100
AcDbEntity
100
AcDbPolyline
  8
IsoView
 90
3
 70
0
 43
0
 10
466.686012435
 20
292.643410939
 10
470.569946999
 20
295.207810904
 10
470.774911785
 20
295.111570489
  0
LWPOLYLINE
  5
E47
330
A02
100
AcDbEntity
100
AcDbPolyline
  8
IsoView
 90
4
 70
0
 43
0
 10
470.774911785
 20
295.111570489
 10
470.797158401
 20
290.531589575
 10
466.853852072
 20
288.141254746
 10
466.774911785
 20
288.183367259
  0
LWPOLYLINE
  5
E48
330
A02
100
AcDbEntity
100
AcDbPolyline
  8
IsoView
 90
2
 70
0
 43
0
 10
466.774911785
 20
288.183367259
 10
466.686012435
 20
292.643410939
  0
LWPOLYLINE
  5
E49
330
A02
100
AcDbEntity
100
AcDbPolyline
  8
IsoView
 90
6
 70
0
 43
0
 10
604.543557529
 20
63.378496043
 10
601.405613501
 20
59.492231644
 10
597.653106390
 20
56.199505875
 10
593.252951449
 20
53.860133403
 10
588.334720970
 20
53.319130276
 10
586.005400347
 20
54.146410407
  0
LWPOLYLINE
  5
E4A
330
A02
100
AcDbEntity
100
AcDbPolyline
  8
IsoView
 90
2
 70
0
 43
0
 10
586.005400347
 20
54.146410407
 10
583.115722974
 20
57.306308189
  0
LWPOLYLINE
  5
E4B
330
A02
100
AcDbEntity
100
AcDbPolyline
  8
IsoView
 90
3
 70
0
 43
0
 10
605.605877110
 20
45.214882212
 10
600.707924425
 20
45.692290088
 10
600.147535971
 20
45.981444597
  0
LINE
  5
E4C
330
A02
100
AcDbEntity
  8
IsoView
100
AcDbLine
 10
574.634372528
 20
81.966809230
 30
0.000000000
 11
538.938751328
 21
187.018988990
 31
0.000000000
  0
LWPOLYLINE
  5
E4D
330
A02
100
AcDbEntity
100
AcDbPolyline
  8
IsoView
 90
2
 70
0
 43
0
 10
564.109957318
 20
216.513437652
 10
565.366399077
 20
214.032494634
  0
LWPOLYLINE
  5
E4E
330
A02
100
AcDbEntity
100
AcDbPolyline
  8
IsoView
 90
3
 70
0
 43
0
 10
576.070810824
 20
210.340221577
 10
579.236054552
 20
206.584601828
 10
579.508534701
 20
205.867528825
  0
LINE
  5
E4F
330
A02
100
AcDbEntity
  8
IsoView
100
AcDbLine
 10
602.045819449
 20
106.084994831
 30
0.000000000
 11
565.366399077
 21
214.032494634
 31
0.000000000
  0
LINE
  5
E50
330
A02
100
AcDbEntity
  8
IsoView
100
AcDbLine
 10
599.682332338
 20
146.496061274
 30
0.000000000
 11
579.508534701
 21
205.867528825
 31
0.000000000
  0
LINE
  5
E51
330
A02
100
AcDbEntity
  8
IsoView
100
AcDbLine
 10
591.969346501
 20
207.955246332
 30
0.000000000
 11
563.685075254
 21
224.285177951
 31
0.000000000
  0
LINE
  5
E52
330
A02
100
AcDbEntity
  8
IsoView
100
AcDbLine
 10
563.685075254
 20
224.285177951
 30
0.000000000
 11
542.796081756
 21
234.244598598
 31
0.000000000
  0
LINE
  5
E53
330
A02
100
AcDbEntity
  8
IsoView
100
AcDbLine
 10
583.869426608
 20
193.033428025
 30
0.000000000
 11
591.969346501
 21
207.955246332
 31
0.000000000
  0
LINE
  5
E54
330
A02
100
AcDbEntity
  8
IsoView
100
AcDbLine
 10
551.766570231
 20
202.328693344
 30
0.000000000
 11
563.685075254
 21
224.285177951
 31
0.000000000
  0
LINE
  5
E55
330
A02
100
AcDbEntity
  8
IsoView
100
AcDbLine
 10
551.766570231
 20
202.328693344
 30
0.000000000
 11
555.302104137
 21
200.287451891
 31
0.000000000
  0
LINE
  5
E56
330
A02
100
AcDbEntity
  8
IsoView
100
AcDbLine
 10
564.836908155
 20
217.852639577
 30
0.000000000
 11
555.302104137
 21
200.287451891
 31
0.000000000
  0
LINE
  5
E57
330
A02
100
AcDbEntity
  8
IsoView
100
AcDbLine
 10
586.050111590
 20
205.605190863
 30
0.000000000
 11
564.836908155
 21
217.852639577
 31
0.000000000
  0
LINE
  5
E58
330
A02
100
AcDbEntity
  8
IsoView
100
AcDbLine
 10
582.081740583
 20
198.294586323
 30
0.000000000
 11
586.050111590
 21
205.605190863
 31
0.000000000
  0
LINE
  5
E59
330
A02
100
AcDbEntity
  8
IsoView
100
AcDbLine
 10
542.796081756
 20
234.244598598
 30
0.000000000
 11
530.877576733
 21
212.288113991
 31
0.000000000
  0
LWPOLYLINE
  5
E5A
330
A02
100
AcDbEntity
100
AcDbPolyline
  8
IsoView
 90
6
 70
0
 43
0
 10
530.877576733
 20
212.288113991
 10
528.823972386
 20
207.734390104
 10
527.522441388
 20
202.913325340
 10
527.220260344
 20
197.934448491
 10
528.445771456
 20
193.121406487
 10
531.322073482
 20
189.987895592
  0
LWPOLYLINE
  5
E5B
330
A02
100
AcDbEntity
100
AcDbPolyline
  8
IsoView
 90
7
 70
0
 43
0
 10
531.322073482
 20
189.987895592
 10
536.157157456
 20
189.124523988
 10
540.864798493
 20
190.723002932
 10
544.935985301
 20
193.607152802
 10
548.376008593
 20
197.227456013
 10
551.209589124
 20
201.341517202
 10
551.766570231
 20
202.328693344
  0
LWPOLYLINE
  5
E5C
330
A02
100
AcDbEntity
100
AcDbPolyline
  8
IsoView
 90
2
 70
0
 43
0
 10
539.233174132
 20
208.304345732
 10
539.322073482
 20
203.844302052
  0
LWPOLYLINE
  5
E5D
330
A02
100
AcDbEntity
100
AcDbPolyline
  8
IsoView
 90
4
 70
0
 43
0
 10
539.322073482
 20
203.844302052
 10
543.299576610
 20
206.115026374
 10
543.398014132
 20
210.725197245
 10
543.322073482
 20
210.772505283
  0
LWPOLYLINE
  5
E5E
330
A02
100
AcDbEntity
100
AcDbPolyline
  8
IsoView
 90
3
 70
0
 43
0
 10
543.322073482
 20
210.772505283
 10
539.344570354
 20
208.501780961
 10
539.233174132
 20
208.304345732
  0
LWPOLYLINE
  5
E5F
330
A02
100
AcDbEntity
100
AcDbPolyline
  8
IsoView
 90
7
 70
0
 43
0
 10
534.857607388
 20
187.946654140
 10
539.692691362
 20
187.083282535
 10
544.400332399
 20
188.681761480
 10
548.471519207
 20
191.565911350
 10
551.911542499
 20
195.186214560
 10
554.745123030
 20
199.300275750
 10
555.302104137
 20
200.287451891
  0
LWPOLYLINE
  5
E60
330
A02
100
AcDbEntity
100
AcDbPolyline
  8
IsoView
 90
2
 70
0
 43
0
 10
542.768708038
 20
206.263104280
 10
542.154426088
 20
204.667597767
  0
LWPOLYLINE
  5
E61
330
A02
100
AcDbEntity
100
AcDbPolyline
  8
IsoView
 90
2
 70
0
 43
0
 10
544.025254782
 20
207.907968116
 10
542.768708038
 20
206.263104280
  0
LINE
  5
E62
330
A02
100
AcDbEntity
  8
IsoView
100
AcDbLine
 10
586.050111590
 20
205.605190863
 30
0.000000000
 11
575.843269893
 21
210.471592395
 31
0.000000000
  0
LINE
  5
E63
330
A02
100
AcDbEntity
  8
IsoView
100
AcDbLine
 10
602.116953644
 20
104.868737441
 30
0.000000000
 11
603.960779374
 21
73.342877319
 31
0.000000000
  0
LINE
  5
E64
330
A02
100
AcDbEntity
  8
IsoView
100
AcDbLine
 10
584.476885764
 20
93.353572901
 30
0.000000000
 11
602.116953644
 21
104.868737441
 31
0.000000000
  0
LINE
  5
E65
330
A02
100
AcDbEntity
  8
IsoView
100
AcDbLine
 10
603.960779374
 20
73.342877319
 30
0.000000000
 11
586.320711495
 21
61.827712778
 31
0.000000000
  0
LINE
  5
E66
330
A02
100
AcDbEntity
  8
IsoView
100
AcDbLine
 10
589.856245400
 20
59.786471326
 30
0.000000000
 11
586.320711495
 21
61.827712778
 31
0.000000000
  0
LINE
  5
E67
330
A02
100
AcDbEntity
  8
IsoView
100
AcDbLine
 10
589.856245400
 20
59.786471326
 30
0.000000000
 11
603.968299704
 21
68.998602958
 31
0.000000000
  0
LINE
  5
E68
330
A02
100
AcDbEntity
  8
IsoView
100
AcDbLine
 10
603.968299704
 20
68.998602958
 30
0.000000000
 11
604.223475718
 21
68.851277018
 31
0.000000000
  0
LWPOLYLINE
  5
E69
330
A02
100
AcDbEntity
100
AcDbPolyline
  8
IsoView
 90
4
 70
0
 43
0
 10
586.320711495
 20
61.827712778
 10
581.807393089
 20
59.722553829
 10
576.872141251
 20
59.639799164
 10
575.398798629
 20
60.270134764
  0
LWPOLYLINE
  5
E6A
330
A02
100
AcDbEntity
100
AcDbPolyline
  8
IsoView
 90
9
 70
0
 43
0
 10
575.398798629
 20
60.270134764
 10
572.233554901
 20
64.025754512
 10
571.264057755
 20
68.901930715
 10
571.726211407
 20
73.869756849
 10
573.141474311
 20
78.659056014
 10
575.287565548
 20
83.170039333
 10
578.066650648
 20
87.321169043
 10
581.451932223
 20
90.993000289
 10
584.476885764
 20
93.353572901
  0
LWPOLYLINE
  5
E6B
330
A02
100
AcDbEntity
100
AcDbPolyline
  8
IsoView
 90
2
 70
0
 43
0
 10
585.583181202
 20
74.438056827
 10
583.398798629
 20
74.126541224
  0
LWPOLYLINE
  5
E6C
330
A02
100
AcDbEntity
100
AcDbPolyline
  8
IsoView
 90
4
 70
0
 43
0
 10
583.398798629
 20
74.126541224
 10
583.376552013
 20
78.706522138
 10
587.319858342
 20
81.096856967
 10
587.398798629
 20
81.054744454
  0
LWPOLYLINE
  5
E6D
330
A02
100
AcDbEntity
100
AcDbPolyline
  8
IsoView
 90
3
 70
0
 43
0
 10
587.398798629
 20
81.054744454
 10
587.421045246
 20
76.474763541
 10
585.583181202
 20
74.438056827
  0
LWPOLYLINE
  5
E6E
330
A02
100
AcDbEntity
100
AcDbPolyline
  8
IsoView
 90
2
 70
0
 43
0
 10
605.725656378
 20
43.166887986
 10
603.683069877
 20
43.940203145
  0
LWPOLYLINE
  5
E6F
330
A02
100
AcDbEntity
100
AcDbPolyline
  8
IsoView
 90
3
 70
0
 43
0
 10
605.605877110
 20
45.214882212
 10
600.707924425
 20
45.692290088
 10
600.147535971
 20
45.981444597
  0
LWPOLYLINE
  5
E70
330
A02
100
AcDbEntity
100
AcDbPolyline
  8
IsoView
 90
4
 70
0
 43
0
 10
589.856245400
 20
59.786471326
 10
585.342926995
 20
57.681312377
 10
580.407675157
 20
57.598557712
 10
578.934332535
 20
58.228893311
  0
LWPOLYLINE
  5
E71
330
A02
100
AcDbEntity
100
AcDbPolyline
  8
IsoView
 90
2
 70
0
 43
0
 10
586.231151236
 20
74.949836938
 10
588.101979929
 20
78.190207288
  0
LINE
  5
E72
330
A02
100
AcDbEntity
  8
IsoView
100
AcDbLine
 10
663.560006713
 20
-469.714544750
 30
0.000000000
 11
635.275735466
 21
-486.044476368
 31
0.000000000
  0
LINE
  5
E73
330
A02
100
AcDbEntity
  8
IsoView
100
AcDbLine
 10
663.560006713
 20
-453.384613131
 30
0.000000000
 11
663.560006713
 21
-469.714544750
 31
0.000000000
  0
LINE
  5
E74
330
A02
100
AcDbEntity
  8
IsoView
100
AcDbLine
 10
667.095540619
 20
-455.425854584
 30
0.000000000
 11
667.095540619
 21
-467.673303297
 31
0.000000000
  0
LINE
  5
E75
330
A02
100
AcDbEntity
  8
IsoView
100
AcDbLine
 10
635.275735466
 20
-486.044476368
 30
0.000000000
 11
635.275735466
 21
-469.714544750
 31
0.000000000
  0
LWPOLYLINE
  5
E76
330
A02
100
AcDbEntity
100
AcDbPolyline
  8
IsoView
 90
9
 70
0
 43
0
 10
635.275735466
 20
-469.714544750
 10
635.854155268
 20
-464.758096315
 10
637.353542044
 20
-459.994205483
 10
639.569043582
 20
-455.516837653
 10
642.411909192
 20
-451.409198973
 10
645.861298234
 20
-447.797871453
 10
649.942429036
 20
-444.928030919
 10
654.658616613
 20
-443.356561919
 10
659.417871090
 20
-444.229070865
  0
LWPOLYLINE
  5
E77
330
A02
100
AcDbEntity
100
AcDbPolyline
  8
IsoView
 90
4
 70
0
 43
0
 10
659.417871090
 20
-444.229070865
 10
662.583114819
 20
-447.984690613
 10
663.552611964
 20
-452.860866816
 10
663.560006713
 20
-453.384613131
  0
LWPOLYLINE
  5
E78
330
A02
100
AcDbEntity
100
AcDbPolyline
  8
IsoView
 90
3
 70
0
 43
0
 10
646.589443965
 20
-455.017606293
 10
648.706556519
 20
-450.634271634
 10
651.417871090
 20
-449.920511516
  0
LWPOLYLINE
  5
E79
330
A02
100
AcDbEntity
100
AcDbPolyline
  8
IsoView
 90
4
 70
0
 43
0
 10
651.417871090
 20
-449.920511516
 10
651.440117706
 20
-454.500492430
 10
647.496811377
 20
-456.890827259
 10
647.417871090
 20
-456.848714746
  0
LWPOLYLINE
  5
E7A
330
A02
100
AcDbEntity
100
AcDbPolyline
  8
IsoView
 90
2
 70
0
 43
0
 10
647.417871090
 20
-456.848714746
 10
646.589443965
 20
-455.017606293
  0
LWPOLYLINE
  5
E7B
330
A02
100
AcDbEntity
100
AcDbPolyline
  8
IsoView
 90
2
 70
0
 43
0
 10
682.491997174
 20
-458.784154961
 10
679.801884344
 20
-455.997786404
  0
LWPOLYLINE
  5
E7C
330
A02
100
AcDbEntity
100
AcDbPolyline
  8
IsoView
 90
4
 70
0
 43
0
 10
679.801884344
 20
-455.997786404
 10
674.966800370
 20
-455.134414800
 10
670.259159333
 20
-456.732893745
 10
667.095540619
 20
-458.852673167
  0
LWPOLYLINE
  5
E7D
330
A02
100
AcDbEntity
100
AcDbPolyline
  8
IsoView
 90
2
 70
0
 43
0
 10
667.095540619
 20
-467.665014588
 10
667.097731308
 20
-467.672038503
  0
LWPOLYLINE
  5
E7E
330
A02
100
AcDbEntity
100
AcDbPolyline
  8
IsoView
 90
2
 70
0
 43
0
 10
672.506037380
 20
-464.549551536
 10
671.801884344
 20
-461.689227056
  0
LWPOLYLINE
  5
E7F
330
A02
100
AcDbEntity
100
AcDbPolyline
  8
IsoView
 90
3
 70
0
 43
0
 10
671.801884344
 20
-461.689227056
 10
667.824381216
 20
-463.959951378
 10
667.095540619
 20
-465.766659309
  0
LWPOLYLINE
  5
E80
330
A02
100
AcDbEntity
100
AcDbPolyline
  8
IsoView
 90
4
 70
0
 43
0
 10
667.095540619
 20
-455.425854584
 10
666.310266260
 20
-450.513383258
 10
663.396304111
 20
-446.549745989
 10
662.953404996
 20
-446.270312317
  0
LWPOLYLINE
  5
E81
330
A02
100
AcDbEntity
100
AcDbPolyline
  8
IsoView
 90
2
 70
0
 43
0
 10
652.121052389
 20
-452.785048683
 10
650.250223696
 20
-456.025419032
  0
LINE
  5
E82
330
A02
100
AcDbEntity
  8
IsoView
100
AcDbLine
 10
625.270541493
 20
209.989116044
 30
0.000000000
 11
653.554812741
 21
193.659184425
 31
0.000000000
  0
LINE
  5
E83
330
A02
100
AcDbEntity
  8
IsoView
100
AcDbLine
 10
625.270541493
 20
209.989116044
 30
0.000000000
 11
597.046432886
 21
191.564852778
 31
0.000000000
  0
LINE
  5
E84
330
A02
100
AcDbEntity
  8
IsoView
100
AcDbLine
 10
624.348628628
 20
225.752046105
 30
0.000000000
 11
625.270541493
 21
209.989116044
 31
0.000000000
  0
LINE
  5
E85
330
A02
100
AcDbEntity
  8
IsoView
100
AcDbLine
 10
653.324334525
 20
197.599916940
 30
0.000000000
 11
653.554812741
 21
193.659184425
 31
0.000000000
  0
LINE
  5
E86
330
A02
100
AcDbEntity
  8
IsoView
100
AcDbLine
 10
649.788800619
 20
199.641158393
 30
0.000000000
 11
653.324334525
 21
197.599916940
 31
0.000000000
  0
LINE
  5
E87
330
A02
100
AcDbEntity
  8
IsoView
100
AcDbLine
 10
649.097365970
 20
211.463355939
 30
0.000000000
 11
649.788800619
 21
199.641158393
 31
0.000000000
  0
LINE
  5
E88
330
A02
100
AcDbEntity
  8
IsoView
100
AcDbLine
 10
645.424076532
 20
202.161133019
 30
0.000000000
 11
644.732641883
 21
213.983330565
 31
0.000000000
  0
LINE
  5
E89
330
A02
100
AcDbEntity
  8
IsoView
100
AcDbLine
 10
628.575597183
 20
211.888607107
 30
0.000000000
 11
645.424076532
 21
202.161133019
 31
0.000000000
  0
LINE
  5
E8A
330
A02
100
AcDbEntity
  8
IsoView
100
AcDbLine
 10
627.884162534
 20
223.710804652
 30
0.000000000
 11
628.575597183
 21
211.888607107
 31
0.000000000
  0
LINE
  5
E8B
330
A02
100
AcDbEntity
  8
IsoView
100
AcDbLine
 10
597.046432886
 20
191.564852778
 30
0.000000000
 11
596.124520021
 21
207.327782839
 31
0.000000000
  0
LWPOLYLINE
  5
E8C
330
A02
100
AcDbEntity
100
AcDbPolyline
  8
IsoView
 90
10
 70
0
 43
0
 10
596.124520021
 20
207.327782839
 10
596.465339423
 20
212.304477781
 10
597.794132952
 20
217.118196282
 10
599.869767215
 20
221.661949124
 10
602.584779671
 20
225.855322161
 10
605.906202939
 20
229.585314384
 10
609.851637863
 20
232.641552537
 10
614.444425587
 20
234.559656896
 10
619.363095319
 20
234.283440235
 10
620.236574325
 20
233.860422548
  0
LWPOLYLINE
  5
E8D
330
A02
100
AcDbEntity
100
AcDbPolyline
  8
IsoView
 90
3
 70
0
 43
0
 10
620.236574325
 20
233.860422548
 10
623.401818054
 20
230.104802799
 10
624.348628628
 20
225.752046105
  0
LWPOLYLINE
  5
E8E
330
A02
100
AcDbEntity
100
AcDbPolyline
  8
IsoView
 90
3
 70
0
 43
0
 10
606.953207032
 20
222.578953176
 10
608.909543615
 20
227.030459485
 10
611.775617892
 20
227.885481118
  0
LWPOLYLINE
  5
E8F
330
A02
100
AcDbEntity
100
AcDbPolyline
  8
IsoView
 90
4
 70
0
 43
0
 10
611.775617892
 20
227.885481118
 10
611.797864509
 20
223.305500204
 10
607.854558180
 20
220.915165375
 10
607.775617892
 20
220.957277888
  0
LWPOLYLINE
  5
E90
330
A02
100
AcDbEntity
100
AcDbPolyline
  8
IsoView
 90
2
 70
0
 43
0
 10
607.775617892
 20
220.957277888
 10
606.953207032
 20
222.578953176
  0
LWPOLYLINE
  5
E91
330
A02
100
AcDbEntity
100
AcDbPolyline
  8
IsoView
 90
3
 70
0
 43
0
 10
649.097365970
 20
211.463355939
 10
647.933897651
 20
216.293079086
 10
644.985311666
 20
219.571732382
  0
LWPOLYLINE
  5
E92
330
A02
100
AcDbEntity
100
AcDbPolyline
  8
IsoView
 90
3
 70
0
 43
0
 10
644.732641883
 20
213.983330565
 10
643.569173564
 20
218.813053712
 10
640.620587579
 20
222.091707008
  0
LWPOLYLINE
  5
E93
330
A02
100
AcDbEntity
100
AcDbPolyline
  8
IsoView
 90
4
 70
0
 43
0
 10
640.620587579
 20
222.091707008
 10
635.785503606
 20
222.955078612
 10
631.077862568
 20
221.356599668
 10
628.135564416
 20
219.412317858
  0
LWPOLYLINE
  5
E94
330
A02
100
AcDbEntity
100
AcDbPolyline
  8
IsoView
 90
3
 70
0
 43
0
 10
631.296021372
 20
210.317969469
 10
632.936365944
 20
214.877363151
 10
632.159631147
 20
216.116765578
  0
LWPOLYLINE
  5
E95
330
A02
100
AcDbEntity
100
AcDbPolyline
  8
IsoView
 90
2
 70
0
 43
0
 10
632.159631147
 20
216.116765578
 10
628.437531809
 20
214.249258438
  0
LWPOLYLINE
  5
E96
330
A02
100
AcDbEntity
100
AcDbPolyline
  8
IsoView
 90
3
 70
0
 43
0
 10
627.884162534
 20
223.710804652
 10
626.720694215
 20
228.540527800
 10
623.772108231
 20
231.819181095
  0
LWPOLYLINE
  5
E97
330
A02
100
AcDbEntity
100
AcDbPolyline
  8
IsoView
 90
2
 70
0
 43
0
 10
612.478799192
 20
225.020943951
 10
610.607970499
 20
221.780573602
  0
LINE
  5
E98
330
A02
100
AcDbEntity
  8
IsoView
100
AcDbLine
 10
690.431327343
 20
-436.858018025
 30
0.000000000
 11
662.147056096
 21
-420.528086407
 31
0.000000000
  0
LINE
  5
E99
330
A02
100
AcDbEntity
  8
IsoView
100
AcDbLine
 10
662.147056096
 20
-420.528086407
 30
0.000000000
 11
633.922947488
 21
-438.952349672
 31
0.000000000
  0
LINE
  5
E9A
330
A02
100
AcDbEntity
  8
IsoView
100
AcDbLine
 10
691.353240208
 20
-452.620948086
 30
0.000000000
 11
690.431327343
 21
-436.858018025
 31
0.000000000
  0
LINE
  5
E9B
330
A02
100
AcDbEntity
  8
IsoView
100
AcDbLine
 10
662.377534312
 20
-424.468818922
 30
0.000000000
 11
662.147056096
 21
-420.528086407
 31
0.000000000
  0
LINE
  5
E9C
330
A02
100
AcDbEntity
  8
IsoView
100
AcDbLine
 10
665.913068218
 20
-426.510060374
 30
0.000000000
 11
662.377534312
 21
-424.468818922
 31
0.000000000
  0
LINE
  5
E9D
330
A02
100
AcDbEntity
  8
IsoView
100
AcDbLine
 10
666.604502867
 20
-438.332257920
 30
0.000000000
 11
665.913068218
 21
-426.510060374
 31
0.000000000
  0
LINE
  5
E9E
330
A02
100
AcDbEntity
  8
IsoView
100
AcDbLine
 10
670.277792305
 20
-429.030035001
 30
0.000000000
 11
670.969226954
 21
-440.852232547
 31
0.000000000
  0
LINE
  5
E9F
330
A02
100
AcDbEntity
  8
IsoView
100
AcDbLine
 10
687.126271654
 20
-438.757509088
 30
0.000000000
 11
670.277792305
 21
-429.030035001
 31
0.000000000
  0
LINE
  5
EA0
330
A02
100
AcDbEntity
  8
IsoView
100
AcDbLine
 10
687.817706302
 20
-450.579706634
 30
0.000000000
 11
687.126271654
 21
-438.757509088
 31
0.000000000
  0
LINE
  5
EA1
330
A02
100
AcDbEntity
  8
IsoView
100
AcDbLine
 10
638.380394259
 20
-456.756521186
 30
0.000000000
 11
637.688959611
 21
-444.934323640
 31
0.000000000
  0
LINE
  5
EA2
330
A02
100
AcDbEntity
  8
IsoView
100
AcDbLine
 10
637.688959611
 20
-444.934323640
 30
0.000000000
 11
634.153425705
 21
-442.893082187
 31
0.000000000
  0
LINE
  5
EA3
330
A02
100
AcDbEntity
  8
IsoView
100
AcDbLine
 10
633.922947488
 20
-438.952349672
 30
0.000000000
 11
634.153425705
 21
-442.893082187
 31
0.000000000
  0
LWPOLYLINE
  5
EA4
330
A02
100
AcDbEntity
100
AcDbPolyline
  8
IsoView
 90
2
 70
0
 43
0
 10
691.383313530
 20
-453.650751069
 10
691.353240208
 20
-452.620948086
  0
LINE
  5
EA5
330
A02
100
AcDbEntity
  8
IsoView
100
AcDbLine
 10
634.153425705
 20
-442.893082187
 30
0.000000000
 11
662.377534312
 21
-424.468818922
 31
0.000000000
  0
LINE
  5
EA6
330
A02
100
AcDbEntity
  8
IsoView
100
AcDbLine
 10
665.913068218
 20
-426.510060374
 30
0.000000000
 11
637.688959611
 21
-444.934323640
 31
0.000000000
  0
LWPOLYLINE
  5
EA7
330
A02
100
AcDbEntity
100
AcDbPolyline
  8
IsoView
 90
3
 70
0
 43
0
 10
666.604502867
 20
-438.332257920
 10
666.263683465
 20
-443.308952862
 10
664.966030549
 20
-448.037762222
  0
LWPOLYLINE
  5
EA8
330
A02
100
AcDbEntity
100
AcDbPolyline
  8
IsoView
 90
2
 70
0
 43
0
 10
638.448707972
 20
-457.575513493
 10
638.380394259
 20
-456.756521186
  0
LWPOLYLINE
  5
EA9
330
A02
100
AcDbEntity
100
AcDbPolyline
  8
IsoView
 90
2
 70
0
 43
0
 10
650.250223696
 20
-456.025419032
 10
652.121052389
 20
-452.785048683
  0
LWPOLYLINE
  5
EAA
330
A02
100
AcDbEntity
100
AcDbPolyline
  8
IsoView
 90
5
 70
0
 43
0
 10
670.969226954
 20
-440.852232547
 10
670.628407552
 20
-445.828927489
 10
669.299614023
 20
-450.642645989
 10
667.223979760
 20
-455.186398831
 10
667.095539098
 20
-455.418281018
  0
LINE
  5
EAB
330
A02
100
AcDbEntity
  8
IsoView
100
AcDbLine
 10
687.126271654
 20
-438.757509088
 30
0.000000000
 11
669.417331486
 21
-450.317632397
 31
0.000000000
  0
LWPOLYLINE
  5
EAC
330
A02
100
AcDbEntity
100
AcDbPolyline
  8
IsoView
 90
3
 70
0
 43
0
 10
687.817706302
 20
-450.579706634
 10
687.476886900
 20
-455.556401576
 10
687.402590609
 20
-455.949022519
  0
LINE
  5
EAD
330
A02
100
AcDbEntity
  8
IsoView
100
AcDbLine
 10
596.108046418
 20
207.666612192
 30
0.000000000
 11
584.574068751
 21
214.325757303
 31
0.000000000
  0
LINE
  5
EAE
330
A02
100
AcDbEntity
  8
IsoView
100
AcDbLine
 10
603.643676787
 20
249.456132674
 30
0.000000000
 11
584.574068751
 21
214.325757303
 31
0.000000000
  0
LINE
  5
EAF
330
A02
100
AcDbEntity
  8
IsoView
100
AcDbLine
 10
606.254800975
 20
248.211205093
 30
0.000000000
 11
603.643676787
 21
249.456132674
 31
0.000000000
  0
LINE
  5
EB0
330
A02
100
AcDbEntity
  8
IsoView
100
AcDbLine
 10
609.790334881
 20
246.169963641
 30
0.000000000
 11
606.254800975
 21
248.211205093
 31
0.000000000
  0
LINE
  5
EB1
330
A02
100
AcDbEntity
  8
IsoView
100
AcDbLine
 10
617.623707442
 20
242.435180898
 30
0.000000000
 11
609.790334881
 21
246.169963641
 31
0.000000000
  0
LINE
  5
EB2
330
A02
100
AcDbEntity
  8
IsoView
100
AcDbLine
 10
631.003538316
 20
233.922514927
 30
0.000000000
 11
624.730097940
 21
237.544487417
 31
0.000000000
  0
LINE
  5
EB3
330
A02
100
AcDbEntity
  8
IsoView
100
AcDbLine
 10
638.836910878
 20
230.187732184
 30
0.000000000
 11
631.003538316
 21
233.922514927
 31
0.000000000
  0
LINE
  5
EB4
330
A02
100
AcDbEntity
  8
IsoView
100
AcDbLine
 10
596.099664883
 20
207.934056945
 30
0.000000000
 11
595.085450931
 21
208.519613643
 31
0.000000000
  0
LINE
  5
EB5
330
A02
100
AcDbEntity
  8
IsoView
100
AcDbLine
 10
595.085450931
 20
208.519613643
 30
0.000000000
 11
596.097497546
 21
208.037091690
 31
0.000000000
  0
LINE
  5
EB6
330
A02
100
AcDbEntity
  8
IsoView
100
AcDbLine
 10
596.094716085
 20
208.477386342
 30
0.000000000
 11
590.720726844
 21
211.039588270
 31
0.000000000
  0
LINE
  5
EB7
330
A02
100
AcDbEntity
  8
IsoView
100
AcDbLine
 10
590.720726844
 20
211.039588270
 30
0.000000000
 11
587.185192938
 21
213.080829722
 31
0.000000000
  0
LINE
  5
EB8
330
A02
100
AcDbEntity
  8
IsoView
100
AcDbLine
 10
584.574068751
 20
214.325757303
 30
0.000000000
 11
587.185192938
 21
213.080829722
 31
0.000000000
  0
LWPOLYLINE
  5
EB9
330
A02
100
AcDbEntity
100
AcDbPolyline
  8
IsoView
 90
4
 70
0
 43
0
 10
646.959186745
 20
217.853518843
 10
646.466787809
 20
222.808435554
 10
643.981186866
 20
227.069641963
 10
642.837640765
 20
227.901811122
  0
LWPOLYLINE
  5
EBA
330
A02
100
AcDbEntity
100
AcDbPolyline
  8
IsoView
 90
2
 70
0
 43
0
 10
642.837640765
 20
227.901811122
 10
642.372444784
 20
228.146490732
  0
LINE
  5
EBB
330
A02
100
AcDbEntity
  8
IsoView
100
AcDbLine
 10
587.185192938
 20
213.080829722
 30
0.000000000
 11
606.254800975
 21
248.211205093
 31
0.000000000
  0
LINE
  5
EBC
330
A02
100
AcDbEntity
  8
IsoView
100
AcDbLine
 10
609.790334881
 20
246.169963641
 30
0.000000000
 11
590.720726844
 21
211.039588270
 31
0.000000000
  0
LWPOLYLINE
  5
EBD
330
A02
100
AcDbEntity
100
AcDbPolyline
  8
IsoView
 90
2
 70
0
 43
0
 10
617.623707442
 20
242.435180898
 10
618.088903424
 20
242.190501288
  0
LWPOLYLINE
  5
EBE
330
A02
100
AcDbEntity
100
AcDbPolyline
  8
IsoView
 90
4
 70
0
 43
0
 10
618.088903424
 20
242.190501288
 10
621.254147153
 20
238.434881539
 10
622.223644298
 20
233.558705337
 10
622.228274915
 20
232.710513676
  0
LWPOLYLINE
  5
EBF
330
A02
100
AcDbEntity
100
AcDbPolyline
  8
IsoView
 90
2
 70
0
 43
0
 10
610.607970499
 20
221.780573602
 10
612.478799192
 20
225.020943951
  0
LWPOLYLINE
  5
EC0
330
A02
100
AcDbEntity
100
AcDbPolyline
  8
IsoView
 90
2
 70
0
 43
0
 10
621.988431529
 20
239.915206271
 10
622.453627511
 20
239.670526661
  0
LWPOLYLINE
  5
EC1
330
A02
100
AcDbEntity
100
AcDbPolyline
  8
IsoView
 90
4
 70
0
 43
0
 10
622.453627511
 20
239.670526661
 10
625.618871240
 20
235.914906913
 10
626.588368385
 20
231.038730710
 10
626.530457834
 20
228.909756596
  0
LINE
  5
EC2
330
A02
100
AcDbEntity
  8
IsoView
100
AcDbLine
 10
631.003538316
 20
233.922514927
 30
0.000000000
 11
627.293978453
 21
227.088696936
 31
0.000000000
  0
LWPOLYLINE
  5
EC3
330
A02
100
AcDbEntity
100
AcDbPolyline
  8
IsoView
 90
2
 70
0
 43
0
 10
638.836910878
 20
230.187732184
 10
639.302106859
 20
229.943052574
  0
LWPOLYLINE
  5
EC4
330
A02
100
AcDbEntity
100
AcDbPolyline
  8
IsoView
 90
4
 70
0
 43
0
 10
639.302106859
 20
229.943052574
 10
642.467350588
 20
226.187432826
 10
643.436847734
 20
221.311256623
 10
643.441478351
 20
220.463064962
  0
LINE
  5
EC5
330
A02
100
AcDbEntity
  8
IsoView
100
AcDbLine
 10
-223.037239502
 20
737.186696658
 30
0.000000000
 11
-227.756354974
 21
650.399248216
 31
0.000000000
  0
LINE
  5
EC6
330
A02
100
AcDbEntity
  8
IsoView
100
AcDbLine
 10
-230.904593612
 20
592.501195065
 30
0.000000000
 11
-252.768519567
 21
190.410091800
 31
0.000000000
  0
LINE
  5
EC7
330
A02
100
AcDbEntity
  8
IsoView
100
AcDbLine
 10
-281.052790815
 20
206.740023418
 30
0.000000000
 11
-309.277824044
 21
192.556952892
 31
0.000000000
  0
LINE
  5
EC8
330
A02
100
AcDbEntity
  8
IsoView
100
AcDbLine
 10
-252.768519567
 20
190.410091800
 30
0.000000000
 11
-281.052790815
 21
206.740023418
 31
0.000000000
  0
LINE
  5
EC9
330
A02
100
AcDbEntity
  8
IsoView
100
AcDbLine
 10
-244.460446119
 20
879.695844783
 30
0.000000000
 11
-272.685479348
 21
865.512774256
 31
0.000000000
  0
LINE
  5
ECA
330
A02
100
AcDbEntity
  8
IsoView
100
AcDbLine
 10
-281.052790815
 20
206.740023418
 30
0.000000000
 11
-244.460446119
 21
879.695844783
 31
0.000000000
  0
LINE
  5
ECB
330
A02
100
AcDbEntity
  8
IsoView
100
AcDbLine
 10
-309.277824044
 20
192.556952892
 30
0.000000000
 11
-272.685479348
 21
865.512774256
 31
0.000000000
  0
LINE
  5
ECC
330
A02
100
AcDbEntity
  8
IsoView
100
AcDbLine
 10
-244.460446119
 20
879.695844783
 30
0.000000000
 11
-220.415484129
 21
865.813479504
 31
0.000000000
  0
LWPOLYLINE
  5
ECD
330
A02
100
AcDbEntity
100
AcDbPolyline
  8
IsoView
 90
3
 70
0
 43
0
 10
-231.416080837
 20
851.342204332
 10
-234.016006612
 20
855.436857603
 10
-233.029117303
 20
858.281111375
  0
LWPOLYLINE
  5
ECE
330
A02
100
AcDbEntity
100
AcDbPolyline
  8
IsoView
 90
4
 70
0
 43
0
 10
-233.029117303
 20
858.281111375
 10
-229.105525328
 20
855.934900815
 10
-229.196917213
 20
851.283247645
 10
-229.437120923
 20
851.132855503
  0
LWPOLYLINE
  5
ECF
330
A02
100
AcDbEntity
100
AcDbPolyline
  8
IsoView
 90
2
 70
0
 43
0
 10
-229.437120923
 20
851.132855503
 10
-231.416080837
 20
851.342204332
  0
LWPOLYLINE
  5
ED0
330
A02
100
AcDbEntity
100
AcDbPolyline
  8
IsoView
 90
3
 70
0
 43
0
 10
-248.797444567
 20
531.688189184
 10
-251.397370342
 20
535.782842455
 10
-250.410481033
 20
538.627096227
  0
LWPOLYLINE
  5
ED1
330
A02
100
AcDbEntity
100
AcDbPolyline
  8
IsoView
 90
4
 70
0
 43
0
 10
-250.410481033
 20
538.627096227
 10
-246.486889058
 20
536.280885667
 10
-246.578280943
 20
531.629232496
 10
-246.818484654
 20
531.478840355
  0
LWPOLYLINE
  5
ED2
330
A02
100
AcDbEntity
100
AcDbPolyline
  8
IsoView
 90
2
 70
0
 43
0
 10
-246.818484654
 20
531.478840355
 10
-248.797444567
 20
531.688189184
  0
LWPOLYLINE
  5
ED3
330
A02
100
AcDbEntity
100
AcDbPolyline
  8
IsoView
 90
3
 70
0
 43
0
 10
-266.178808297
 20
212.034174036
 10
-268.778734073
 20
216.128827307
 10
-267.791844763
 20
218.973081079
  0
LWPOLYLINE
  5
ED4
330
A02
100
AcDbEntity
100
AcDbPolyline
  8
IsoView
 90
4
 70
0
 43
0
 10
-267.791844763
 20
218.973081079
 10
-263.868252788
 20
216.626870519
 10
-263.959644673
 20
211.975217348
 10
-264.199848384
 20
211.824825207
  0
LWPOLYLINE
  5
ED5
330
A02
100
AcDbEntity
100
AcDbPolyline
  8
IsoView
 90
2
 70
0
 43
0
 10
-264.199848384
 20
211.824825207
 10
-266.178808297
 20
212.034174036
  0
LWPOLYLINE
  5
ED6
330
A02
100
AcDbEntity
100
AcDbPolyline
  8
IsoView
 90
3
 70
0
 43
0
 10
-261.604765210
 20
296.153651707
 10
-264.204690986
 20
300.248304978
 10
-263.217801676
 20
303.092558749
  0
LWPOLYLINE
  5
ED7
330
A02
100
AcDbEntity
100
AcDbPolyline
  8
IsoView
 90
4
 70
0
 43
0
 10
-263.217801676
 20
303.092558749
 10
-259.294209701
 20
300.746348190
 10
-259.385601586
 20
296.094695019
 10
-259.625805297
 20
295.944302878
  0
LWPOLYLINE
  5
ED8
330
A02
100
AcDbEntity
100
AcDbPolyline
  8
IsoView
 90
2
 70
0
 43
0
 10
-259.625805297
 20
295.944302878
 10
-261.604765210
 20
296.153651707
  0
LWPOLYLINE
  5
ED9
330
A02
100
AcDbEntity
100
AcDbPolyline
  8
IsoView
 90
3
 70
0
 43
0
 10
-253.371487654
 20
447.568711514
 10
-255.971413429
 20
451.663364785
 10
-254.984524120
 20
454.507618556
  0
LWPOLYLINE
  5
EDA
330
A02
100
AcDbEntity
100
AcDbPolyline
  8
IsoView
 90
4
 70
0
 43
0
 10
-254.984524120
 20
454.507618556
 10
-251.060932145
 20
452.161407997
 10
-251.152324030
 20
447.509754826
 10
-251.392527740
 20
447.359362685
  0
LWPOLYLINE
  5
EDB
330
A02
100
AcDbEntity
100
AcDbPolyline
  8
IsoView
 90
2
 70
0
 43
0
 10
-251.392527740
 20
447.359362685
 10
-253.371487654
 20
447.568711514
  0
LWPOLYLINE
  5
EDC
330
A02
100
AcDbEntity
100
AcDbPolyline
  8
IsoView
 90
3
 70
0
 43
0
 10
-261.147360901
 20
304.565599474
 10
-263.747286677
 20
308.660252745
 10
-262.760397368
 20
311.504506516
  0
LWPOLYLINE
  5
EDD
330
A02
100
AcDbEntity
100
AcDbPolyline
  8
IsoView
 90
4
 70
0
 43
0
 10
-262.760397368
 20
311.504506516
 10
-258.836805393
 20
309.158295957
 10
-258.928197277
 20
304.506642786
 10
-259.168400988
 20
304.356250645
  0
LWPOLYLINE
  5
EDE
330
A02
100
AcDbEntity
100
AcDbPolyline
  8
IsoView
 90
2
 70
0
 43
0
 10
-259.168400988
 20
304.356250645
 10
-261.147360901
 20
304.565599474
  0
LINE
  5
EDF
330
A02
100
AcDbEntity
  8
IsoView
100
AcDbLine
 10
-210.939853955
 20
904.698556119
 30
0.000000000
 11
-232.001145864
 21
916.858298672
 31
0.000000000
  0
LINE
  5
EE0
330
A02
100
AcDbEntity
  8
IsoView
100
AcDbLine
 10
-161.958092529
 20
968.701463857
 30
0.000000000
 11
-47.121441786
 21
1156.177480066
 31
0.000000000
  0
LINE
  5
EE1
330
A02
100
AcDbEntity
  8
IsoView
100
AcDbLine
 10
-232.001145864
 20
916.858298672
 30
0.000000000
 11
-166.931052268
 21
1023.088163815
 31
0.000000000
  0
LINE
  5
EE2
330
A02
100
AcDbEntity
  8
IsoView
100
AcDbLine
 10
-47.121441786
 20
1156.177480066
 30
0.000000000
 11
-62.216520170
 21
1164.892627634
 31
0.000000000
  0
LWPOLYLINE
  5
EE3
330
A02
100
AcDbEntity
100
AcDbPolyline
  8
IsoView
 90
4
 70
0
 43
0
 10
-205.331375614
 20
929.145261904
 10
-209.798610857
 20
927.988554280
 10
-210.507112007
 20
923.337687180
 10
-209.682605972
 20
922.438499622
  0
LWPOLYLINE
  5
EE4
330
A02
100
AcDbEntity
100
AcDbPolyline
  8
IsoView
 90
2
 70
0
 43
0
 10
-209.682605972
 20
922.438499622
 10
-206.658985154
 20
922.265927181
  0
LWPOLYLINE
  5
EE5
330
A02
100
AcDbEntity
100
AcDbPolyline
  8
IsoView
 90
2
 70
0
 43
0
 10
-205.031659484
 20
928.943972037
 10
-205.156023465
 20
929.034714506
  0
LWPOLYLINE
  5
EE6
330
A02
100
AcDbEntity
100
AcDbPolyline
  8
IsoView
 90
2
 70
0
 43
0
 10
-205.156023465
 20
929.034714506
 10
-205.331375614
 20
929.145261904
  0
LWPOLYLINE
  5
EE7
330
A02
100
AcDbEntity
100
AcDbPolyline
  8
IsoView
 90
4
 70
0
 43
0
 10
-163.572593526
 20
997.318358707
 10
-168.039828769
 20
996.161651084
 10
-168.748329919
 20
991.510783983
 10
-167.923823884
 20
990.611596425
  0
LWPOLYLINE
  5
EE8
330
A02
100
AcDbEntity
100
AcDbPolyline
  8
IsoView
 90
4
 70
0
 43
0
 10
-167.923823884
 20
990.611596425
 10
-163.419090790
 20
991.502900460
 10
-162.475691164
 20
996.125441171
 10
-163.397241377
 20
997.207811310
  0
LWPOLYLINE
  5
EE9
330
A02
100
AcDbEntity
100
AcDbPolyline
  8
IsoView
 90
2
 70
0
 43
0
 10
-163.397241377
 20
997.207811310
 10
-163.572593526
 20
997.318358707
  0
LWPOLYLINE
  5
EEA
330
A02
100
AcDbEntity
100
AcDbPolyline
  8
IsoView
 90
4
 70
0
 43
0
 10
-137.473354721
 20
1039.926544209
 10
-141.940589964
 20
1038.769836586
 10
-142.649091114
 20
1034.118969485
 10
-141.824585079
 20
1033.219781927
  0
LWPOLYLINE
  5
EEB
330
A02
100
AcDbEntity
100
AcDbPolyline
  8
IsoView
 90
4
 70
0
 43
0
 10
-141.824585079
 20
1033.219781927
 10
-137.319851985
 20
1034.111085962
 10
-136.376452359
 20
1038.733626673
 10
-137.298002572
 20
1039.815996812
  0
LWPOLYLINE
  5
EEC
330
A02
100
AcDbEntity
100
AcDbPolyline
  8
IsoView
 90
2
 70
0
 43
0
 10
-137.298002572
 20
1039.815996812
 10
-137.473354721
 20
1039.926544209
  0
LWPOLYLINE
  5
EED
330
A02
100
AcDbEntity
100
AcDbPolyline
  8
IsoView
 90
3
 70
0
 43
0
 10
-70.496890403
 20
1144.056201467
 10
-68.193850754
 20
1148.228635493
 10
-68.341684009
 20
1149.065398223
  0
LINE
  5
EEE
330
A02
100
AcDbEntity
  8
IsoView
100
AcDbLine
 10
-251.081267185
 20
929.951829571
 30
0.000000000
 11
-232.001145864
 21
916.858298672
 31
0.000000000
  0
LINE
  5
EEF
330
A02
100
AcDbEntity
  8
IsoView
100
AcDbLine
 10
-47.121441786
 20
1156.177480066
 30
0.000000000
 11
-61.750764560
 21
1166.216697666
 31
0.000000000
  0
LINE
  5
EF0
330
A02
100
AcDbEntity
  8
IsoView
100
AcDbLine
 10
-206.690344354
 20
1002.422014956
 30
0.000000000
 11
-251.081267185
 21
929.951829571
 31
0.000000000
  0
LWPOLYLINE
  5
EF1
330
A02
100
AcDbEntity
100
AcDbPolyline
  8
IsoView
 90
2
 70
0
 43
0
 10
-229.013571898
 20
943.856993163
 10
-229.101511003
 20
943.912439938
  0
LWPOLYLINE
  5
EF2
330
A02
100
AcDbEntity
100
AcDbPolyline
  8
IsoView
 90
4
 70
0
 43
0
 10
-229.101511003
 20
943.912439938
 10
-233.079014131
 20
941.641715616
 10
-233.177451652
 20
937.031544745
 10
-233.101511003
 20
936.984236707
  0
LWPOLYLINE
  5
EF3
330
A02
100
AcDbEntity
100
AcDbPolyline
  8
IsoView
 90
3
 70
0
 43
0
 10
-233.101511003
 20
936.984236707
 10
-229.124007874
 20
939.254961029
 10
-229.013571898
 20
943.856993163
  0
LWPOLYLINE
  5
EF4
330
A02
100
AcDbEntity
100
AcDbPolyline
  8
IsoView
 90
2
 70
0
 43
0
 10
-191.888046762
 20
1008.576140974
 10
-191.342728915
 20
1005.157333511
  0
LWPOLYLINE
  5
EF5
330
A02
100
AcDbEntity
100
AcDbPolyline
  8
IsoView
 90
3
 70
0
 43
0
 10
-191.342728915
 20
1005.157333511
 10
-187.365225786
 20
1007.428057833
 10
-186.654315665
 20
1011.188437171
  0
LWPOLYLINE
  5
EF6
330
A02
100
AcDbEntity
100
AcDbPolyline
  8
IsoView
 90
2
 70
0
 43
0
 10
-208.134180854
 20
977.943541564
 10
-208.222119959
 20
977.998988339
  0
LWPOLYLINE
  5
EF7
330
A02
100
AcDbEntity
100
AcDbPolyline
  8
IsoView
 90
4
 70
0
 43
0
 10
-208.222119959
 20
977.998988339
 10
-212.199623087
 20
975.728264017
 10
-212.298060608
 20
971.118093147
 10
-212.222119959
 20
971.070785109
  0
LWPOLYLINE
  5
EF8
330
A02
100
AcDbEntity
100
AcDbPolyline
  8
IsoView
 90
3
 70
0
 43
0
 10
-212.222119959
 20
971.070785109
 10
-208.244616830
 20
973.341509431
 10
-208.134180854
 20
977.943541564
  0
LWPOLYLINE
  5
EF9
330
A02
100
AcDbEntity
100
AcDbPolyline
  8
IsoView
 90
8
 70
0
 43
0
 10
-225.088386835
 20
751.678227553
 10
-220.253302861
 20
750.814855949
 10
-215.545661824
 20
752.413334893
 10
-211.474475016
 20
755.297484763
 10
-208.034451724
 20
758.917787973
 10
-205.200871193
 20
763.031849163
 10
-202.995429960
 20
767.514172314
 10
-201.648445799
 20
771.676559187
  0
LWPOLYLINE
  5
EFA
330
A02
100
AcDbEntity
100
AcDbPolyline
  8
IsoView
 90
8
 70
0
 43
0
 10
-238.992295276
 20
759.712055264
 10
-234.126039536
 20
759.016963828
 10
-229.449481449
 20
760.709311171
 10
-225.413639784
 20
763.643452829
 10
-222.006913300
 20
767.295285947
 10
-219.206433443
 20
771.431989312
 10
-217.036979154
 20
775.931807032
 10
-215.790581423
 20
779.841524996
  0
LINE
  5
EFB
330
A02
100
AcDbEntity
  8
IsoView
100
AcDbLine
 10
-201.648445799
 20
771.676559187
 30
0.000000000
 11
-157.639372908
 21
952.276280760
 31
0.000000000
  0
LINE
  5
EFC
330
A02
100
AcDbEntity
  8
IsoView
100
AcDbLine
 10
-215.790581423
 20
779.841524996
 30
0.000000000
 11
-171.781508531
 21
960.441246569
 31
0.000000000
  0
LWPOLYLINE
  5
EFD
330
A02
100
AcDbEntity
100
AcDbPolyline
  8
IsoView
 90
5
 70
0
 43
0
 10
-157.639372908
 20
952.276280760
 10
-156.944924130
 20
957.218550347
 10
-157.548419264
 20
962.159542321
 10
-160.200221500
 20
966.313125934
 10
-161.079313943
 20
966.918965277
  0
LWPOLYLINE
  5
EFE
330
A02
100
AcDbEntity
100
AcDbPolyline
  8
IsoView
 90
5
 70
0
 43
0
 10
-171.781508531
 20
960.441246569
 10
-171.087059754
 20
965.383516157
 10
-171.690554888
 20
970.324508130
 10
-174.342357124
 20
974.478091744
 10
-175.221449567
 20
975.083931087
  0
LINE
  5
EFF
330
A02
100
AcDbEntity
  8
IsoView
100
AcDbLine
 10
-238.197971499
 20
792.839611689
 30
0.000000000
 11
-201.311019928
 21
944.212334304
 31
0.000000000
  0
LWPOLYLINE
  5
F00
330
A02
100
AcDbEntity
100
AcDbPolyline
  8
IsoView
 90
2
 70
0
 43
0
 10
-230.062875065
 20
779.804507338
 10
-231.933703758
 20
776.564136989
  0
LWPOLYLINE
  5
F01
330
A02
100
AcDbEntity
100
AcDbPolyline
  8
IsoView
 90
2
 70
0
 43
0
 10
-186.053802173
 20
960.404228912
 10
-187.924630866
 20
957.163858562
  0
LINE
  5
F02
330
A02
100
AcDbEntity
  8
IsoView
100
AcDbLine
 10
-190.242363776
 20
985.031395476
 30
0.000000000
 11
-161.958092529
 21
968.701463857
 31
0.000000000
  0
LINE
  5
F03
330
A02
100
AcDbEntity
  8
IsoView
100
AcDbLine
 10
-211.121754820
 20
950.944847074
 30
0.000000000
 11
-190.242363776
 21
985.031395476
 31
0.000000000
  0
LINE
  5
F04
330
A02
100
AcDbEntity
  8
IsoView
100
AcDbLine
 10
-199.196678995
 20
942.761390262
 30
0.000000000
 11
-211.121754820
 21
950.944847074
 31
0.000000000
  0
LINE
  5
F05
330
A02
100
AcDbEntity
  8
IsoView
100
AcDbLine
 10
-195.661145089
 20
940.720148810
 30
0.000000000
 11
-198.297044133
 21
942.241985833
 31
0.000000000
  0
LINE
  5
F06
330
A02
100
AcDbEntity
  8
IsoView
100
AcDbLine
 10
-190.242363776
 20
985.031395476
 30
0.000000000
 11
-178.317287950
 21
976.847938664
 31
0.000000000
  0
LINE
  5
F07
330
A02
100
AcDbEntity
  8
IsoView
100
AcDbLine
 10
-174.781754045
 20
974.806697212
 30
0.000000000
 11
-178.317287950
 21
976.847938664
 31
0.000000000
  0
LINE
  5
F08
330
A02
100
AcDbEntity
  8
IsoView
100
AcDbLine
 10
-174.781754045
 20
974.806697212
 30
0.000000000
 11
-184.321814705
 21
981.353462661
 31
0.000000000
  0
LINE
  5
F09
330
A02
100
AcDbEntity
  8
IsoView
100
AcDbLine
 10
-184.321814705
 20
981.353462661
 30
0.000000000
 11
-163.108611270
 21
969.106013947
 31
0.000000000
  0
LINE
  5
F0A
330
A02
100
AcDbEntity
  8
IsoView
100
AcDbLine
 10
-163.108611270
 20
969.106013947
 30
0.000000000
 11
-153.568550609
 21
962.559248498
 31
0.000000000
  0
LINE
  5
F0B
330
A02
100
AcDbEntity
  8
IsoView
100
AcDbLine
 10
-150.033016703
 20
960.518007045
 30
0.000000000
 11
-153.568550609
 21
962.559248498
 31
0.000000000
  0
LINE
  5
F0C
330
A02
100
AcDbEntity
  8
IsoView
100
AcDbLine
 10
-161.958092529
 20
968.701463857
 30
0.000000000
 11
-150.033016703
 21
960.518007045
 31
0.000000000
  0
LWPOLYLINE
  5
F0D
330
A02
100
AcDbEntity
100
AcDbPolyline
  8
IsoView
 90
11
 70
0
 43
0
 10
-178.317287950
 20
976.847938664
 10
-175.401454507
 20
972.885752227
 10
-174.614848249
 20
967.973516416
 10
-175.192423062
 20
963.016975093
 10
-176.691193846
 20
958.252892231
 10
-178.906183996
 20
953.775271826
 10
-181.748577290
 20
949.667305686
 10
-185.197489643
 20
946.055520182
 10
-189.278114317
 20
943.184948677
 10
-193.993869109
 20
941.612098432
 10
-198.756983472
 20
942.484156387
  0
LWPOLYLINE
  5
F0E
330
A02
100
AcDbEntity
100
AcDbPolyline
  8
IsoView
 90
2
 70
0
 43
0
 10
-198.756983472
 20
942.484156387
 10
-199.196678995
 20
942.761390262
  0
LWPOLYLINE
  5
F0F
330
A02
100
AcDbEntity
100
AcDbPolyline
  8
IsoView
 90
3
 70
0
 43
0
 10
-186.669044368
 20
963.213319303
 10
-186.786823577
 20
958.598785936
 10
-190.756983472
 20
956.340562848
  0
LWPOLYLINE
  5
F10
330
A02
100
AcDbEntity
100
AcDbPolyline
  8
IsoView
 90
4
 70
0
 43
0
 10
-190.756983472
 20
956.340562848
 10
-190.779230089
 20
960.920543762
 10
-186.835923760
 20
963.310878591
 10
-186.756983472
 20
963.268766078
  0
LWPOLYLINE
  5
F11
330
A02
100
AcDbEntity
100
AcDbPolyline
  8
IsoView
 90
2
 70
0
 43
0
 10
-186.756983472
 20
963.268766078
 10
-186.669044368
 20
963.213319303
  0
LWPOLYLINE
  5
F12
330
A02
100
AcDbEntity
100
AcDbPolyline
  8
IsoView
 90
10
 70
0
 43
0
 10
-150.033016703
 20
960.518007045
 10
-147.117183259
 20
956.555820609
 10
-146.330577002
 20
951.643584798
 10
-146.908151815
 20
946.687043474
 10
-148.406922599
 20
941.922960612
 10
-150.621912748
 20
937.445340207
 10
-153.464306043
 20
933.337374067
 10
-156.913218396
 20
929.725588564
 10
-160.993843070
 20
926.855017058
 10
-164.143545959
 20
925.585151749
  0
LWPOLYLINE
  5
F13
330
A02
100
AcDbEntity
100
AcDbPolyline
  8
IsoView
 90
9
 70
0
 43
0
 10
-153.568550609
 20
962.559248498
 10
-150.652717165
 20
958.597062061
 10
-149.866110908
 20
953.684826250
 10
-150.443685721
 20
948.728284926
 10
-151.942456505
 20
943.964202064
 10
-154.157446654
 20
939.486581660
 10
-156.999839948
 20
935.378615520
 10
-160.448752302
 20
931.766830016
 10
-163.135735773
 20
929.720895294
  0
LINE
  5
F14
330
A02
100
AcDbEntity
  8
IsoView
100
AcDbLine
 10
-163.568105102
 20
968.355869523
 30
0.000000000
 11
-163.108611270
 21
969.106013947
 31
0.000000000
  0
LWPOLYLINE
  5
F15
330
A02
100
AcDbEntity
100
AcDbPolyline
  8
IsoView
 90
11
 70
0
 43
0
 10
-174.781754045
 20
974.806697212
 10
-171.865920601
 20
970.844510775
 10
-171.079314343
 20
965.932274964
 10
-171.656889156
 20
960.975733640
 10
-173.155659940
 20
956.211650778
 10
-175.370650090
 20
951.734030374
 10
-178.213043384
 20
947.626064234
 10
-181.661955738
 20
944.014278730
 10
-185.742580411
 20
941.143707224
 10
-190.458335203
 20
939.570856980
 10
-195.221449567
 20
940.442914935
  0
LWPOLYLINE
  5
F16
330
A02
100
AcDbEntity
100
AcDbPolyline
  8
IsoView
 90
2
 70
0
 43
0
 10
-195.221449567
 20
940.442914935
 10
-195.661145089
 20
940.720148810
  0
LWPOLYLINE
  5
F17
330
A02
100
AcDbEntity
100
AcDbPolyline
  8
IsoView
 90
2
 70
0
 43
0
 10
-187.924630866
 20
957.163858562
 10
-186.053802173
 20
960.404228912
  0
LINE
  5
F18
330
A02
100
AcDbEntity
  8
IsoView
100
AcDbLine
 10
-223.037239502
 20
737.186696658
 30
0.000000000
 11
-251.321510750
 21
753.516628277
 31
0.000000000
  0
LINE
  5
F19
330
A02
100
AcDbEntity
  8
IsoView
100
AcDbLine
 10
-249.491893515
 20
787.164419345
 30
0.000000000
 11
-251.321510750
 21
753.516628277
 31
0.000000000
  0
LINE
  5
F1A
330
A02
100
AcDbEntity
  8
IsoView
100
AcDbLine
 10
-231.851247747
 20
796.028838424
 30
0.000000000
 11
-249.491893515
 21
787.164419345
 31
0.000000000
  0
LINE
  5
F1B
330
A02
100
AcDbEntity
  8
IsoView
100
AcDbLine
 10
-223.037239502
 20
737.186696658
 30
0.000000000
 11
-205.396593734
 21
746.051115737
 31
0.000000000
  0
LINE
  5
F1C
330
A02
100
AcDbEntity
  8
IsoView
100
AcDbLine
 10
-208.932127640
 20
748.092357190
 30
0.000000000
 11
-205.396593734
 21
746.051115737
 31
0.000000000
  0
LINE
  5
F1D
330
A02
100
AcDbEntity
  8
IsoView
100
AcDbLine
 10
-208.932127640
 20
748.092357190
 30
0.000000000
 11
-223.044644255
 21
741.000821926
 31
0.000000000
  0
LINE
  5
F1E
330
A02
100
AcDbEntity
  8
IsoView
100
AcDbLine
 10
-223.044644255
 20
741.000821926
 30
0.000000000
 11
-244.257847690
 21
753.248270640
 31
0.000000000
  0
LINE
  5
F1F
330
A02
100
AcDbEntity
  8
IsoView
100
AcDbLine
 10
-244.257847690
 20
753.248270640
 30
0.000000000
 11
-230.145331076
 21
760.339805904
 31
0.000000000
  0
LINE
  5
F20
330
A02
100
AcDbEntity
  8
IsoView
100
AcDbLine
 10
-233.680864982
 20
762.381047356
 30
0.000000000
 11
-230.145331076
 21
760.339805904
 31
0.000000000
  0
LINE
  5
F21
330
A02
100
AcDbEntity
  8
IsoView
100
AcDbLine
 10
-251.321510750
 20
753.516628277
 30
0.000000000
 11
-233.680864982
 21
762.381047356
 31
0.000000000
  0
LWPOLYLINE
  5
F22
330
A02
100
AcDbEntity
100
AcDbPolyline
  8
IsoView
 90
10
 70
0
 43
0
 10
-205.396593734
 20
746.051115737
 10
-201.258098419
 20
748.836193228
 10
-197.754672052
 20
752.394792169
 10
-194.858447584
 20
756.464908073
 10
-192.585420796
 20
760.913392422
 10
-191.017097776
 20
765.655230225
 10
-190.344705991
 20
770.600413253
 10
-190.982579682
 20
775.536559936
 10
-193.684944107
 20
779.655495587
 10
-194.481785117
 20
780.195519347
  0
LWPOLYLINE
  5
F23
330
A02
100
AcDbEntity
100
AcDbPolyline
  8
IsoView
 90
10
 70
0
 43
0
 10
-233.680864982
 20
762.381047356
 10
-229.542369666
 20
765.166124846
 10
-226.038943299
 20
768.724723787
 10
-223.142718831
 20
772.794839692
 10
-220.869692044
 20
777.243324041
 10
-219.301369024
 20
781.985161843
 10
-218.628977238
 20
786.930344872
 10
-219.266850930
 20
791.866491554
 10
-221.969215355
 20
795.985427206
 10
-222.766056364
 20
796.525450966
  0
LWPOLYLINE
  5
F24
330
A02
100
AcDbEntity
100
AcDbPolyline
  8
IsoView
 90
3
 70
0
 43
0
 10
-222.766056364
 20
796.525450966
 10
-227.601140338
 20
797.388822570
 10
-231.851247747
 20
796.028838424
  0
LWPOLYLINE
  5
F25
330
A02
100
AcDbEntity
100
AcDbPolyline
  8
IsoView
 90
3
 70
0
 43
0
 10
-232.949018088
 20
775.840163783
 10
-230.073118896
 20
779.760986681
 10
-230.766056364
 20
782.669044505
  0
LWPOLYLINE
  5
F26
330
A02
100
AcDbEntity
100
AcDbPolyline
  8
IsoView
 90
4
 70
0
 43
0
 10
-230.766056364
 20
782.669044505
 10
-234.743559493
 20
780.398320183
 10
-234.841997014
 20
775.788149313
 10
-234.766056364
 20
775.740841275
  0
LWPOLYLINE
  5
F27
330
A02
100
AcDbEntity
100
AcDbPolyline
  8
IsoView
 90
2
 70
0
 43
0
 10
-234.766056364
 20
775.740841275
 10
-232.949018088
 20
775.840163783
  0
LWPOLYLINE
  5
F28
330
A02
100
AcDbEntity
100
AcDbPolyline
  8
IsoView
 90
10
 70
0
 43
0
 10
-230.145331076
 20
760.339805904
 10
-226.006835760
 20
763.124883394
 10
-222.503409393
 20
766.683482335
 10
-219.607184925
 20
770.753598240
 10
-217.334158138
 20
775.202082589
 10
-215.765835118
 20
779.943920391
 10
-215.093443332
 20
784.889103420
 10
-215.731317024
 20
789.825250102
 10
-218.433681449
 20
793.944185754
 10
-219.230522458
 20
794.484209513
  0
LWPOLYLINE
  5
F29
330
A02
100
AcDbEntity
100
AcDbPolyline
  8
IsoView
 90
2
 70
0
 43
0
 10
-230.062875065
 20
779.804507338
 10
-231.933703758
 20
776.564136989
  0
LINE
  5
F2A
330
A02
100
AcDbEntity
  8
IsoView
100
AcDbLine
 10
-222.511078414
 20
750.813427314
 30
0.000000000
 11
-223.044644255
 21
741.000821926
 31
0.000000000
  0
LWPOLYLINE
  5
F2B
330
A02
100
AcDbEntity
100
AcDbPolyline
  8
IsoView
 90
10
 70
0
 43
0
 10
-208.932127640
 20
748.092357190
 10
-204.793632325
 20
750.877434680
 10
-201.290205958
 20
754.436033621
 10
-198.393981490
 20
758.506149526
 10
-196.120954702
 20
762.954633875
 10
-194.552631682
 20
767.696471677
 10
-193.880239897
 20
772.641654706
 10
-194.518113588
 20
777.577801388
 10
-197.220478013
 20
781.696737040
 10
-198.017319023
 20
782.236760799
  0
LWPOLYLINE
  5
F2C
330
A02
100
AcDbEntity
100
AcDbPolyline
  8
IsoView
 90
2
 70
0
 43
0
 10
-198.017319023
 20
782.236760799
 10
-198.964950139
 20
782.688801374
  0
LINE
  5
F2D
330
A02
100
AcDbEntity
  8
IsoView
100
AcDbLine
 10
-310.679655979
 20
141.752781617
 30
0.000000000
 11
-282.395384731
 21
158.082713235
 31
0.000000000
  0
LINE
  5
F2E
330
A02
100
AcDbEntity
  8
IsoView
100
AcDbLine
 10
-310.679655979
 20
145.835264521
 30
0.000000000
 11
-310.679655979
 21
141.752781617
 31
0.000000000
  0
LINE
  5
F2F
330
A02
100
AcDbEntity
  8
IsoView
100
AcDbLine
 10
-307.144122073
 20
156.041471783
 30
0.000000000
 11
-307.144122073
 21
147.876505974
 31
0.000000000
  0
LINE
  5
F30
330
A02
100
AcDbEntity
  8
IsoView
100
AcDbLine
 10
-274.495126738
 20
162.643929314
 30
0.000000000
 11
-274.495126738
 21
169.851428775
 31
0.000000000
  0
LINE
  5
F31
330
A02
100
AcDbEntity
  8
IsoView
100
AcDbLine
 10
-278.859850826
 20
172.371403401
 30
0.000000000
 11
-278.859850826
 21
160.123954687
 31
0.000000000
  0
LINE
  5
F32
330
A02
100
AcDbEntity
  8
IsoView
100
AcDbLine
 10
-278.859850826
 20
160.123954687
 30
0.000000000
 11
-282.395384731
 21
162.165196140
 31
0.000000000
  0
LINE
  5
F33
330
A02
100
AcDbEntity
  8
IsoView
100
AcDbLine
 10
-282.395384731
 20
158.082713235
 30
0.000000000
 11
-282.395384731
 21
162.165196140
 31
0.000000000
  0
LINE
  5
F34
330
A02
100
AcDbEntity
  8
IsoView
100
AcDbLine
 10
-282.395384731
 20
162.165196140
 30
0.000000000
 11
-310.679655979
 21
145.835264521
 31
0.000000000
  0
LWPOLYLINE
  5
F35
330
A02
100
AcDbEntity
100
AcDbPolyline
  8
IsoView
 90
3
 70
0
 43
0
 10
-307.144122073
 20
156.041471783
 10
-306.565702271
 20
160.997920218
 10
-305.336080287
 20
165.074515299
  0
LWPOLYLINE
  5
F36
330
A02
100
AcDbEntity
100
AcDbPolyline
  8
IsoView
 90
3
 70
0
 43
0
 10
-280.530113702
 20
179.105768360
 10
-278.976386014
 20
174.396180553
 10
-278.859850826
 20
172.371403401
  0
LWPOLYLINE
  5
F37
330
A02
100
AcDbEntity
100
AcDbPolyline
  8
IsoView
 90
2
 70
0
 43
0
 10
-295.705167749
 20
171.771838953
 10
-293.834339056
 20
175.012209302
  0
LWPOLYLINE
  5
F38
330
A02
100
AcDbEntity
100
AcDbPolyline
  8
IsoView
 90
4
 70
0
 43
0
 10
-278.637262362
 20
179.006971041
 10
-275.472018633
 20
175.251351293
 10
-274.502521488
 20
170.375175090
 10
-274.495126738
 20
169.851428775
  0
LINE
  5
F39
330
A02
100
AcDbEntity
  8
IsoView
100
AcDbLine
 10
-220.415484129
 20
865.813479504
 30
0.000000000
 11
-244.460446119
 21
879.695844783
 31
0.000000000
  0
LINE
  5
F3A
330
A02
100
AcDbEntity
  8
IsoView
100
AcDbLine
 10
-272.685479348
 20
865.512774256
 30
0.000000000
 11
-244.460446119
 21
879.695844783
 31
0.000000000
  0
LINE
  5
F3B
330
A02
100
AcDbEntity
  8
IsoView
100
AcDbLine
 10
-272.456777194
 20
869.718748139
 30
0.000000000
 11
-272.685479348
 21
865.512774256
 31
0.000000000
  0
LINE
  5
F3C
330
A02
100
AcDbEntity
  8
IsoView
100
AcDbLine
 10
-268.235136825
 20
880.295428338
 30
0.000000000
 11
-268.707814119
 21
871.602600933
 31
0.000000000
  0
LINE
  5
F3D
330
A02
100
AcDbEntity
  8
IsoView
100
AcDbLine
 10
-218.796900161
 20
882.231050150
 30
0.000000000
 11
-219.481120119
 21
869.647822492
 31
0.000000000
  0
LINE
  5
F3E
330
A02
100
AcDbEntity
  8
IsoView
100
AcDbLine
 10
-219.488764390
 20
869.616452748
 30
0.000000000
 11
-236.331485972
 21
879.340602587
 31
0.000000000
  0
LINE
  5
F3F
330
A02
100
AcDbEntity
  8
IsoView
100
AcDbLine
 10
-236.331485972
 20
879.340602587
 30
0.000000000
 11
-235.645379509
 21
891.958524238
 31
0.000000000
  0
LINE
  5
F40
330
A02
100
AcDbEntity
  8
IsoView
100
AcDbLine
 10
-240.010103596
 20
894.478498864
 30
0.000000000
 11
-240.696210059
 21
881.860577214
 31
0.000000000
  0
LINE
  5
F41
330
A02
100
AcDbEntity
  8
IsoView
100
AcDbLine
 10
-240.696210059
 20
881.860577214
 30
0.000000000
 11
-244.231743965
 21
883.901818666
 31
0.000000000
  0
LINE
  5
F42
330
A02
100
AcDbEntity
  8
IsoView
100
AcDbLine
 10
-244.460446119
 20
879.695844783
 30
0.000000000
 11
-244.231743965
 21
883.901818666
 31
0.000000000
  0
LWPOLYLINE
  5
F43
330
A02
100
AcDbEntity
100
AcDbPolyline
  8
IsoView
 90
2
 70
0
 43
0
 10
-215.700527010
 20
885.162215730
 10
-216.551172985
 20
887.388955763
  0
LINE
  5
F44
330
A02
100
AcDbEntity
  8
IsoView
100
AcDbLine
 10
-244.231743965
 20
883.901818666
 30
0.000000000
 11
-272.456777194
 21
869.718748139
 31
0.000000000
  0
LWPOLYLINE
  5
F45
330
A02
100
AcDbEntity
100
AcDbPolyline
  8
IsoView
 90
4
 70
0
 43
0
 10
-268.235136825
 20
880.295428338
 10
-267.432473342
 20
885.221913578
 10
-265.767135431
 20
889.930805259
 10
-264.764584672
 20
891.997579170
  0
LWPOLYLINE
  5
F46
330
A02
100
AcDbEntity
100
AcDbPolyline
  8
IsoView
 90
2
 70
0
 43
0
 10
-239.989008791
 20
896.113903883
 10
-240.010103596
 20
894.478498864
  0
LWPOLYLINE
  5
F47
330
A02
100
AcDbEntity
100
AcDbPolyline
  8
IsoView
 90
2
 70
0
 43
0
 10
-256.368397202
 20
895.199346920
 10
-254.497568508
 20
898.439717269
  0
LWPOLYLINE
  5
F48
330
A02
100
AcDbEntity
100
AcDbPolyline
  8
IsoView
 90
3
 70
0
 43
0
 10
-237.493436175
 20
900.078726659
 10
-235.781427266
 20
895.428513090
 10
-235.645379509
 20
891.958524238
  0
LWPOLYLINE
  5
F49
330
A02
100
AcDbEntity
100
AcDbPolyline
  8
IsoView
 90
2
 70
0
 43
0
 10
-218.775805356
 20
883.866455169
 10
-218.796900161
 20
882.231050150
  0
LINE
  5
F4A
330
A02
100
AcDbEntity
  8
IsoView
100
AcDbLine
 10
-281.052790815
 20
206.740023418
 30
0.000000000
 11
-252.768519567
 21
190.410091800
 31
0.000000000
  0
LINE
  5
F4B
330
A02
100
AcDbEntity
  8
IsoView
100
AcDbLine
 10
-309.277824044
 20
192.556952892
 30
0.000000000
 11
-281.052790815
 21
206.740023418
 31
0.000000000
  0
LINE
  5
F4C
330
A02
100
AcDbEntity
  8
IsoView
100
AcDbLine
 10
-310.192632661
 20
175.733057357
 30
0.000000000
 11
-309.277824044
 21
192.556952892
 31
0.000000000
  0
LINE
  5
F4D
330
A02
100
AcDbEntity
  8
IsoView
100
AcDbLine
 10
-281.052790815
 20
206.740023418
 30
0.000000000
 11
-281.967599432
 21
189.916127884
 31
0.000000000
  0
LINE
  5
F4E
330
A02
100
AcDbEntity
  8
IsoView
100
AcDbLine
 10
-278.432065526
 20
187.874886432
 30
0.000000000
 11
-277.745959063
 21
200.492808082
 31
0.000000000
  0
LINE
  5
F4F
330
A02
100
AcDbEntity
  8
IsoView
100
AcDbLine
 10
-277.745959063
 20
200.492808082
 30
0.000000000
 11
-260.897479715
 21
190.765333995
 31
0.000000000
  0
LINE
  5
F50
330
A02
100
AcDbEntity
  8
IsoView
100
AcDbLine
 10
-260.897479715
 20
190.765333995
 30
0.000000000
 11
-261.583586178
 21
178.147412344
 31
0.000000000
  0
LINE
  5
F51
330
A02
100
AcDbEntity
  8
IsoView
100
AcDbLine
 10
-257.218862090
 20
175.627437718
 30
0.000000000
 11
-256.532755627
 21
188.245359368
 31
0.000000000
  0
LINE
  5
F52
330
A02
100
AcDbEntity
  8
IsoView
100
AcDbLine
 10
-256.532755627
 20
188.245359368
 30
0.000000000
 11
-252.997221722
 21
186.204117916
 31
0.000000000
  0
LINE
  5
F53
330
A02
100
AcDbEntity
  8
IsoView
100
AcDbLine
 10
-252.768519567
 20
190.410091800
 30
0.000000000
 11
-252.997221722
 21
186.204117916
 31
0.000000000
  0
LWPOLYLINE
  5
F54
330
A02
100
AcDbEntity
100
AcDbPolyline
  8
IsoView
 90
9
 70
0
 43
0
 10
-281.967599432
 20
189.916127884
 10
-282.770262915
 20
184.989642644
 10
-284.435600826
 20
180.280750963
 10
-286.790585990
 20
175.875059361
 10
-289.763619033
 20
171.860840243
 10
-293.345457379
 20
168.381728199
 10
-297.567027217
 20
165.726703083
 10
-302.392310742
 20
164.567182750
 10
-306.080116046
 20
165.504084545
  0
LWPOLYLINE
  5
F55
330
A02
100
AcDbEntity
100
AcDbPolyline
  8
IsoView
 90
4
 70
0
 43
0
 10
-306.080116046
 20
165.504084545
 10
-309.245359775
 20
169.259704294
 10
-310.214856921
 20
174.135880496
 10
-310.192632661
 20
175.733057357
  0
LWPOLYLINE
  5
F56
330
A02
100
AcDbEntity
100
AcDbPolyline
  8
IsoView
 90
3
 70
0
 43
0
 10
-293.715017032
 20
175.830951906
 10
-295.990588622
 20
171.524071969
 10
-298.537520355
 20
170.948543239
  0
LWPOLYLINE
  5
F57
330
A02
100
AcDbEntity
100
AcDbPolyline
  8
IsoView
 90
4
 70
0
 43
0
 10
-298.537520355
 20
170.948543239
 10
-298.559766971
 20
175.528524152
 10
-294.616460643
 20
177.918858982
 10
-294.537520355
 20
177.876746469
  0
LWPOLYLINE
  5
F58
330
A02
100
AcDbEntity
100
AcDbPolyline
  8
IsoView
 90
2
 70
0
 43
0
 10
-294.537520355
 20
177.876746469
 10
-293.715017032
 20
175.830951906
  0
LINE
  5
F59
330
A02
100
AcDbEntity
  8
IsoView
100
AcDbLine
 10
-252.997221722
 20
186.204117916
 30
0.000000000
 11
-256.746184796
 21
184.320265123
 31
0.000000000
  0
LWPOLYLINE
  5
F5A
330
A02
100
AcDbEntity
100
AcDbPolyline
  8
IsoView
 90
2
 70
0
 43
0
 10
-257.634499510
 20
172.378416983
 10
-257.218862090
 20
175.627437718
  0
LWPOLYLINE
  5
F5B
330
A02
100
AcDbEntity
100
AcDbPolyline
  8
IsoView
 90
3
 70
0
 43
0
 10
-263.956439162
 20
168.728443423
 10
-262.326928922
 20
173.449764604
 10
-261.583586178
 20
178.147412344
  0
LINE
  5
F5C
330
A02
100
AcDbEntity
  8
IsoView
100
AcDbLine
 10
-279.719127201
 20
181.307461915
 30
0.000000000
 11
-260.897479715
 21
190.765333995
 31
0.000000000
  0
LWPOLYLINE
  5
F5D
330
A02
100
AcDbEntity
100
AcDbPolyline
  8
IsoView
 90
2
 70
0
 43
0
 10
-273.331003778
 20
164.062236367
 10
-274.153507101
 20
166.108030929
  0
LWPOLYLINE
  5
F5E
330
A02
100
AcDbEntity
100
AcDbPolyline
  8
IsoView
 90
2
 70
0
 43
0
 10
-274.153507101
 20
166.108030929
 10
-274.495126738
 20
166.247090171
  0
LWPOLYLINE
  5
F5F
330
A02
100
AcDbEntity
100
AcDbPolyline
  8
IsoView
 90
2
 70
0
 43
0
 10
-273.449354065
 20
163.247706449
 10
-273.331003778
 20
164.062236367
  0
LWPOLYLINE
  5
F60
330
A02
100
AcDbEntity
100
AcDbPolyline
  8
IsoView
 90
9
 70
0
 43
0
 10
-302.544582141
 20
163.462843093
 10
-297.709498167
 20
162.599471489
 10
-293.001857129
 20
164.197950433
 10
-288.930670321
 20
167.082100303
 10
-285.490647030
 20
170.702403514
 10
-282.657066499
 20
174.816464703
 10
-280.451625266
 20
179.298787854
 10
-278.964366915
 20
184.066443320
 10
-278.432065526
 20
187.874886432
  0
LWPOLYLINE
  5
F61
330
A02
100
AcDbEntity
100
AcDbPolyline
  8
IsoView
 90
2
 70
0
 43
0
 10
-293.834339056
 20
175.012209302
 10
-295.705167749
 20
171.771838953
  0
LINE
  5
F62
330
A02
100
AcDbEntity
  8
IsoView
100
AcDbLine
 10
-232.001145864
 20
916.858298672
 30
0.000000000
 11
-210.939853955
 21
904.698556119
 31
0.000000000
  0
LINE
  5
F63
330
A02
100
AcDbEntity
  8
IsoView
100
AcDbLine
 10
-251.081267185
 20
929.951829571
 30
0.000000000
 11
-232.001145864
 21
916.858298672
 31
0.000000000
  0
LINE
  5
F64
330
A02
100
AcDbEntity
  8
IsoView
100
AcDbLine
 10
-261.520962707
 20
912.908555370
 30
0.000000000
 11
-251.081267185
 21
929.951829571
 31
0.000000000
  0
LINE
  5
F65
330
A02
100
AcDbEntity
  8
IsoView
100
AcDbLine
 10
-232.001145864
 20
916.858298672
 30
0.000000000
 11
-242.440841386
 21
899.815024471
 31
0.000000000
  0
LINE
  5
F66
330
A02
100
AcDbEntity
  8
IsoView
100
AcDbLine
 10
-238.905307480
 20
897.773783019
 30
0.000000000
 11
-231.075535839
 21
910.556238670
 31
0.000000000
  0
LINE
  5
F67
330
A02
100
AcDbEntity
  8
IsoView
100
AcDbLine
 10
-231.075535839
 20
910.556238670
 30
0.000000000
 11
-214.227056490
 21
900.828764583
 31
0.000000000
  0
LINE
  5
F68
330
A02
100
AcDbEntity
  8
IsoView
100
AcDbLine
 10
-214.227056490
 20
900.828764583
 30
0.000000000
 11
-222.056828132
 21
888.046308932
 31
0.000000000
  0
LINE
  5
F69
330
A02
100
AcDbEntity
  8
IsoView
100
AcDbLine
 10
-217.692104045
 20
885.526334305
 30
0.000000000
 11
-214.237458716
 21
891.166198751
 31
0.000000000
  0
LWPOLYLINE
  5
F6A
330
A02
100
AcDbEntity
100
AcDbPolyline
  8
IsoView
 90
6
 70
0
 43
0
 10
-242.440841386
 20
899.815024471
 10
-245.356460899
 20
895.758810575
 10
-248.879618386
 20
892.219874518
 10
-253.039045049
 20
889.466713508
 10
-257.819004033
 20
888.117623704
 10
-261.980902047
 20
889.041281845
  0
LWPOLYLINE
  5
F6B
330
A02
100
AcDbEntity
100
AcDbPolyline
  8
IsoView
 90
7
 70
0
 43
0
 10
-261.980902047
 20
889.041281845
 10
-265.146145776
 20
892.796901594
 10
-266.115642921
 20
897.673077796
 10
-265.653489270
 20
902.640903930
 10
-264.238226366
 20
907.430203096
 10
-262.092135128
 20
911.941186414
 10
-261.520962707
 20
912.908555370
  0
LWPOLYLINE
  5
F6C
330
A02
100
AcDbEntity
100
AcDbPolyline
  8
IsoView
 90
2
 70
0
 43
0
 10
-255.292737676
 20
896.530799731
 10
-259.200749808
 20
894.376051205
  0
LWPOLYLINE
  5
F6D
330
A02
100
AcDbEntity
100
AcDbPolyline
  8
IsoView
 90
4
 70
0
 43
0
 10
-259.200749808
 20
894.376051205
 10
-259.222996424
 20
898.956032119
 10
-255.279690095
 20
901.346366948
 10
-255.200749808
 20
901.304254436
  0
LWPOLYLINE
  5
F6E
330
A02
100
AcDbEntity
100
AcDbPolyline
  8
IsoView
 90
3
 70
0
 43
0
 10
-255.200749808
 20
901.304254436
 10
-255.178503192
 20
896.724273522
 10
-255.292737676
 20
896.530799731
  0
LWPOLYLINE
  5
F6F
330
A02
100
AcDbEntity
100
AcDbPolyline
  8
IsoView
 90
5
 70
0
 43
0
 10
-228.747807624
 20
874.962163851
 10
-224.522099934
 20
877.610465116
 10
-220.936346771
 20
881.085512593
 10
-217.959497326
 20
885.096894948
 10
-217.692104045
 20
885.526334305
  0
LWPOLYLINE
  5
F70
330
A02
100
AcDbEntity
100
AcDbPolyline
  8
IsoView
 90
5
 70
0
 43
0
 10
-233.112531711
 20
877.482138478
 10
-228.886824021
 20
880.130439743
 10
-225.301070858
 20
883.605487220
 10
-222.324221413
 20
887.616869575
 10
-222.056828132
 20
888.046308932
  0
LWPOLYLINE
  5
F71
330
A02
100
AcDbEntity
100
AcDbPolyline
  8
IsoView
 90
3
 70
0
 43
0
 10
-234.908724421
 20
884.762084191
 10
-234.632457815
 20
889.407437267
 10
-234.816736553
 20
889.535538896
  0
LWPOLYLINE
  5
F72
330
A02
100
AcDbEntity
100
AcDbPolyline
  8
IsoView
 90
2
 70
0
 43
0
 10
-234.816736553
 20
889.535538896
 10
-235.767636023
 20
889.710151432
  0
LWPOLYLINE
  5
F73
330
A02
100
AcDbEntity
100
AcDbPolyline
  8
IsoView
 90
2
 70
0
 43
0
 10
-236.115525215
 20
883.312254306
 10
-234.908724421
 20
884.762084191
  0
LWPOLYLINE
  5
F74
330
A02
100
AcDbEntity
100
AcDbPolyline
  8
IsoView
 90
6
 70
0
 43
0
 10
-258.445368141
 20
887.000040393
 10
-253.610284167
 20
886.136668789
 10
-248.902643130
 20
887.735147733
 10
-244.831456322
 20
890.619297603
 10
-241.391433030
 20
894.239600814
 10
-238.905307480
 20
897.773783019
  0
LWPOLYLINE
  5
F75
330
A02
100
AcDbEntity
100
AcDbPolyline
  8
IsoView
 90
2
 70
0
 43
0
 10
-254.497568508
 20
898.439717269
 10
-256.368397202
 20
895.199346920
  0
LINE
  5
F76
330
A02
100
AcDbEntity
  8
IsoView
100
AcDbLine
 10
-564.730984402
 20
657.955024676
 30
0.000000000
 11
-537.873550447
 21
683.703452484
 31
0.000000000
  0
LINE
  5
F77
330
A02
100
AcDbEntity
  8
IsoView
100
AcDbLine
 10
-387.329472160
 20
140.131966582
 30
0.000000000
 11
-360.472038206
 21
165.880394390
 31
0.000000000
  0
LINE
  5
F78
330
A02
100
AcDbEntity
  8
IsoView
100
AcDbLine
 10
-564.730984402
 20
657.955024676
 30
0.000000000
 11
-387.329472160
 21
140.131966582
 31
0.000000000
  0
LINE
  5
F79
330
A02
100
AcDbEntity
  8
IsoView
100
AcDbLine
 10
-537.873550447
 20
683.703452484
 30
0.000000000
 11
-360.472038206
 21
165.880394390
 31
0.000000000
  0
LINE
  5
F7A
330
A02
100
AcDbEntity
  8
IsoView
100
AcDbLine
 10
-360.472038206
 20
165.880394390
 30
0.000000000
 11
-332.187766958
 21
149.550462771
 31
0.000000000
  0
LINE
  5
F7B
330
A02
100
AcDbEntity
  8
IsoView
100
AcDbLine
 10
-332.187766958
 20
149.550462771
 30
0.000000000
 11
-509.589279200
 21
667.373520865
 31
0.000000000
  0
LINE
  5
F7C
330
A02
100
AcDbEntity
  8
IsoView
100
AcDbLine
 10
-509.589279200
 20
667.373520865
 30
0.000000000
 11
-537.873550447
 21
683.703452484
 31
0.000000000
  0
LWPOLYLINE
  5
F7D
330
A02
100
AcDbEntity
100
AcDbPolyline
  8
IsoView
 90
2
 70
0
 43
0
 10
-518.409369456
 20
660.003794932
 10
-516.528192205
 20
659.705497393
  0
LWPOLYLINE
  5
F7E
330
A02
100
AcDbEntity
100
AcDbPolyline
  8
IsoView
 90
3
 70
0
 43
0
 10
-516.528192205
 20
659.705497393
 10
-518.569872888
 20
663.942524843
 10
-522.064561830
 20
665.480323051
  0
LWPOLYLINE
  5
F7F
330
A02
100
AcDbEntity
100
AcDbPolyline
  8
IsoView
 90
3
 70
0
 43
0
 10
-522.064561830
 20
665.480323051
 10
-520.022881148
 20
661.243295602
 10
-518.409369456
 20
660.003794932
  0
LWPOLYLINE
  5
F80
330
A02
100
AcDbEntity
100
AcDbPolyline
  8
IsoView
 90
2
 70
0
 43
0
 10
-496.234180426
 20
595.275912670
 10
-494.353003175
 20
594.977615132
  0
LWPOLYLINE
  5
F81
330
A02
100
AcDbEntity
100
AcDbPolyline
  8
IsoView
 90
3
 70
0
 43
0
 10
-494.353003175
 20
594.977615132
 10
-496.394683857
 20
599.214642581
 10
-499.889372800
 20
600.752440789
  0
LWPOLYLINE
  5
F82
330
A02
100
AcDbEntity
100
AcDbPolyline
  8
IsoView
 90
3
 70
0
 43
0
 10
-499.889372800
 20
600.752440789
 10
-497.847692118
 20
596.515413340
 10
-496.234180426
 20
595.275912670
  0
LWPOLYLINE
  5
F83
330
A02
100
AcDbEntity
100
AcDbPolyline
  8
IsoView
 90
2
 70
0
 43
0
 10
-434.143651142
 20
414.037842337
 10
-432.262473890
 20
413.739544799
  0
LWPOLYLINE
  5
F84
330
A02
100
AcDbEntity
100
AcDbPolyline
  8
IsoView
 90
3
 70
0
 43
0
 10
-432.262473890
 20
413.739544799
 10
-434.304154573
 20
417.976572248
 10
-437.798843515
 20
419.514370456
  0
LWPOLYLINE
  5
F85
330
A02
100
AcDbEntity
100
AcDbPolyline
  8
IsoView
 90
3
 70
0
 43
0
 10
-437.798843515
 20
419.514370456
 10
-435.757162833
 20
415.277343007
 10
-434.143651142
 20
414.037842337
  0
LWPOLYLINE
  5
F86
330
A02
100
AcDbEntity
100
AcDbPolyline
  8
IsoView
 90
2
 70
0
 43
0
 10
-349.877932827
 20
168.071889743
 10
-347.996755575
 20
167.773592204
  0
LWPOLYLINE
  5
F87
330
A02
100
AcDbEntity
100
AcDbPolyline
  8
IsoView
 90
3
 70
0
 43
0
 10
-347.996755575
 20
167.773592204
 10
-350.038436258
 20
172.010619654
 10
-353.533125200
 20
173.548417862
  0
LWPOLYLINE
  5
F88
330
A02
100
AcDbEntity
100
AcDbPolyline
  8
IsoView
 90
3
 70
0
 43
0
 10
-353.533125200
 20
173.548417862
 10
-351.491444518
 20
169.311390412
 10
-349.877932827
 20
168.071889743
  0
LWPOLYLINE
  5
F89
330
A02
100
AcDbEntity
100
AcDbPolyline
  8
IsoView
 90
2
 70
0
 43
0
 10
-372.053121857
 20
232.799772004
 10
-370.171944606
 20
232.501474466
  0
LWPOLYLINE
  5
F8A
330
A02
100
AcDbEntity
100
AcDbPolyline
  8
IsoView
 90
3
 70
0
 43
0
 10
-370.171944606
 20
232.501474466
 10
-372.213625288
 20
236.738501915
 10
-375.708314231
 20
238.276300124
  0
LWPOLYLINE
  5
F8B
330
A02
100
AcDbEntity
100
AcDbPolyline
  8
IsoView
 90
3
 70
0
 43
0
 10
-375.708314231
 20
238.276300124
 10
-373.666633548
 20
234.039272674
 10
-372.053121857
 20
232.799772004
  0
LWPOLYLINE
  5
F8C
330
A02
100
AcDbEntity
100
AcDbPolyline
  8
IsoView
 90
2
 70
0
 43
0
 10
-456.318840172
 20
478.765724599
 10
-454.437662921
 20
478.467427061
  0
LWPOLYLINE
  5
F8D
330
A02
100
AcDbEntity
100
AcDbPolyline
  8
IsoView
 90
3
 70
0
 43
0
 10
-454.437662921
 20
478.467427061
 10
-456.479343603
 20
482.704454510
 10
-459.974032545
 20
484.242252718
  0
LWPOLYLINE
  5
F8E
330
A02
100
AcDbEntity
100
AcDbPolyline
  8
IsoView
 90
3
 70
0
 43
0
 10
-459.974032545
 20
484.242252718
 10
-457.932351863
 20
480.005225269
 10
-456.318840172
 20
478.765724599
  0
LWPOLYLINE
  5
F8F
330
A02
100
AcDbEntity
100
AcDbPolyline
  8
IsoView
 90
2
 70
0
 43
0
 10
-411.968462111
 20
349.309960075
 10
-410.087284860
 20
349.011662537
  0
LWPOLYLINE
  5
F90
330
A02
100
AcDbEntity
100
AcDbPolyline
  8
IsoView
 90
3
 70
0
 43
0
 10
-410.087284860
 20
349.011662537
 10
-412.128965542
 20
353.248689987
 10
-415.623654485
 20
354.786488195
  0
LWPOLYLINE
  5
F91
330
A02
100
AcDbEntity
100
AcDbPolyline
  8
IsoView
 90
3
 70
0
 43
0
 10
-415.623654485
 20
354.786488195
 10
-413.581973803
 20
350.549460745
 10
-411.968462111
 20
349.309960075
  0
LWPOLYLINE
  5
F92
330
A02
100
AcDbEntity
100
AcDbPolyline
  8
IsoView
 90
2
 70
0
 43
0
 10
-494.016661523
 20
588.803124444
 10
-492.135484272
 20
588.504826906
  0
LWPOLYLINE
  5
F93
330
A02
100
AcDbEntity
100
AcDbPolyline
  8
IsoView
 90
3
 70
0
 43
0
 10
-492.135484272
 20
588.504826906
 10
-494.177164954
 20
592.741854355
 10
-497.671853897
 20
594.279652563
  0
LWPOLYLINE
  5
F94
330
A02
100
AcDbEntity
100
AcDbPolyline
  8
IsoView
 90
3
 70
0
 43
0
 10
-497.671853897
 20
594.279652563
 10
-495.630173215
 20
590.042625114
 10
-494.016661523
 20
588.803124444
  0
LWPOLYLINE
  5
F95
330
A02
100
AcDbEntity
100
AcDbPolyline
  8
IsoView
 90
2
 70
0
 43
0
 10
-374.270640760
 20
239.272560230
 10
-372.389463509
 20
238.974262692
  0
LWPOLYLINE
  5
F96
330
A02
100
AcDbEntity
100
AcDbPolyline
  8
IsoView
 90
3
 70
0
 43
0
 10
-372.389463509
 20
238.974262692
 10
-374.431144191
 20
243.211290142
 10
-377.925833134
 20
244.749088350
  0
LWPOLYLINE
  5
F97
330
A02
100
AcDbEntity
100
AcDbPolyline
  8
IsoView
 90
3
 70
0
 43
0
 10
-377.925833134
 20
244.749088350
 10
-375.884152451
 20
240.512060900
 10
-374.270640760
 20
239.272560230
  0
LINE
  5
F98
330
A02
100
AcDbEntity
  8
IsoView
100
AcDbLine
 10
-583.317784394
 20
672.610910438
 30
0.000000000
 11
-566.407112431
 21
662.847529428
 31
0.000000000
  0
LINE
  5
F99
330
A02
100
AcDbEntity
  8
IsoView
100
AcDbLine
 10
-583.317784394
 20
672.610910438
 30
0.000000000
 11
-676.132513265
 21
675.659819074
 31
0.000000000
  0
LINE
  5
F9A
330
A02
100
AcDbEntity
  8
IsoView
100
AcDbLine
 10
-564.261320293
 20
656.584106795
 30
0.000000000
 11
-580.040765012
 21
657.102452168
 31
0.000000000
  0
LINE
  5
F9B
330
A02
100
AcDbEntity
  8
IsoView
100
AcDbLine
 10
-638.841871393
 20
659.034033538
 30
0.000000000
 11
-689.181759968
 21
660.687668935
 31
0.000000000
  0
LWPOLYLINE
  5
F9C
330
A02
100
AcDbEntity
100
AcDbPolyline
  8
IsoView
 90
3
 70
0
 43
0
 10
-584.179999889
 20
664.938828638
 10
-579.487754074
 20
663.284293752
 10
-577.918128842
 20
663.495144740
  0
LWPOLYLINE
  5
F9D
330
A02
100
AcDbEntity
100
AcDbPolyline
  8
IsoView
 90
3
 70
0
 43
0
 10
-577.918128842
 20
663.495144740
 10
-582.041089982
 20
665.994554278
 10
-585.440420564
 20
666.218217866
  0
LWPOLYLINE
  5
F9E
330
A02
100
AcDbEntity
100
AcDbPolyline
  8
IsoView
 90
2
 70
0
 43
0
 10
-585.440420564
 20
666.218217866
 10
-584.179999889
 20
664.938828638
  0
LWPOLYLINE
  5
F9F
330
A02
100
AcDbEntity
100
AcDbPolyline
  8
IsoView
 90
3
 70
0
 43
0
 10
-665.453568452
 20
667.608617023
 10
-660.761322637
 20
665.954082137
 10
-659.191697404
 20
666.164933126
  0
LWPOLYLINE
  5
FA0
330
A02
100
AcDbEntity
100
AcDbPolyline
  8
IsoView
 90
3
 70
0
 43
0
 10
-659.191697404
 20
666.164933126
 10
-663.314658545
 20
668.664342664
 10
-666.713989127
 20
668.888006251
  0
LWPOLYLINE
  5
FA1
330
A02
100
AcDbEntity
100
AcDbPolyline
  8
IsoView
 90
2
 70
0
 43
0
 10
-666.713989127
 20
668.888006251
 10
-665.453568452
 20
667.608617023
  0
LINE
  5
FA2
330
A02
100
AcDbEntity
  8
IsoView
100
AcDbLine
 10
-570.102741672
 20
709.116506103
 30
0.000000000
 11
-583.317784394
 21
672.610910438
 31
0.000000000
  0
LINE
  5
FA3
330
A02
100
AcDbEntity
  8
IsoView
100
AcDbLine
 10
-650.835073705
 20
711.768515190
 30
0.000000000
 11
-570.102741672
 21
709.116506103
 31
0.000000000
  0
LWPOLYLINE
  5
FA4
330
A02
100
AcDbEntity
100
AcDbPolyline
  8
IsoView
 90
3
 70
0
 43
0
 10
-591.714614152
 20
691.356592280
 10
-588.407117234
 20
694.870542447
 10
-587.213888966
 20
694.738546560
  0
LWPOLYLINE
  5
FA5
330
A02
100
AcDbEntity
100
AcDbPolyline
  8
IsoView
 90
4
 70
0
 43
0
 10
-587.213888966
 20
694.738546560
 10
-587.191642349
 20
690.158565646
 10
-591.134948678
 20
687.768230817
 10
-591.213888966
 20
687.810343330
  0
LWPOLYLINE
  5
FA6
330
A02
100
AcDbEntity
100
AcDbPolyline
  8
IsoView
 90
2
 70
0
 43
0
 10
-591.213888966
 20
687.810343330
 10
-591.714614152
 20
691.356592280
  0
LWPOLYLINE
  5
FA7
330
A02
100
AcDbEntity
100
AcDbPolyline
  8
IsoView
 90
3
 70
0
 43
0
 10
-641.729117883
 20
692.999538979
 10
-638.421620965
 20
696.513489146
 10
-637.228392697
 20
696.381493259
  0
LWPOLYLINE
  5
FA8
330
A02
100
AcDbEntity
100
AcDbPolyline
  8
IsoView
 90
4
 70
0
 43
0
 10
-637.228392697
 20
696.381493259
 10
-637.206146080
 20
691.801512345
 10
-641.149452409
 20
689.411177516
 10
-641.228392697
 20
689.453290028
  0
LWPOLYLINE
  5
FA9
330
A02
100
AcDbEntity
100
AcDbPolyline
  8
IsoView
 90
2
 70
0
 43
0
 10
-641.228392697
 20
689.453290028
 10
-641.729117883
 20
692.999538979
  0
LWPOLYLINE
  5
FAA
330
A02
100
AcDbEntity
100
AcDbPolyline
  8
IsoView
 90
3
 70
0
 43
0
 10
-616.721866018
 20
692.178065629
 10
-613.414369099
 20
695.692015796
 10
-612.221140831
 20
695.560019909
  0
LWPOLYLINE
  5
FAB
330
A02
100
AcDbEntity
100
AcDbPolyline
  8
IsoView
 90
4
 70
0
 43
0
 10
-612.221140831
 20
695.560019909
 10
-612.198894215
 20
690.980038996
 10
-616.142200544
 20
688.589704166
 10
-616.221140831
 20
688.631816679
  0
LWPOLYLINE
  5
FAC
330
A02
100
AcDbEntity
100
AcDbPolyline
  8
IsoView
 90
2
 70
0
 43
0
 10
-616.221140831
 20
688.631816679
 10
-616.721866018
 20
692.178065629
  0
LWPOLYLINE
  5
FAD
330
A02
100
AcDbEntity
100
AcDbPolyline
  8
IsoView
 90
8
 70
0
 43
0
 10
-528.888214239
 20
553.332394227
 10
-530.619317029
 20
548.647127350
 10
-533.030536693
 20
544.271939302
 10
-536.056807252
 20
540.297812655
 10
-539.693410856
 20
536.876425809
 10
-543.972736824
 20
534.317563907
 10
-548.834923114
 20
533.345494385
 10
-552.082533167
 20
534.271777923
  0
LWPOLYLINE
  5
FAE
330
A02
100
AcDbEntity
100
AcDbPolyline
  8
IsoView
 90
2
 70
0
 43
0
 10
-552.082533167
 20
534.271777923
 10
-553.983459033
 20
535.899494800
  0
LWPOLYLINE
  5
FAF
330
A02
100
AcDbEntity
100
AcDbPolyline
  8
IsoView
 90
5
 70
0
 43
0
 10
-521.706302953
 20
532.368879214
 10
-525.303722574
 20
528.906000231
 10
-529.541753880
 20
526.277871628
 10
-534.378112408
 20
525.170635493
 10
-537.940397543
 20
526.106812113
  0
LINE
  5
FB0
330
A02
100
AcDbEntity
  8
IsoView
100
AcDbLine
 10
-553.983459033
 20
535.899494800
 30
0.000000000
 11
-555.229080780
 21
537.420855804
 31
0.000000000
  0
LINE
  5
FB1
330
A02
100
AcDbEntity
  8
IsoView
100
AcDbLine
 10
-566.737984672
 20
551.477448527
 30
0.000000000
 11
-630.382388041
 21
629.210607616
 31
0.000000000
  0
LWPOLYLINE
  5
FB2
330
A02
100
AcDbEntity
100
AcDbPolyline
  8
IsoView
 90
2
 70
0
 43
0
 10
-630.382388041
 20
629.210607616
 10
-631.371139548
 20
630.742788520
  0
LWPOLYLINE
  5
FB3
330
A02
100
AcDbEntity
100
AcDbPolyline
  8
IsoView
 90
2
 70
0
 43
0
 10
-608.175929556
 20
662.036383154
 10
-606.580536310
 20
660.596190012
  0
LWPOLYLINE
  5
FB4
330
A02
100
AcDbEntity
100
AcDbPolyline
  8
IsoView
 90
2
 70
0
 43
0
 10
-594.339326552
 20
654.058941080
 10
-592.438400686
 20
652.431224203
  0
LINE
  5
FB5
330
A02
100
AcDbEntity
  8
IsoView
100
AcDbLine
 10
-543.578651532
 20
583.647781776
 30
0.000000000
 11
-606.580536310
 21
660.596190012
 31
0.000000000
  0
LINE
  5
FB6
330
A02
100
AcDbEntity
  8
IsoView
100
AcDbLine
 10
-541.542064722
 20
590.268130967
 30
0.000000000
 11
-592.438400686
 21
652.431224203
 31
0.000000000
  0
LINE
  5
FB7
330
A02
100
AcDbEntity
  8
IsoView
100
AcDbLine
 10
-580.040765012
 20
657.102452168
 30
0.000000000
 11
-608.325036259
 21
673.432383787
 31
0.000000000
  0
LINE
  5
FB8
330
A02
100
AcDbEntity
  8
IsoView
100
AcDbLine
 10
-608.325036259
 20
673.432383787
 30
0.000000000
 11
-633.332288125
 21
674.253857136
 31
0.000000000
  0
LINE
  5
FB9
330
A02
100
AcDbEntity
  8
IsoView
100
AcDbLine
 10
-585.014236906
 20
643.363597300
 30
0.000000000
 11
-580.040765012
 21
657.102452168
 31
0.000000000
  0
LINE
  5
FBA
330
A02
100
AcDbEntity
  8
IsoView
100
AcDbLine
 10
-616.584437960
 20
650.616386496
 30
0.000000000
 11
-608.325036259
 21
673.432383787
 31
0.000000000
  0
LINE
  5
FBB
330
A02
100
AcDbEntity
  8
IsoView
100
AcDbLine
 10
-616.584437960
 20
650.616386496
 30
0.000000000
 11
-613.048904055
 21
648.575145044
 31
0.000000000
  0
LINE
  5
FBC
330
A02
100
AcDbEntity
  8
IsoView
100
AcDbLine
 10
-606.441382694
 20
666.827942877
 30
0.000000000
 11
-613.048904055
 21
648.575145044
 31
0.000000000
  0
LINE
  5
FBD
330
A02
100
AcDbEntity
  8
IsoView
100
AcDbLine
 10
-585.228179258
 20
654.580494163
 30
0.000000000
 11
-606.441382694
 21
666.827942877
 31
0.000000000
  0
LINE
  5
FBE
330
A02
100
AcDbEntity
  8
IsoView
100
AcDbLine
 10
-587.978219652
 20
646.983707319
 30
0.000000000
 11
-585.228179258
 21
654.580494163
 31
0.000000000
  0
LINE
  5
FBF
330
A02
100
AcDbEntity
  8
IsoView
100
AcDbLine
 10
-633.332288125
 20
674.253857136
 30
0.000000000
 11
-641.591689826
 21
651.437859846
 31
0.000000000
  0
LWPOLYLINE
  5
FC0
330
A02
100
AcDbEntity
100
AcDbPolyline
  8
IsoView
 90
5
 70
0
 43
0
 10
-641.591689826
 20
651.437859846
 10
-642.890480221
 20
646.616065886
 10
-643.188766946
 20
641.636986314
 10
-641.956996919
 20
636.825676878
 10
-639.088063893
 20
633.706615095
  0
LWPOLYLINE
  5
FC1
330
A02
100
AcDbEntity
100
AcDbPolyline
  8
IsoView
 90
8
 70
0
 43
0
 10
-639.088063893
 20
633.706615095
 10
-634.252979920
 20
632.843243491
 10
-629.545338882
 20
634.441722436
 10
-625.474152074
 20
637.325872305
 10
-622.034128782
 20
640.946175516
 10
-619.200548251
 20
645.060236705
 10
-616.995107018
 20
649.542559857
 10
-616.584437960
 20
650.616386496
  0
LWPOLYLINE
  5
FC2
330
A02
100
AcDbEntity
100
AcDbPolyline
  8
IsoView
 90
2
 70
0
 43
0
 10
-631.588789080
 20
651.109270506
 10
-631.088063893
 20
647.563021556
  0
LWPOLYLINE
  5
FC3
330
A02
100
AcDbEntity
100
AcDbPolyline
  8
IsoView
 90
4
 70
0
 43
0
 10
-631.088063893
 20
647.563021556
 10
-627.110560765
 20
649.833745878
 10
-627.012123244
 20
654.443916748
 10
-627.088063893
 20
654.491224786
  0
LWPOLYLINE
  5
FC4
330
A02
100
AcDbEntity
100
AcDbPolyline
  8
IsoView
 90
3
 70
0
 43
0
 10
-627.088063893
 20
654.491224786
 10
-631.065567022
 20
652.220500464
 10
-631.588789080
 20
651.109270506
  0
LWPOLYLINE
  5
FC5
330
A02
100
AcDbEntity
100
AcDbPolyline
  8
IsoView
 90
8
 70
0
 43
0
 10
-635.552529987
 20
631.665373643
 10
-630.717446014
 20
630.802002039
 10
-626.009804976
 20
632.400480983
 10
-621.938618168
 20
635.284630853
 10
-618.498594877
 20
638.904934064
 10
-615.665014345
 20
643.018995253
 10
-613.459573112
 20
647.501318404
 10
-613.048904055
 20
648.575145044
  0
LWPOLYLINE
  5
FC6
330
A02
100
AcDbEntity
100
AcDbPolyline
  8
IsoView
 90
2
 70
0
 43
0
 10
-628.053255174
 20
649.068029054
 10
-628.255711287
 20
648.386317270
  0
LWPOLYLINE
  5
FC7
330
A02
100
AcDbEntity
100
AcDbPolyline
  8
IsoView
 90
2
 70
0
 43
0
 10
-626.384882594
 20
651.626687619
 10
-628.053255174
 20
649.068029054
  0
LINE
  5
FC8
330
A02
100
AcDbEntity
  8
IsoView
100
AcDbLine
 10
-585.228179258
 20
654.580494163
 30
0.000000000
 11
-595.846851894
 21
654.929311243
 31
0.000000000
  0
LINE
  5
FC9
330
A02
100
AcDbEntity
  8
IsoView
100
AcDbLine
 10
-540.338276469
 20
586.754354188
 30
0.000000000
 11
-531.468200857
 21
560.863201283
 31
0.000000000
  0
LINE
  5
FCA
330
A02
100
AcDbEntity
  8
IsoView
100
AcDbLine
 10
-557.124172691
 20
570.661586808
 30
0.000000000
 11
-540.338276469
 21
586.754354188
 31
0.000000000
  0
LINE
  5
FCB
330
A02
100
AcDbEntity
  8
IsoView
100
AcDbLine
 10
-531.468200857
 20
560.863201283
 30
0.000000000
 11
-548.254097079
 21
544.770433903
 31
0.000000000
  0
LINE
  5
FCC
330
A02
100
AcDbEntity
  8
IsoView
100
AcDbLine
 10
-544.718563173
 20
542.729192451
 30
0.000000000
 11
-548.254097079
 21
544.770433903
 31
0.000000000
  0
LINE
  5
FCD
330
A02
100
AcDbEntity
  8
IsoView
100
AcDbLine
 10
-544.718563173
 20
542.729192451
 30
0.000000000
 11
-531.289846195
 21
555.603406355
 31
0.000000000
  0
LINE
  5
FCE
330
A02
100
AcDbEntity
  8
IsoView
100
AcDbLine
 10
-531.289846195
 20
555.603406355
 30
0.000000000
 11
-529.265920057
 21
554.434892054
 31
0.000000000
  0
LINE
  5
FCF
330
A02
100
AcDbEntity
  8
IsoView
100
AcDbLine
 10
-521.664430593
 20
532.246656618
 30
0.000000000
 11
-523.505359737
 21
530.481743737
 31
0.000000000
  0
LINE
  5
FD0
330
A02
100
AcDbEntity
  8
IsoView
100
AcDbLine
 10
-520.456796860
 20
528.721655139
 30
0.000000000
 11
-523.505359737
 21
530.481743737
 31
0.000000000
  0
LWPOLYLINE
  5
FD1
330
A02
100
AcDbEntity
100
AcDbPolyline
  8
IsoView
 90
5
 70
0
 43
0
 10
-548.254097079
 20
544.770433903
 10
-552.180932090
 20
541.690036995
 10
-556.755850221
 20
539.727893960
 10
-561.680721223
 20
539.920410736
 10
-562.689134885
 20
540.395502279
  0
LWPOLYLINE
  5
FD2
330
A02
100
AcDbEntity
100
AcDbPolyline
  8
IsoView
 90
8
 70
0
 43
0
 10
-562.689134885
 20
540.395502279
 10
-565.854378614
 20
544.151122028
 10
-566.823875759
 20
549.027298231
 10
-566.361722107
 20
553.995124365
 10
-564.946459203
 20
558.784423530
 10
-562.800367966
 20
563.295406849
 10
-560.021282866
 20
567.446536559
 10
-557.124172691
 20
570.661586808
  0
LWPOLYLINE
  5
FD3
330
A02
100
AcDbEntity
100
AcDbPolyline
  8
IsoView
 90
2
 70
0
 43
0
 10
-551.802127323
 20
555.126895065
 10
-554.689134885
 20
554.251908740
  0
LWPOLYLINE
  5
FD4
330
A02
100
AcDbEntity
100
AcDbPolyline
  8
IsoView
 90
4
 70
0
 43
0
 10
-554.689134885
 20
554.251908740
 10
-554.711381501
 20
558.831889654
 10
-550.768075172
 20
561.222224483
 10
-550.689134885
 20
561.180111970
  0
LWPOLYLINE
  5
FD5
330
A02
100
AcDbEntity
100
AcDbPolyline
  8
IsoView
 90
3
 70
0
 43
0
 10
-550.689134885
 20
561.180111970
 10
-550.666888268
 20
556.600131056
 10
-551.802127323
 20
555.126895065
  0
LWPOLYLINE
  5
FD6
330
A02
100
AcDbEntity
100
AcDbPolyline
  8
IsoView
 90
5
 70
0
 43
0
 10
-520.264955492
 20
528.161683115
 10
-524.244087817
 20
525.150026391
 10
-528.868737927
 20
523.313749675
 10
-533.772296365
 20
523.743890446
 10
-534.404863637
 20
524.065570661
  0
LWPOLYLINE
  5
FD7
330
A02
100
AcDbEntity
100
AcDbPolyline
  8
IsoView
 90
5
 70
0
 43
0
 10
-523.505359737
 20
530.481743737
 10
-527.432194749
 20
527.401346829
 10
-532.007112880
 20
525.439203793
 10
-536.931983882
 20
525.631720570
 10
-537.940397543
 20
526.106812113
  0
LWPOLYLINE
  5
FD8
330
A02
100
AcDbEntity
100
AcDbPolyline
  8
IsoView
 90
5
 70
0
 43
0
 10
-544.718563173
 20
542.729192451
 10
-548.645398184
 20
539.648795542
 10
-553.220316316
 20
537.686652507
 10
-558.145187317
 20
537.879169284
 10
-559.153600979
 20
538.354260827
  0
LWPOLYLINE
  5
FD9
330
A02
100
AcDbEntity
100
AcDbPolyline
  8
IsoView
 90
2
 70
0
 43
0
 10
-551.856782278
 20
555.075204454
 10
-549.985953585
 20
558.315574804
  0
LINE
  5
FDA
330
A02
100
AcDbEntity
  8
IsoView
100
AcDbLine
 10
-353.106062850
 20
117.257884189
 30
0.000000000
 11
-381.390334098
 21
100.927952570
 31
0.000000000
  0
LINE
  5
FDB
330
A02
100
AcDbEntity
  8
IsoView
100
AcDbLine
 10
-353.106062850
 20
133.587815807
 30
0.000000000
 11
-353.106062850
 21
117.257884189
 31
0.000000000
  0
LINE
  5
FDC
330
A02
100
AcDbEntity
  8
IsoView
100
AcDbLine
 10
-349.570528944
 20
131.546574355
 30
0.000000000
 11
-349.570528944
 21
119.299125641
 31
0.000000000
  0
LINE
  5
FDD
330
A02
100
AcDbEntity
  8
IsoView
100
AcDbLine
 10
-381.390334098
 20
100.927952570
 30
0.000000000
 11
-381.390334098
 21
117.257884189
 31
0.000000000
  0
LWPOLYLINE
  5
FDE
330
A02
100
AcDbEntity
100
AcDbPolyline
  8
IsoView
 90
9
 70
0
 43
0
 10
-381.390334098
 20
117.257884189
 10
-380.811914296
 20
122.214332624
 10
-379.312527520
 20
126.978223455
 10
-377.097025982
 20
131.455591285
 10
-374.254160372
 20
135.563229965
 10
-370.804771329
 20
139.174557485
 10
-366.723640527
 20
142.044398020
 10
-362.007452951
 20
143.615867020
 10
-357.248198474
 20
142.743358074
  0
LWPOLYLINE
  5
FDF
330
A02
100
AcDbEntity
100
AcDbPolyline
  8
IsoView
 90
4
 70
0
 43
0
 10
-357.248198474
 20
142.743358074
 10
-354.082954745
 20
138.987738325
 10
-353.113457599
 20
134.111562122
 10
-353.106062850
 20
133.587815807
  0
LWPOLYLINE
  5
FE0
330
A02
100
AcDbEntity
100
AcDbPolyline
  8
IsoView
 90
3
 70
0
 43
0
 10
-370.076625599
 20
131.954822645
 10
-367.959513045
 20
136.338157305
 10
-365.248198474
 20
137.051917422
  0
LWPOLYLINE
  5
FE1
330
A02
100
AcDbEntity
100
AcDbPolyline
  8
IsoView
 90
4
 70
0
 43
0
 10
-365.248198474
 20
137.051917422
 10
-365.225951858
 20
132.471936509
 10
-369.169258186
 20
130.081601679
 10
-369.248198474
 20
130.123714192
  0
LWPOLYLINE
  5
FE2
330
A02
100
AcDbEntity
100
AcDbPolyline
  8
IsoView
 90
2
 70
0
 43
0
 10
-369.248198474
 20
130.123714192
 10
-370.076625599
 20
131.954822645
  0
LWPOLYLINE
  5
FE3
330
A02
100
AcDbEntity
100
AcDbPolyline
  8
IsoView
 90
2
 70
0
 43
0
 10
-334.174072389
 20
128.188273978
 10
-336.864185219
 20
130.974642534
  0
LWPOLYLINE
  5
FE4
330
A02
100
AcDbEntity
100
AcDbPolyline
  8
IsoView
 90
4
 70
0
 43
0
 10
-336.864185219
 20
130.974642534
 10
-341.699269193
 20
131.838014138
 10
-346.406910231
 20
130.239535194
 10
-349.570528944
 20
128.119755772
  0
LWPOLYLINE
  5
FE5
330
A02
100
AcDbEntity
100
AcDbPolyline
  8
IsoView
 90
2
 70
0
 43
0
 10
-349.570528944
 20
119.307414350
 10
-349.568338256
 20
119.300390436
  0
LWPOLYLINE
  5
FE6
330
A02
100
AcDbEntity
100
AcDbPolyline
  8
IsoView
 90
2
 70
0
 43
0
 10
-344.160032183
 20
122.422877402
 10
-344.864185219
 20
125.283201883
  0
LWPOLYLINE
  5
FE7
330
A02
100
AcDbEntity
100
AcDbPolyline
  8
IsoView
 90
3
 70
0
 43
0
 10
-344.864185219
 20
125.283201883
 10
-348.841688348
 20
123.012477561
 10
-349.570528944
 20
121.205769629
  0
LWPOLYLINE
  5
FE8
330
A02
100
AcDbEntity
100
AcDbPolyline
  8
IsoView
 90
4
 70
0
 43
0
 10
-349.570528944
 20
131.546574355
 10
-350.355803303
 20
136.459045681
 10
-353.269765453
 20
140.422682949
 10
-353.712664568
 20
140.702116621
  0
LWPOLYLINE
  5
FE9
330
A02
100
AcDbEntity
100
AcDbPolyline
  8
IsoView
 90
2
 70
0
 43
0
 10
-364.545017174
 20
134.187380256
 10
-366.415845868
 20
130.947009907
  0
LINE
  5
FEA
330
A02
100
AcDbEntity
  8
IsoView
100
AcDbLine
 10
-537.873550447
 20
683.703452484
 30
0.000000000
 11
-509.589279200
 21
667.373520865
 31
0.000000000
  0
LINE
  5
FEB
330
A02
100
AcDbEntity
  8
IsoView
100
AcDbLine
 10
-537.873550447
 20
683.703452484
 30
0.000000000
 11
-564.730984402
 21
657.955024676
 31
0.000000000
  0
LINE
  5
FEC
330
A02
100
AcDbEntity
  8
IsoView
100
AcDbLine
 10
-542.308588254
 20
696.649028936
 30
0.000000000
 11
-537.873550447
 21
683.703452484
 31
0.000000000
  0
LINE
  5
FED
330
A02
100
AcDbEntity
  8
IsoView
100
AcDbLine
 10
-510.698038652
 20
670.609914978
 30
0.000000000
 11
-509.589279200
 21
667.373520865
 31
0.000000000
  0
LINE
  5
FEE
330
A02
100
AcDbEntity
  8
IsoView
100
AcDbLine
 10
-514.233572557
 20
672.651156431
 30
0.000000000
 11
-510.698038652
 21
670.609914978
 31
0.000000000
  0
LINE
  5
FEF
330
A02
100
AcDbEntity
  8
IsoView
100
AcDbLine
 10
-517.559850912
 20
682.360338770
 30
0.000000000
 11
-514.233572557
 21
672.651156431
 31
0.000000000
  0
LINE
  5
FF0
330
A02
100
AcDbEntity
  8
IsoView
100
AcDbLine
 10
-518.598296645
 20
675.171131057
 30
0.000000000
 11
-521.924574999
 21
684.880313397
 31
0.000000000
  0
LINE
  5
FF1
330
A02
100
AcDbEntity
  8
IsoView
100
AcDbLine
 10
-535.446775993
 20
684.898605145
 30
0.000000000
 11
-518.598296645
 21
675.171131057
 31
0.000000000
  0
LINE
  5
FF2
330
A02
100
AcDbEntity
  8
IsoView
100
AcDbLine
 10
-538.773054348
 20
694.607787484
 30
0.000000000
 11
-535.446775993
 21
684.898605145
 31
0.000000000
  0
LINE
  5
FF3
330
A02
100
AcDbEntity
  8
IsoView
100
AcDbLine
 10
-564.730984402
 20
657.955024676
 30
0.000000000
 11
-569.166022208
 21
670.900601128
 31
0.000000000
  0
LWPOLYLINE
  5
FF4
330
A02
100
AcDbEntity
100
AcDbPolyline
  8
IsoView
 90
10
 70
0
 43
0
 10
-569.166022208
 20
670.900601128
 10
-569.878216845
 20
675.825400683
 10
-569.253323354
 20
680.776509724
 10
-567.719951677
 20
685.529668344
 10
-565.476164071
 20
689.992950948
 10
-562.607117802
 20
694.082310567
 10
-559.131260689
 20
697.668013657
 10
-555.022027942
 20
700.496811947
 10
-550.282200893
 20
701.990478946
 10
-545.737305231
 20
701.095323108
  0
LWPOLYLINE
  5
FF5
330
A02
100
AcDbEntity
100
AcDbPolyline
  8
IsoView
 90
3
 70
0
 43
0
 10
-545.737305231
 20
701.095323108
 10
-542.572061502
 20
697.339703359
 10
-542.308588254
 20
696.649028936
  0
LWPOLYLINE
  5
FF6
330
A02
100
AcDbEntity
100
AcDbPolyline
  8
IsoView
 90
3
 70
0
 43
0
 10
-560.640567529
 20
687.672760477
 10
-559.328786648
 20
692.309102365
 10
-555.954824134
 20
693.711704873
  0
LWPOLYLINE
  5
FF7
330
A02
100
AcDbEntity
100
AcDbPolyline
  8
IsoView
 90
4
 70
0
 43
0
 10
-555.954824134
 20
693.711704873
 10
-555.932577518
 20
689.131723960
 10
-559.875883847
 20
686.741389130
 10
-559.954824134
 20
686.783501643
  0
LWPOLYLINE
  5
FF8
330
A02
100
AcDbEntity
100
AcDbPolyline
  8
IsoView
 90
2
 70
0
 43
0
 10
-559.954824134
 20
686.783501643
 10
-560.640567529
 20
687.672760477
  0
LWPOLYLINE
  5
FF9
330
A02
100
AcDbEntity
100
AcDbPolyline
  8
IsoView
 90
3
 70
0
 43
0
 10
-517.559850912
 20
682.360338770
 10
-520.369995710
 20
686.402301612
 10
-520.988567889
 20
686.806632942
  0
LWPOLYLINE
  5
FFA
330
A02
100
AcDbEntity
100
AcDbPolyline
  8
IsoView
 90
3
 70
0
 43
0
 10
-521.924574999
 20
684.880313397
 10
-524.734719797
 20
688.922276238
 10
-525.353291976
 20
689.326607568
  0
LWPOLYLINE
  5
FFB
330
A02
100
AcDbEntity
100
AcDbPolyline
  8
IsoView
 90
4
 70
0
 43
0
 10
-525.353291976
 20
689.326607568
 10
-530.188375950
 20
690.189979172
 10
-534.896016988
 20
688.591500228
 10
-536.401653568
 20
687.685828432
  0
LWPOLYLINE
  5
FFC
330
A02
100
AcDbEntity
100
AcDbPolyline
  8
IsoView
 90
3
 70
0
 43
0
 10
-538.773054348
 20
694.607787484
 10
-541.583199146
 20
698.649750326
 10
-542.201771325
 20
699.054081656
  0
LWPOLYLINE
  5
FFD
330
A02
100
AcDbEntity
100
AcDbPolyline
  8
IsoView
 90
2
 70
0
 43
0
 10
-555.251642834
 20
690.847167707
 10
-557.122471528
 20
687.606797358
  0
LINE
  5
FFE
330
A02
100
AcDbEntity
  8
IsoView
100
AcDbLine
 10
-332.187766958
 20
149.550462771
 30
0.000000000
 11
-360.472038206
 21
165.880394390
 31
0.000000000
  0
LINE
  5
FFF
330
A02
100
AcDbEntity
  8
IsoView
100
AcDbLine
 10
-360.472038206
 20
165.880394390
 30
0.000000000
 11
-387.329472160
 21
140.131966582
 31
0.000000000
  0
LINE
  5
1000
330
A02
100
AcDbEntity
  8
IsoView
100
AcDbLine
 10
-327.752729152
 20
136.604886319
 30
0.000000000
 11
-332.187766958
 21
149.550462771
 31
0.000000000
  0
LINE
  5
1001
330
A02
100
AcDbEntity
  8
IsoView
100
AcDbLine
 10
-359.363278754
 20
162.644000277
 30
0.000000000
 11
-360.472038206
 21
165.880394390
 31
0.000000000
  0
LINE
  5
1002
330
A02
100
AcDbEntity
  8
IsoView
100
AcDbLine
 10
-355.827744848
 20
160.602758825
 30
0.000000000
 11
-359.363278754
 21
162.644000277
 31
0.000000000
  0
LINE
  5
1003
330
A02
100
AcDbEntity
  8
IsoView
100
AcDbLine
 10
-352.501466494
 20
150.893576485
 30
0.000000000
 11
-355.827744848
 21
160.602758825
 31
0.000000000
  0
LINE
  5
1004
330
A02
100
AcDbEntity
  8
IsoView
100
AcDbLine
 10
-351.463020761
 20
158.082784198
 30
0.000000000
 11
-348.136742406
 21
148.373601859
 31
0.000000000
  0
LINE
  5
1005
330
A02
100
AcDbEntity
  8
IsoView
100
AcDbLine
 10
-334.614541412
 20
148.355310111
 30
0.000000000
 11
-351.463020761
 21
158.082784198
 31
0.000000000
  0
LINE
  5
1006
330
A02
100
AcDbEntity
  8
IsoView
100
AcDbLine
 10
-331.288263058
 20
138.646127771
 30
0.000000000
 11
-334.614541412
 21
148.355310111
 31
0.000000000
  0
LINE
  5
1007
330
A02
100
AcDbEntity
  8
IsoView
100
AcDbLine
 10
-379.670671797
 20
126.055188231
 30
0.000000000
 11
-382.685178803
 21
134.854331016
 31
0.000000000
  0
LINE
  5
1008
330
A02
100
AcDbEntity
  8
IsoView
100
AcDbLine
 10
-382.685178803
 20
134.854331016
 30
0.000000000
 11
-386.220712709
 21
136.895572469
 31
0.000000000
  0
LINE
  5
1009
330
A02
100
AcDbEntity
  8
IsoView
100
AcDbLine
 10
-387.329472160
 20
140.131966582
 30
0.000000000
 11
-386.220712709
 21
136.895572469
 31
0.000000000
  0
LWPOLYLINE
  5
100A
330
A02
100
AcDbEntity
100
AcDbPolyline
  8
IsoView
 90
2
 70
0
 43
0
 10
-327.043809889
 20
132.304932951
 10
-327.752729152
 20
136.604886319
  0
LINE
  5
100B
330
A02
100
AcDbEntity
  8
IsoView
100
AcDbLine
 10
-386.220712709
 20
136.895572469
 30
0.000000000
 11
-359.363278754
 21
162.644000277
 31
0.000000000
  0
LINE
  5
100C
330
A02
100
AcDbEntity
  8
IsoView
100
AcDbLine
 10
-355.827744848
 20
160.602758825
 30
0.000000000
 11
-382.685178803
 21
134.854331016
 31
0.000000000
  0
LWPOLYLINE
  5
100D
330
A02
100
AcDbEntity
100
AcDbPolyline
  8
IsoView
 90
4
 70
0
 43
0
 10
-352.501466494
 20
150.893576485
 10
-351.789271856
 20
145.968776930
 10
-352.414165348
 20
141.017667890
 10
-352.678694763
 20
139.966541523
  0
LWPOLYLINE
  5
100E
330
A02
100
AcDbEntity
100
AcDbPolyline
  8
IsoView
 90
2
 70
0
 43
0
 10
-366.415845868
 20
130.947009907
 10
-364.545017174
 20
134.187380256
  0
LWPOLYLINE
  5
100F
330
A02
100
AcDbEntity
100
AcDbPolyline
  8
IsoView
 90
5
 70
0
 43
0
 10
-348.136742406
 20
148.373601859
 10
-347.424547769
 20
143.448802303
 10
-348.049441261
 20
138.497693263
 10
-349.582812937
 20
133.744534642
 10
-349.680057173
 20
133.511779216
  0
LINE
  5
1010
330
A02
100
AcDbEntity
  8
IsoView
100
AcDbLine
 10
-334.614541412
 20
148.355310111
 30
0.000000000
 11
-349.410201167
 21
134.170597688
 31
0.000000000
  0
LWPOLYLINE
  5
1011
330
A02
100
AcDbEntity
100
AcDbPolyline
  8
IsoView
 90
3
 70
0
 43
0
 10
-331.288263058
 20
138.646127771
 10
-330.576068421
 20
133.721328216
 10
-330.936737865
 20
130.057349937
  0
LINE
  5
1012
330
A02
100
AcDbEntity
  8
IsoView
100
AcDbLine
 10
-566.407112431
 20
662.847529428
 30
0.000000000
 11
-583.317784394
 21
672.610910438
 31
0.000000000
  0
LINE
  5
1013
330
A02
100
AcDbEntity
  8
IsoView
100
AcDbLine
 10
-570.102741672
 20
709.116506103
 30
0.000000000
 11
-583.317784394
 21
672.610910438
 31
0.000000000
  0
LINE
  5
1014
330
A02
100
AcDbEntity
  8
IsoView
100
AcDbLine
 10
-566.976835189
 20
709.013821934
 30
0.000000000
 11
-570.102741672
 21
709.116506103
 31
0.000000000
  0
LINE
  5
1015
330
A02
100
AcDbEntity
  8
IsoView
100
AcDbLine
 10
-563.441301283
 20
706.972580482
 30
0.000000000
 11
-566.976835189
 21
709.013821934
 31
0.000000000
  0
LINE
  5
1016
330
A02
100
AcDbEntity
  8
IsoView
100
AcDbLine
 10
-554.063581833
 20
706.664527976
 30
0.000000000
 11
-563.441301283
 21
706.972580482
 31
0.000000000
  0
LINE
  5
1017
330
A02
100
AcDbEntity
  8
IsoView
100
AcDbLine
 10
-532.850378398
 20
694.417079262
 30
0.000000000
 11
-538.774388514
 21
694.611679471
 31
0.000000000
  0
LINE
  5
1018
330
A02
100
AcDbEntity
  8
IsoView
100
AcDbLine
 10
-567.133996451
 20
664.969254893
 30
0.000000000
 11
-572.291619918
 21
667.947010190
 31
0.000000000
  0
LINE
  5
1019
330
A02
100
AcDbEntity
  8
IsoView
100
AcDbLine
 10
-572.291619918
 20
667.947010190
 30
0.000000000
 11
-568.107055868
 21
667.809549750
 31
0.000000000
  0
LINE
  5
101A
330
A02
100
AcDbEntity
  8
IsoView
100
AcDbLine
 10
-568.930523479
 20
670.213196208
 30
0.000000000
 11
-576.656344005
 21
670.466984817
 31
0.000000000
  0
LINE
  5
101B
330
A02
100
AcDbEntity
  8
IsoView
100
AcDbLine
 10
-576.656344005
 20
670.466984817
 30
0.000000000
 11
-580.191877911
 21
672.508226269
 31
0.000000000
  0
LINE
  5
101C
330
A02
100
AcDbEntity
  8
IsoView
100
AcDbLine
 10
-583.317784394
 20
672.610910438
 30
0.000000000
 11
-580.191877911
 21
672.508226269
 31
0.000000000
  0
LWPOLYLINE
  5
101D
330
A02
100
AcDbEntity
100
AcDbPolyline
  8
IsoView
 90
2
 70
0
 43
0
 10
-522.838238093
 20
687.874540531
 10
-525.922365853
 20
691.443548053
  0
LINE
  5
101E
330
A02
100
AcDbEntity
  8
IsoView
100
AcDbLine
 10
-580.191877911
 20
672.508226269
 30
0.000000000
 11
-566.976835189
 21
709.013821934
 31
0.000000000
  0
LINE
  5
101F
330
A02
100
AcDbEntity
  8
IsoView
100
AcDbLine
 10
-563.441301283
 20
706.972580482
 30
0.000000000
 11
-576.656344005
 21
670.466984817
 31
0.000000000
  0
LWPOLYLINE
  5
1020
330
A02
100
AcDbEntity
100
AcDbPolyline
  8
IsoView
 90
2
 70
0
 43
0
 10
-554.063581833
 20
706.664527976
 10
-550.671103194
 20
705.732238219
  0
LWPOLYLINE
  5
1021
330
A02
100
AcDbEntity
100
AcDbPolyline
  8
IsoView
 90
3
 70
0
 43
0
 10
-550.671103194
 20
705.732238219
 10
-547.505859465
 20
701.976618470
 10
-547.427544541
 20
701.785979833
  0
LWPOLYLINE
  5
1022
330
A02
100
AcDbEntity
100
AcDbPolyline
  8
IsoView
 90
2
 70
0
 43
0
 10
-557.122471528
 20
687.606797358
 10
-555.251642834
 20
690.847167707
  0
LWPOLYLINE
  5
1023
330
A02
100
AcDbEntity
100
AcDbPolyline
  8
IsoView
 90
2
 70
0
 43
0
 10
-546.306379107
 20
703.212263592
 10
-543.222251347
 20
699.643256071
  0
LWPOLYLINE
  5
1024
330
A02
100
AcDbEntity
100
AcDbPolyline
  8
IsoView
 90
2
 70
0
 43
0
 10
-532.850378398
 20
694.417079262
 10
-529.457899759
 20
693.484789505
  0
LWPOLYLINE
  5
1025
330
A02
100
AcDbEntity
100
AcDbPolyline
  8
IsoView
 90
2
 70
0
 43
0
 10
-529.457899759
 20
693.484789505
 10
-526.316246001
 20
689.784521494
  0
LINE
  5
1026
330
A02
100
AcDbEntity
  8
IsoView
100
AcDbLine
 10
-97.133408061
 20
232.383902100
 30
0.000000000
 11
-125.417679308
 21
248.713833718
 31
0.000000000
  0
LINE
  5
1027
330
A02
100
AcDbEntity
  8
IsoView
100
AcDbLine
 10
-98.547621623
 20
231.567405519
 30
0.000000000
 11
-97.133408061
 21
232.383902100
 31
0.000000000
  0
LINE
  5
1028
330
A02
100
AcDbEntity
  8
IsoView
100
AcDbLine
 10
-156.530377680
 20
230.750908938
 30
0.000000000
 11
-125.417679308
 21
248.713833718
 31
0.000000000
  0
LINE
  5
1029
330
A02
100
AcDbEntity
  8
IsoView
100
AcDbLine
 10
-156.530377680
 20
247.080840556
 30
0.000000000
 11
-156.530377680
 21
230.750908938
 31
0.000000000
  0
LINE
  5
102A
330
A02
100
AcDbEntity
  8
IsoView
100
AcDbLine
 10
-97.133408061
 20
232.383902100
 30
0.000000000
 11
-97.133408061
 21
248.713833718
 31
0.000000000
  0
LINE
  5
102B
330
A02
100
AcDbEntity
  8
IsoView
100
AcDbLine
 10
-102.083155529
 20
251.571571751
 30
0.000000000
 11
-102.083155529
 21
240.957116199
 31
0.000000000
  0
LINE
  5
102C
330
A02
100
AcDbEntity
  8
IsoView
100
AcDbLine
 10
-102.083155529
 20
240.957116199
 30
0.000000000
 11
-120.467931840
 21
251.571571751
 31
0.000000000
  0
LINE
  5
102D
330
A02
100
AcDbEntity
  8
IsoView
100
AcDbLine
 10
-120.467931840
 20
251.571571751
 30
0.000000000
 11
-120.467931840
 21
262.186027303
 31
0.000000000
  0
LINE
  5
102E
330
A02
100
AcDbEntity
  8
IsoView
100
AcDbLine
 10
-125.417679308
 20
248.713833718
 30
0.000000000
 11
-125.417679308
 21
265.043765337
 31
0.000000000
  0
LWPOLYLINE
  5
102F
330
A02
100
AcDbEntity
100
AcDbPolyline
  8
IsoView
 90
4
 70
0
 43
0
 10
-97.133408061
 20
248.713833718
 10
-97.835624866
 20
253.644418553
 10
-100.418769052
 20
257.857733068
 10
-101.689757247
 20
258.784930211
  0
LWPOLYLINE
  5
1030
330
A02
100
AcDbEntity
100
AcDbPolyline
  8
IsoView
 90
4
 70
0
 43
0
 10
-125.417679308
 20
265.043765337
 10
-126.119896113
 20
269.974350172
 10
-128.703040299
 20
274.187664687
 10
-129.974028494
 20
275.114861830
  0
LWPOLYLINE
  5
1031
330
A02
100
AcDbEntity
100
AcDbPolyline
  8
IsoView
 90
10
 70
0
 43
0
 10
-129.974028494
 20
275.114861830
 10
-134.795203137
 20
276.114879878
 10
-139.579125155
 20
274.758216050
 10
-143.798747376
 20
272.095763661
 10
-147.435092525
 20
268.672330308
 10
-150.516299267
 20
264.739686974
 10
-153.042510420
 20
260.428977921
 10
-154.970932321
 20
255.820122333
 10
-156.196011634
 20
250.978159963
 10
-156.530377680
 20
247.080840556
  0
LWPOLYLINE
  5
1032
330
A02
100
AcDbEntity
100
AcDbPolyline
  8
IsoView
 90
2
 70
0
 43
0
 10
-138.074890691
 20
265.901086747
 10
-138.924028494
 20
267.777972911
  0
LWPOLYLINE
  5
1033
330
A02
100
AcDbEntity
100
AcDbPolyline
  8
IsoView
 90
4
 70
0
 43
0
 10
-138.924028494
 20
267.777972911
 10
-142.936824996
 20
265.557765695
 10
-143.295931977
 20
260.882134333
 10
-143.024028494
 20
260.676564600
  0
LWPOLYLINE
  5
1034
330
A02
100
AcDbEntity
100
AcDbPolyline
  8
IsoView
 90
3
 70
0
 43
0
 10
-143.024028494
 20
260.676564600
 10
-139.011231992
 20
262.896771817
 10
-138.074890691
 20
265.901086747
  0
LWPOLYLINE
  5
1035
330
A02
100
AcDbEntity
100
AcDbPolyline
  8
IsoView
 90
4
 70
0
 43
0
 10
-125.024281026
 20
272.257123796
 10
-121.747652670
 20
268.581873103
 10
-120.530597001
 20
263.760543193
 10
-120.467931840
 20
262.186027303
  0
LWPOLYLINE
  5
1036
330
A02
100
AcDbEntity
100
AcDbPolyline
  8
IsoView
 90
4
 70
0
 43
0
 10
-117.658197919
 20
260.542228646
 10
-113.039476167
 20
262.405569454
 10
-108.098534387
 20
262.286373930
 10
-106.639504715
 20
261.642668244
  0
LWPOLYLINE
  5
1037
330
A02
100
AcDbEntity
100
AcDbPolyline
  8
IsoView
 90
4
 70
0
 43
0
 10
-106.639504715
 20
261.642668244
 10
-103.362876359
 20
257.967417551
 10
-102.145820690
 20
253.146087641
 10
-102.083155529
 20
251.571571751
  0
LWPOLYLINE
  5
1038
330
A02
100
AcDbEntity
100
AcDbPolyline
  8
IsoView
 90
2
 70
0
 43
0
 10
-114.740366912
 20
252.428893161
 10
-115.221852179
 20
250.303402452
  0
LWPOLYLINE
  5
1039
330
A02
100
AcDbEntity
100
AcDbPolyline
  8
IsoView
 90
2
 70
0
 43
0
 10
-116.100586048
 20
254.480641381
 10
-115.589504715
 20
254.305779326
  0
LWPOLYLINE
  5
103A
330
A02
100
AcDbEntity
100
AcDbPolyline
  8
IsoView
 90
2
 70
0
 43
0
 10
-115.589504715
 20
254.305779326
 10
-114.740366912
 20
252.428893161
  0
LWPOLYLINE
  5
103B
330
A02
100
AcDbEntity
100
AcDbPolyline
  8
IsoView
 90
3
 70
0
 43
0
 10
-140.974028494
 20
260.879632774
 10
-138.193893231
 20
264.883101631
 10
-138.924028494
 20
267.777972911
  0
LWPOLYLINE
  5
103C
330
A02
100
AcDbEntity
100
AcDbPolyline
  8
IsoView
 90
4
 70
0
 43
0
 10
-138.924028494
 20
267.777972911
 10
-142.936824996
 20
265.557765695
 10
-143.295931977
 20
260.882134333
 10
-143.024028494
 20
260.676564600
  0
LWPOLYLINE
  5
103D
330
A02
100
AcDbEntity
100
AcDbPolyline
  8
IsoView
 90
2
 70
0
 43
0
 10
-143.024028494
 20
260.676564600
 10
-140.974028494
 20
260.879632774
  0
LINE
  5
103E
330
A02
100
AcDbEntity
  8
IsoView
100
AcDbLine
 10
-230.904593612
 20
592.501195065
 30
0.000000000
 11
-259.188864859
 21
608.831126683
 31
0.000000000
  0
LINE
  5
103F
330
A02
100
AcDbEntity
  8
IsoView
100
AcDbLine
 10
-257.176285901
 20
645.843696858
 30
0.000000000
 11
-259.188864859
 21
608.831126683
 31
0.000000000
  0
LINE
  5
1040
330
A02
100
AcDbEntity
  8
IsoView
100
AcDbLine
 10
-243.063769287
 20
652.935232122
 30
0.000000000
 11
-257.176285901
 21
645.843696858
 31
0.000000000
  0
LINE
  5
1041
330
A02
100
AcDbEntity
  8
IsoView
100
AcDbLine
 10
-230.904593612
 20
592.501195065
 30
0.000000000
 11
-224.443817094
 21
595.747733280
 31
0.000000000
  0
LINE
  5
1042
330
A02
100
AcDbEntity
  8
IsoView
100
AcDbLine
 10
-225.660220175
 20
600.481475721
 30
0.000000000
 11
-230.914960265
 21
597.840970440
 31
0.000000000
  0
LINE
  5
1043
330
A02
100
AcDbEntity
  8
IsoView
100
AcDbLine
 10
-230.914960265
 20
597.840970440
 30
0.000000000
 11
-249.299736576
 21
608.455425992
 31
0.000000000
  0
LINE
  5
1044
330
A02
100
AcDbEntity
  8
IsoView
100
AcDbLine
 10
-249.299736576
 20
608.455425992
 30
0.000000000
 11
-240.126600777
 21
613.064923913
 31
0.000000000
  0
LINE
  5
1045
330
A02
100
AcDbEntity
  8
IsoView
100
AcDbLine
 10
-259.188864859
 20
608.831126683
 30
0.000000000
 11
-245.076348245
 21
615.922661947
 31
0.000000000
  0
LWPOLYLINE
  5
1046
330
A02
100
AcDbEntity
100
AcDbPolyline
  8
IsoView
 90
8
 70
0
 43
0
 10
-207.023531621
 20
608.315495290
 10
-204.344875429
 20
612.533122364
 10
-202.247371314
 20
617.067728162
 10
-200.816476541
 20
621.853507375
 10
-200.231176884
 20
626.810927289
 10
-200.852452592
 20
631.753408295
 10
-203.318094041
 20
636.040091586
 10
-204.785787518
 20
637.151574299
  0
LWPOLYLINE
  5
1047
330
A02
100
AcDbEntity
100
AcDbPolyline
  8
IsoView
 90
11
 70
0
 43
0
 10
-245.076348245
 20
615.922661947
 10
-240.908300680
 20
618.666389758
 10
-237.320839998
 20
622.141336210
 10
-234.287103727
 20
626.110808260
 10
-231.810187144
 20
630.450029786
 10
-229.937285771
 20
635.081645802
 10
-228.781037911
 20
639.940278584
 10
-228.571610392
 20
644.925355011
 10
-229.767797091
 20
649.752271462
 10
-233.018426933
 20
653.451415101
 10
-233.070058766
 20
653.481505917
  0
LWPOLYLINE
  5
1048
330
A02
100
AcDbEntity
100
AcDbPolyline
  8
IsoView
 90
4
 70
0
 43
0
 10
-233.070058766
 20
653.481505917
 10
-237.891233409
 20
654.481523966
 10
-242.675155426
 20
653.124860138
 10
-243.063769287
 20
652.935232122
  0
LWPOLYLINE
  5
1049
330
A02
100
AcDbEntity
100
AcDbPolyline
  8
IsoView
 90
3
 70
0
 43
0
 10
-237.201336225
 20
634.525816081
 10
-234.283996280
 20
638.423429299
 10
-234.963800458
 20
641.525418821
  0
LWPOLYLINE
  5
104A
330
A02
100
AcDbEntity
100
AcDbPolyline
  8
IsoView
 90
4
 70
0
 43
0
 10
-234.963800458
 20
641.525418821
 10
-238.976596961
 20
639.305211605
 10
-239.335703941
 20
634.629580244
 10
-239.063800458
 20
634.424010510
  0
LWPOLYLINE
  5
104B
330
A02
100
AcDbEntity
100
AcDbPolyline
  8
IsoView
 90
2
 70
0
 43
0
 10
-239.063800458
 20
634.424010510
 10
-237.201336225
 20
634.525816081
  0
LWPOLYLINE
  5
104C
330
A02
100
AcDbEntity
100
AcDbPolyline
  8
IsoView
 90
11
 70
0
 43
0
 10
-228.120311297
 20
650.623767884
 10
-224.843682942
 20
646.948517191
 10
-223.626627272
 20
642.127187280
 10
-223.822567567
 20
637.141661048
 10
-224.969175244
 20
632.280777096
 10
-226.834340904
 20
627.646052116
 10
-229.304418877
 20
623.302934556
 10
-232.331593947
 20
619.328444406
 10
-235.912316708
 20
615.846513414
 10
-240.073245551
 20
613.091841195
 10
-240.126600777
 20
613.064923913
  0
LINE
  5
104D
330
A02
100
AcDbEntity
  8
IsoView
100
AcDbLine
 10
-229.878716420
 20
616.898134828
 30
0.000000000
 11
-230.914960265
 21
597.840970440
 31
0.000000000
  0
LWPOLYLINE
  5
104E
330
A02
100
AcDbEntity
100
AcDbPolyline
  8
IsoView
 90
3
 70
0
 43
0
 10
-215.733212385
 20
640.853736311
 10
-210.807073025
 20
640.517698725
 10
-209.735534987
 20
640.009312332
  0
LWPOLYLINE
  5
104F
330
A02
100
AcDbEntity
100
AcDbPolyline
  8
IsoView
 90
7
 70
0
 43
0
 10
-209.735534987
 20
640.009312332
 10
-206.458906631
 20
636.334061639
 10
-205.241850961
 20
631.512731728
 10
-205.437791256
 20
626.527205496
 10
-206.584398933
 20
621.666321544
 10
-208.449564594
 20
617.031596564
 10
-208.988581575
 20
615.962664651
  0
LWPOLYLINE
  5
1050
330
A02
100
AcDbEntity
100
AcDbPolyline
  8
IsoView
 90
2
 70
0
 43
0
 10
-212.140358012
 20
628.228087291
 10
-211.629276679
 20
628.053225236
  0
LWPOLYLINE
  5
1051
330
A02
100
AcDbEntity
100
AcDbPolyline
  8
IsoView
 90
2
 70
0
 43
0
 10
-211.629276679
 20
628.053225236
 10
-211.142758507
 20
624.345838726
  0
LWPOLYLINE
  5
1052
330
A02
100
AcDbEntity
100
AcDbPolyline
  8
IsoView
 90
2
 70
0
 43
0
 10
-239.820753085
 20
635.516649848
 10
-239.063800458
 20
634.424010510
  0
LWPOLYLINE
  5
1053
330
A02
100
AcDbEntity
100
AcDbPolyline
  8
IsoView
 90
4
 70
0
 43
0
 10
-239.063800458
 20
634.424010510
 10
-235.051003956
 20
636.644217727
 10
-234.691896976
 20
641.319849088
 10
-234.963800458
 20
641.525418821
  0
LWPOLYLINE
  5
1054
330
A02
100
AcDbEntity
100
AcDbPolyline
  8
IsoView
 90
3
 70
0
 43
0
 10
-234.963800458
 20
641.525418821
 10
-238.976596961
 20
639.305211605
 10
-239.820753085
 20
635.516649848
  0
LWPOLYLINE
  5
1055
330
A02
100
AcDbEntity
100
AcDbPolyline
  8
IsoView
 90
4
 70
0
 43
0
 10
-214.955270519
 20
639.182573525
 10
-218.114480536
 20
642.864095357
 10
-222.948267187
 20
643.947056331
 10
-223.868890626
 20
643.915767153
  0
LINE
  5
1056
330
A02
100
AcDbEntity
  8
IsoView
100
AcDbLine
 10
-160.369996683
 20
259.292692955
 30
0.000000000
 11
-167.445804127
 21
286.828836634
 31
0.000000000
  0
LINE
  5
1057
330
A02
100
AcDbEntity
  8
IsoView
100
AcDbLine
 10
-154.869132037
 20
256.116767271
 30
0.000000000
 11
-160.369996683
 21
259.292692955
 31
0.000000000
  0
LINE
  5
1058
330
A02
100
AcDbEntity
  8
IsoView
100
AcDbLine
 10
-81.644523271
 20
281.586101344
 30
0.000000000
 11
-105.301071743
 21
260.869923608
 31
0.000000000
  0
LINE
  5
1059
330
A02
100
AcDbEntity
  8
IsoView
100
AcDbLine
 10
-160.369996683
 20
259.292692955
 30
0.000000000
 11
-113.747198185
 21
300.120550045
 31
0.000000000
  0
LINE
  5
105A
330
A02
100
AcDbEntity
  8
IsoView
100
AcDbLine
 10
-113.747198185
 20
300.120550045
 30
0.000000000
 11
-120.823005628
 21
327.656693724
 31
0.000000000
  0
LINE
  5
105B
330
A02
100
AcDbEntity
  8
IsoView
100
AcDbLine
 10
-167.445804127
 20
286.828836634
 30
0.000000000
 11
-120.823005628
 21
327.656693724
 31
0.000000000
  0
LWPOLYLINE
  5
105C
330
A02
100
AcDbEntity
100
AcDbPolyline
  8
IsoView
 90
10
 70
0
 43
0
 10
-113.747198185
 20
300.120550045
 10
-109.691492738
 20
303.032266850
 10
-105.189711985
 20
305.195075547
 10
-100.401540054
 20
306.617411387
 10
-95.450529873
 20
307.277065551
 10
-90.459584768
 20
307.112086697
 10
-85.591441128
 20
306.011250468
 10
-81.117018298
 20
303.812874198
 10
-77.527862949
 20
300.369352711
 10
-75.710138430
 20
296.502864311
  0
LWPOLYLINE
  5
105D
330
A02
100
AcDbEntity
100
AcDbPolyline
  8
IsoView
 90
5
 70
0
 43
0
 10
-75.710138430
 20
296.502864311
 10
-75.540882605
 20
291.543617017
 10
-77.255809533
 20
286.872589751
 10
-80.264606641
 20
282.896236843
 10
-81.644523271
 20
281.586101344
  0
LWPOLYLINE
  5
105E
330
A02
100
AcDbEntity
100
AcDbPolyline
  8
IsoView
 90
3
 70
0
 43
0
 10
-122.540276159
 20
269.947357050
 10
-119.182571863
 20
266.432443282
 10
-119.092393741
 20
266.123531207
  0
LWPOLYLINE
  5
105F
330
A02
100
AcDbEntity
100
AcDbPolyline
  8
IsoView
 90
10
 70
0
 43
0
 10
-120.823005628
 20
327.656693724
 10
-116.767300182
 20
330.568410529
 10
-112.265519429
 20
332.731219226
 10
-107.477347497
 20
334.153555066
 10
-102.526337316
 20
334.813209231
 10
-97.535392211
 20
334.648230376
 10
-92.667248572
 20
333.547394147
 10
-88.192825741
 20
331.349017877
 10
-84.603670393
 20
327.905496390
 10
-82.785945874
 20
324.039007990
  0
LINE
  5
1060
330
A02
100
AcDbEntity
  8
IsoView
100
AcDbLine
 10
-161.035483809
 20
292.442391596
 30
0.000000000
 11
-218.236290452
 21
515.044496428
 31
0.000000000
  0
LINE
  5
1061
330
A02
100
AcDbEntity
  8
IsoView
100
AcDbLine
 10
-137.416004394
 20
313.126107742
 30
0.000000000
 11
-194.616811037
 21
535.728212575
 31
0.000000000
  0
LINE
  5
1062
330
A02
100
AcDbEntity
  8
IsoView
100
AcDbLine
 10
-218.236290452
 20
515.044496428
 30
0.000000000
 11
-194.616811037
 21
535.728212575
 31
0.000000000
  0
LINE
  5
1063
330
A02
100
AcDbEntity
  8
IsoView
100
AcDbLine
 10
-136.491430140
 20
390.379538981
 30
0.000000000
 11
-170.221627086
 21
521.643646554
 31
0.000000000
  0
LINE
  5
1064
330
A02
100
AcDbEntity
  8
IsoView
100
AcDbLine
 10
-194.616811037
 20
535.728212575
 30
0.000000000
 11
-170.221627086
 21
521.643646554
 31
0.000000000
  0
LWPOLYLINE
  5
1065
330
A02
100
AcDbEntity
100
AcDbPolyline
  8
IsoView
 90
9
 70
0
 43
0
 10
-135.541964811
 20
391.264360986
 10
-131.452503409
 20
394.125139665
 10
-126.883316051
 20
396.138216096
 10
-122.028505553
 20
397.307019424
 10
-117.043584219
 20
397.586545886
 10
-112.105467320
 20
396.868044585
 10
-107.498677481
 20
394.967264247
 10
-103.773796466
 20
391.679052658
 10
-102.029136834
 20
388.076972674
  0
LWPOLYLINE
  5
1066
330
A02
100
AcDbEntity
100
AcDbPolyline
  8
IsoView
 90
4
 70
0
 43
0
 10
-140.770521541
 20
378.121817679
 10
-140.801760421
 20
383.074043987
 10
-138.784527195
 20
387.618799842
 10
-135.541964811
 20
391.264360986
  0
LWPOLYLINE
  5
1067
330
A02
100
AcDbEntity
100
AcDbPolyline
  8
IsoView
 90
2
 70
0
 43
0
 10
-115.496317195
 20
248.701208698
 10
-115.377594833
 20
251.667055775
  0
LWPOLYLINE
  5
1068
330
A02
100
AcDbEntity
100
AcDbPolyline
  8
IsoView
 90
3
 70
0
 43
0
 10
-115.377594833
 20
251.667055775
 10
-118.536804850
 20
255.348577608
 10
-120.467931840
 20
256.076179248
  0
LINE
  5
1069
330
A02
100
AcDbEntity
  8
IsoView
100
AcDbLine
 10
919.532661503
 20
-354.588526839
 30
0.000000000
 11
891.248390256
 21
-338.258595220
 31
0.000000000
  0
LINE
  5
106A
330
A02
100
AcDbEntity
  8
IsoView
100
AcDbLine
 10
918.118447941
 20
-355.405023420
 30
0.000000000
 11
919.532661503
 21
-354.588526839
 31
0.000000000
  0
LINE
  5
106B
330
A02
100
AcDbEntity
  8
IsoView
100
AcDbLine
 10
889.834176693
 20
-339.075091801
 30
0.000000000
 11
891.248390256
 21
-338.258595220
 31
0.000000000
  0
LINE
  5
106C
330
A02
100
AcDbEntity
  8
IsoView
100
AcDbLine
 10
919.532661503
 20
-354.588526839
 30
0.000000000
 11
919.532661503
 21
-338.258595220
 31
0.000000000
  0
LINE
  5
106D
330
A02
100
AcDbEntity
  8
IsoView
100
AcDbLine
 10
914.582914035
 20
-335.400857187
 30
0.000000000
 11
914.582914035
 21
-346.015312739
 31
0.000000000
  0
LINE
  5
106E
330
A02
100
AcDbEntity
  8
IsoView
100
AcDbLine
 10
914.582914035
 20
-346.015312739
 30
0.000000000
 11
896.198137724
 21
-335.400857187
 31
0.000000000
  0
LINE
  5
106F
330
A02
100
AcDbEntity
  8
IsoView
100
AcDbLine
 10
896.198137724
 20
-335.400857187
 30
0.000000000
 11
896.198137724
 21
-324.786401635
 31
0.000000000
  0
LINE
  5
1070
330
A02
100
AcDbEntity
  8
IsoView
100
AcDbLine
 10
891.248390256
 20
-338.258595220
 30
0.000000000
 11
891.248390256
 21
-321.928663602
 31
0.000000000
  0
LWPOLYLINE
  5
1071
330
A02
100
AcDbEntity
100
AcDbPolyline
  8
IsoView
 90
4
 70
0
 43
0
 10
919.532661503
 20
-338.258595220
 10
918.830444698
 20
-333.328010385
 10
916.247300512
 20
-329.114695870
 10
914.976312317
 20
-328.187498727
  0
LWPOLYLINE
  5
1072
330
A02
100
AcDbEntity
100
AcDbPolyline
  8
IsoView
 90
4
 70
0
 43
0
 10
891.248390256
 20
-321.928663602
 10
890.546173450
 20
-316.998078767
 10
887.963029264
 20
-312.784764252
 10
886.692041069
 20
-311.857567109
  0
LWPOLYLINE
  5
1073
330
A02
100
AcDbEntity
100
AcDbPolyline
  8
IsoView
 90
7
 70
0
 43
0
 10
886.692041069
 20
-311.857567109
 10
881.870866426
 20
-310.857549060
 10
877.086944409
 20
-312.214212888
 10
872.867322187
 20
-314.876665278
 10
869.230977039
 20
-318.300098630
 10
866.149770296
 20
-322.232741964
 10
864.692041069
 20
-324.559273031
  0
LWPOLYLINE
  5
1074
330
A02
100
AcDbEntity
100
AcDbPolyline
  8
IsoView
 90
2
 70
0
 43
0
 10
878.591178872
 20
-321.071342192
 10
877.742041069
 20
-319.194456027
  0
LWPOLYLINE
  5
1075
330
A02
100
AcDbEntity
100
AcDbPolyline
  8
IsoView
 90
4
 70
0
 43
0
 10
877.742041069
 20
-319.194456027
 10
873.729244567
 20
-321.414663244
 10
873.370137586
 20
-326.090294605
 10
873.642041069
 20
-326.295864338
  0
LWPOLYLINE
  5
1076
330
A02
100
AcDbEntity
100
AcDbPolyline
  8
IsoView
 90
3
 70
0
 43
0
 10
873.642041069
 20
-326.295864338
 10
877.654837572
 20
-324.075657122
 10
878.591178872
 20
-321.071342192
  0
LWPOLYLINE
  5
1077
330
A02
100
AcDbEntity
100
AcDbPolyline
  8
IsoView
 90
4
 70
0
 43
0
 10
891.641788538
 20
-314.715305142
 10
894.918416894
 20
-318.390555835
 10
896.135472563
 20
-323.211885746
 10
896.198137724
 20
-324.786401635
  0
LWPOLYLINE
  5
1078
330
A02
100
AcDbEntity
100
AcDbPolyline
  8
IsoView
 90
4
 70
0
 43
0
 10
900.026038836
 20
-325.879461007
 10
904.767484410
 20
-324.372815141
 10
909.639103493
 20
-325.121291563
 10
910.026564849
 20
-325.329760694
  0
LWPOLYLINE
  5
1079
330
A02
100
AcDbEntity
100
AcDbPolyline
  8
IsoView
 90
4
 70
0
 43
0
 10
910.026564849
 20
-325.329760694
 10
913.303193204
 20
-329.005011387
 10
914.520248874
 20
-333.826341298
 10
914.582914035
 20
-335.400857187
  0
LWPOLYLINE
  5
107A
330
A02
100
AcDbEntity
100
AcDbPolyline
  8
IsoView
 90
2
 70
0
 43
0
 10
901.925702651
 20
-334.543535777
 10
900.692293509
 20
-337.995559239
  0
LWPOLYLINE
  5
107B
330
A02
100
AcDbEntity
100
AcDbPolyline
  8
IsoView
 90
2
 70
0
 43
0
 10
899.780621996
 20
-332.549580006
 10
901.076564849
 20
-332.666649613
  0
LWPOLYLINE
  5
107C
330
A02
100
AcDbEntity
100
AcDbPolyline
  8
IsoView
 90
2
 70
0
 43
0
 10
901.076564849
 20
-332.666649613
 10
901.925702651
 20
-334.543535777
  0
LWPOLYLINE
  5
107D
330
A02
100
AcDbEntity
100
AcDbPolyline
  8
IsoView
 90
3
 70
0
 43
0
 10
875.692041069
 20
-326.092796165
 10
878.472176333
 20
-322.089327307
 10
877.742041069
 20
-319.194456027
  0
LWPOLYLINE
  5
107E
330
A02
100
AcDbEntity
100
AcDbPolyline
  8
IsoView
 90
4
 70
0
 43
0
 10
877.742041069
 20
-319.194456027
 10
873.729244567
 20
-321.414663244
 10
873.370137586
 20
-326.090294605
 10
873.642041069
 20
-326.295864338
  0
LWPOLYLINE
  5
107F
330
A02
100
AcDbEntity
100
AcDbPolyline
  8
IsoView
 90
2
 70
0
 43
0
 10
873.642041069
 20
-326.295864338
 10
875.692041069
 20
-326.092796165
  0
LINE
  5
1080
330
A02
100
AcDbEntity
  8
IsoView
100
AcDbLine
 10
893.115590703
 20
34.642376727
 30
0.000000000
 11
864.831319456
 21
50.972308346
 31
0.000000000
  0
LINE
  5
1081
330
A02
100
AcDbEntity
  8
IsoView
100
AcDbLine
 10
876.224808066
 20
90.980636054
 30
0.000000000
 11
864.831319456
 21
50.972308346
 31
0.000000000
  0
LINE
  5
1082
330
A02
100
AcDbEntity
  8
IsoView
100
AcDbLine
 10
889.384573454
 20
92.598399492
 30
0.000000000
 11
876.224808066
 21
90.980636054
 31
0.000000000
  0
LINE
  5
1083
330
A02
100
AcDbEntity
  8
IsoView
100
AcDbLine
 10
912.719097233
 20
79.126205907
 30
0.000000000
 11
908.440032965
 21
78.600169650
 31
0.000000000
  0
LINE
  5
1084
330
A02
100
AcDbEntity
  8
IsoView
100
AcDbLine
 10
893.115590703
 20
34.642376727
 30
0.000000000
 11
893.278091165
 21
34.662353322
 31
0.000000000
  0
LINE
  5
1085
330
A02
100
AcDbEntity
  8
IsoView
100
AcDbLine
 10
893.406205022
 20
38.144325767
 30
0.000000000
 11
892.771761121
 21
38.066331964
 31
0.000000000
  0
LINE
  5
1086
330
A02
100
AcDbEntity
  8
IsoView
100
AcDbLine
 10
892.771761121
 20
38.066331964
 30
0.000000000
 11
874.386984810
 21
48.680787516
 31
0.000000000
  0
LINE
  5
1087
330
A02
100
AcDbEntity
  8
IsoView
100
AcDbLine
 10
874.386984810
 20
48.680787516
 30
0.000000000
 11
882.940832312
 21
49.732333751
 31
0.000000000
  0
LINE
  5
1088
330
A02
100
AcDbEntity
  8
IsoView
100
AcDbLine
 10
864.831319456
 20
50.972308346
 30
0.000000000
 11
877.991084844
 21
52.590071784
 31
0.000000000
  0
LWPOLYLINE
  5
1089
330
A02
100
AcDbEntity
100
AcDbPolyline
  8
IsoView
 90
10
 70
0
 43
0
 10
913.460157638
 20
39.242879257
 10
917.286742900
 20
42.450590616
 10
920.550726325
 20
46.232420326
 10
923.263841915
 20
50.427943579
 10
925.399031830
 20
54.944962019
 10
926.875034962
 20
59.717136736
 10
927.520511339
 20
64.667403798
 10
926.989591307
 20
69.621512777
 10
924.657206538
 20
73.986007249
 10
922.972100396
 20
75.316862903
  0
LWPOLYLINE
  5
108A
330
A02
100
AcDbEntity
100
AcDbPolyline
  8
IsoView
 90
12
 70
0
 43
0
 10
877.991084844
 20
52.590071784
 10
882.728082785
 20
54.111419341
 10
886.889921001
 20
56.864697052
 10
890.471504389
 20
60.345737451
 10
893.499517765
 20
64.319587421
 10
895.970469831
 20
68.662207801
 10
897.836624706
 20
73.296536063
 10
898.984465818
 20
78.157133126
 10
899.182132866
 20
83.142603863
 10
897.967749577
 20
87.964654764
 10
894.694439475
 20
91.642973458
 10
894.687829149
 20
91.646794521
  0
LWPOLYLINE
  5
108B
330
A02
100
AcDbEntity
100
AcDbPolyline
  8
IsoView
 90
3
 70
0
 43
0
 10
894.687829149
 20
91.646794521
 10
889.866654505
 20
92.646812570
 10
889.384573454
 20
92.598399492
  0
LWPOLYLINE
  5
108C
330
A02
100
AcDbEntity
100
AcDbPolyline
  8
IsoView
 90
3
 70
0
 43
0
 10
889.206045858
 20
69.675068639
 10
892.697851835
 20
72.980629415
 10
892.317711843
 20
76.953821512
  0
LWPOLYLINE
  5
108D
330
A02
100
AcDbEntity
100
AcDbPolyline
  8
IsoView
 90
4
 70
0
 43
0
 10
892.317711843
 20
76.953821512
 10
888.304915340
 20
74.733614296
 10
887.945808360
 20
70.057982935
 10
888.217711843
 20
69.852413201
  0
LWPOLYLINE
  5
108E
330
A02
100
AcDbEntity
100
AcDbPolyline
  8
IsoView
 90
2
 70
0
 43
0
 10
888.217711843
 20
69.852413201
 10
889.206045858
 20
69.675068639
  0
LWPOLYLINE
  5
108F
330
A02
100
AcDbEntity
100
AcDbPolyline
  8
IsoView
 90
12
 70
0
 43
0
 10
899.637576617
 20
88.789056488
 10
902.914204973
 20
85.113805795
 10
904.131260642
 20
80.292475884
 10
903.935320347
 20
75.306949651
 10
902.788712670
 20
70.446065700
 10
900.923547010
 20
65.811340719
 10
898.453469038
 20
61.468223159
 10
895.426293967
 20
57.493733009
 10
891.845571207
 20
54.011802018
 10
887.684642364
 20
51.257129799
 10
882.948410187
 20
49.733267963
 10
882.940832312
 20
49.732333751
  0
LINE
  5
1090
330
A02
100
AcDbEntity
  8
IsoView
100
AcDbLine
 10
893.497042078
 20
40.613161930
 30
0.000000000
 11
892.771761121
 21
38.066331964
 31
0.000000000
  0
LWPOLYLINE
  5
1091
330
A02
100
AcDbEntity
100
AcDbPolyline
  8
IsoView
 90
3
 70
0
 43
0
 10
912.719097233
 20
79.126205907
 10
917.595032721
 20
78.402849947
 10
918.022352928
 20
78.174600936
  0
LWPOLYLINE
  5
1092
330
A02
100
AcDbEntity
100
AcDbPolyline
  8
IsoView
 90
9
 70
0
 43
0
 10
918.022352928
 20
78.174600936
 10
921.298981284
 20
74.499350243
 10
922.516036953
 20
69.678020332
 10
922.320096658
 20
64.692494099
 10
921.173488981
 20
59.831610148
 10
919.308323321
 20
55.196885167
 10
916.838245349
 20
50.853767607
 10
913.811070278
 20
46.879277457
 10
913.738082765
 20
46.796532346
  0
LWPOLYLINE
  5
1093
330
A02
100
AcDbEntity
100
AcDbPolyline
  8
IsoView
 90
2
 70
0
 43
0
 10
914.356292769
 20
63.598697533
 10
915.652235622
 20
63.481627927
  0
LWPOLYLINE
  5
1094
330
A02
100
AcDbEntity
100
AcDbPolyline
  8
IsoView
 90
3
 70
0
 43
0
 10
915.652235622
 20
63.481627927
 10
915.735878022
 20
58.896340608
 10
914.110887199
 20
56.928884854
  0
LWPOLYLINE
  5
1095
330
A02
100
AcDbEntity
100
AcDbPolyline
  8
IsoView
 90
2
 70
0
 43
0
 10
887.371301484
 20
71.876049982
 10
888.217711843
 20
69.852413201
  0
LWPOLYLINE
  5
1096
330
A02
100
AcDbEntity
100
AcDbPolyline
  8
IsoView
 90
4
 70
0
 43
0
 10
888.217711843
 20
69.852413201
 10
892.230508345
 20
72.072620418
 10
892.589615325
 20
76.748251779
 10
892.317711843
 20
76.953821512
  0
LWPOLYLINE
  5
1097
330
A02
100
AcDbEntity
100
AcDbPolyline
  8
IsoView
 90
3
 70
0
 43
0
 10
892.317711843
 20
76.953821512
 10
888.304915340
 20
74.733614296
 10
887.371301484
 20
71.876049982
  0
LWPOLYLINE
  5
1098
330
A02
100
AcDbEntity
100
AcDbPolyline
  8
IsoView
 90
4
 70
0
 43
0
 10
914.709734409
 20
73.204793818
 10
912.025747439
 20
77.150830120
 10
907.347175905
 20
78.830847468
 10
904.190395726
 20
79.098575371
  0
LINE
  5
1099
330
A02
100
AcDbEntity
  8
IsoView
100
AcDbLine
 10
858.090636687
 20
-320.747950434
 30
0.000000000
 11
859.310538824
 21
-287.592554853
 31
0.000000000
  0
LINE
  5
109A
330
A02
100
AcDbEntity
  8
IsoView
100
AcDbLine
 10
938.295288705
 20
-314.100108688
 30
0.000000000
 11
913.353083159
 21
-327.250326936
 31
0.000000000
  0
LINE
  5
109B
330
A02
100
AcDbEntity
  8
IsoView
100
AcDbLine
 10
858.252135761
 20
-320.841191968
 30
0.000000000
 11
906.192612929
 21
-295.565651015
 31
0.000000000
  0
LINE
  5
109C
330
A02
100
AcDbEntity
  8
IsoView
100
AcDbLine
 10
906.192612929
 20
-295.565651015
 30
0.000000000
 11
907.419208432
 21
-262.228338211
 31
0.000000000
  0
LINE
  5
109D
330
A02
100
AcDbEntity
  8
IsoView
100
AcDbLine
 10
859.310538824
 20
-287.592554853
 30
0.000000000
 11
907.419208432
 21
-262.228338211
 31
0.000000000
  0
LWPOLYLINE
  5
109E
330
A02
100
AcDbEntity
100
AcDbPolyline
  8
IsoView
 90
11
 70
0
 43
0
 10
906.192612929
 20
-295.565651015
 10
910.827490232
 20
-293.711613548
 10
915.712114822
 20
-292.665225341
 10
920.694751061
 20
-292.291443675
 10
925.685722050
 20
-292.534886579
 10
930.607090779
 20
-293.398076335
 10
935.357458559
 20
-294.942188190
 10
939.750886470
 20
-297.309540188
 10
943.337903739
 20
-300.756670158
 10
944.933261333
 20
-305.411592343
 10
944.928587273
 20
-305.667534271
  0
LWPOLYLINE
  5
109F
330
A02
100
AcDbEntity
100
AcDbPolyline
  8
IsoView
 90
4
 70
0
 43
0
 10
944.928587273
 20
-305.667534271
 10
943.141334156
 20
-310.248406971
 10
939.370131428
 20
-313.490619158
 10
938.295288705
 20
-314.100108688
  0
LWPOLYLINE
  5
10A0
330
A02
100
AcDbEntity
100
AcDbPolyline
  8
IsoView
 90
3
 70
0
 43
0
 10
893.899161724
 20
-316.715698086
 10
898.393664158
 20
-318.813782019
 10
900.164728523
 20
-322.110050901
  0
LWPOLYLINE
  5
10A1
330
A02
100
AcDbEntity
100
AcDbPolyline
  8
IsoView
 90
11
 70
0
 43
0
 10
907.419208432
 20
-262.228338211
 10
912.054085736
 20
-260.374300743
 10
916.938710326
 20
-259.327912536
 10
921.921346564
 20
-258.954130870
 10
926.912317554
 20
-259.197573774
 10
931.833686282
 20
-260.060763530
 10
936.584054062
 20
-261.604875386
 10
940.977481973
 20
-263.972227383
 10
944.564499242
 20
-267.419357353
 10
946.159856837
 20
-272.074279538
 10
946.155182777
 20
-272.330221466
  0
LINE
  5
10A2
330
A02
100
AcDbEntity
  8
IsoView
100
AcDbLine
 10
867.174096044
 20
-283.446670743
 30
0.000000000
 11
877.133790136
 21
-12.754795154
 31
0.000000000
  0
LINE
  5
10A3
330
A02
100
AcDbEntity
  8
IsoView
100
AcDbLine
 10
891.546329546
 20
-270.596957466
 30
0.000000000
 11
901.506023638
 21
0.094918123
 31
0.000000000
  0
LINE
  5
10A4
330
A02
100
AcDbEntity
  8
IsoView
100
AcDbLine
 10
877.133790136
 20
-12.754795154
 30
0.000000000
 11
901.506023638
 21
0.094918123
 31
0.000000000
  0
LINE
  5
10A5
330
A02
100
AcDbEntity
  8
IsoView
100
AcDbLine
 10
919.698486745
 20
-182.571747259
 30
0.000000000
 11
925.901207589
 21
-13.989647898
 31
0.000000000
  0
LINE
  5
10A6
330
A02
100
AcDbEntity
  8
IsoView
100
AcDbLine
 10
901.506023638
 20
0.094918123
 30
0.000000000
 11
925.901207589
 21
-13.989647898
 31
0.000000000
  0
LWPOLYLINE
  5
10A7
330
A02
100
AcDbEntity
100
AcDbPolyline
  8
IsoView
 90
9
 70
0
 43
0
 10
912.210896175
 20
-184.987923503
 10
916.866572044
 20
-183.191958924
 10
921.778705864
 20
-182.288224317
 10
926.771931101
 20
-182.125450657
 10
931.739296597
 20
-182.658409077
 10
936.570646495
 20
-183.924794295
 10
941.079246534
 20
-186.063230986
 10
944.795996909
 20
-189.365218465
 10
946.339507932
 20
-193.888261174
  0
LWPOLYLINE
  5
10A8
330
A02
100
AcDbEntity
100
AcDbPolyline
  8
IsoView
 90
3
 70
0
 43
0
 10
906.366555665
 20
-192.417517452
 10
908.321827924
 20
-187.924653839
 10
912.210896175
 20
-184.987923503
  0
LWPOLYLINE
  5
10A9
330
A02
100
AcDbEntity
100
AcDbPolyline
  8
IsoView
 90
2
 70
0
 43
0
 10
897.667986154
 20
-336.249474574
 10
896.198137724
 20
-335.304015418
  0
LINE
  5
10AA
330
A02
100
AcDbEntity
  8
IsoView
100
AcDbLine
 10
509.410728415
 20
-558.712672071
 30
0.000000000
 11
507.996514852
 21
-559.529168652
 31
0.000000000
  0
LINE
  5
10AB
330
A02
100
AcDbEntity
  8
IsoView
100
AcDbLine
 10
509.410728415
 20
-542.382740452
 30
0.000000000
 11
509.410728415
 21
-558.712672071
 31
0.000000000
  0
LINE
  5
10AC
330
A02
100
AcDbEntity
  8
IsoView
100
AcDbLine
 10
514.360475883
 20
-545.240478486
 30
0.000000000
 11
514.360475883
 21
-555.854934038
 31
0.000000000
  0
LWPOLYLINE
  5
10AD
330
A02
100
AcDbEntity
100
AcDbPolyline
  8
IsoView
 90
7
 70
0
 43
0
 10
482.854379229
 20
-545.013349881
 10
485.633211988
 20
-540.861109773
 10
488.962498064
 20
-537.136865217
 10
492.857702896
 20
-534.013614507
 10
497.345073430
 20
-531.843991081
 10
502.279865732
 20
-531.399583595
 10
504.854379229
 20
-532.311643959
  0
LWPOLYLINE
  5
10AE
330
A02
100
AcDbEntity
100
AcDbPolyline
  8
IsoView
 90
4
 70
0
 43
0
 10
504.854379229
 20
-532.311643959
 10
508.131007585
 20
-535.986894652
 10
509.348063254
 20
-540.808224563
 10
509.410728415
 20
-542.382740452
  0
LWPOLYLINE
  5
10AF
330
A02
100
AcDbEntity
100
AcDbPolyline
  8
IsoView
 90
3
 70
0
 43
0
 10
490.955241426
 20
-544.873055024
 10
493.032279528
 20
-540.463652831
 10
495.904379229
 20
-539.648532878
  0
LWPOLYLINE
  5
10B0
330
A02
100
AcDbEntity
100
AcDbPolyline
  8
IsoView
 90
4
 70
0
 43
0
 10
495.904379229
 20
-539.648532878
 10
495.988021629
 20
-544.233820197
 10
492.118359581
 20
-546.882631646
 10
491.804379229
 20
-546.749941189
  0
LWPOLYLINE
  5
10B1
330
A02
100
AcDbEntity
100
AcDbPolyline
  8
IsoView
 90
2
 70
0
 43
0
 10
491.804379229
 20
-546.749941189
 10
490.955241426
 20
-544.873055024
  0
LWPOLYLINE
  5
10B2
330
A02
100
AcDbEntity
100
AcDbPolyline
  8
IsoView
 90
2
 70
0
 43
0
 10
529.738803406
 20
-546.976252503
 10
528.188903008
 20
-545.783837545
  0
LWPOLYLINE
  5
10B3
330
A02
100
AcDbEntity
100
AcDbPolyline
  8
IsoView
 90
3
 70
0
 43
0
 10
528.188903008
 20
-545.783837545
 10
523.367728365
 20
-544.783819496
 10
519.285852801
 20
-545.826740597
  0
LWPOLYLINE
  5
10B4
330
A02
100
AcDbEntity
100
AcDbPolyline
  8
IsoView
 90
2
 70
0
 43
0
 10
519.165010292
 20
-553.081034803
 10
517.861403649
 20
-553.026836474
  0
LWPOLYLINE
  5
10B5
330
A02
100
AcDbEntity
100
AcDbPolyline
  8
IsoView
 90
4
 70
0
 43
0
 10
514.360475883
 20
-545.240478486
 10
513.658259078
 20
-540.309893651
 10
511.075114892
 20
-536.096579136
 10
509.804126697
 20
-535.169381993
  0
LWPOLYLINE
  5
10B6
330
A02
100
AcDbEntity
100
AcDbPolyline
  8
IsoView
 90
2
 70
0
 43
0
 10
493.854379229
 20
-546.546873015
 10
491.804379229
 20
-546.749941189
  0
LWPOLYLINE
  5
10B7
330
A02
100
AcDbEntity
100
AcDbPolyline
  8
IsoView
 90
4
 70
0
 43
0
 10
491.804379229
 20
-546.749941189
 10
491.720736829
 20
-542.164653869
 10
495.590398876
 20
-539.515842421
 10
495.904379229
 20
-539.648532878
  0
LWPOLYLINE
  5
10B8
330
A02
100
AcDbEntity
100
AcDbPolyline
  8
IsoView
 90
3
 70
0
 43
0
 10
495.904379229
 20
-539.648532878
 10
495.988021629
 20
-544.233820197
 10
493.854379229
 20
-546.546873015
  0
LINE
  5
10B9
330
A02
100
AcDbEntity
  8
IsoView
100
AcDbLine
 10
609.861021710
 20
-27.539875073
 30
0.000000000
 11
611.889230014
 21
-62.218321208
 31
0.000000000
  0
LINE
  5
10BA
330
A02
100
AcDbEntity
  8
IsoView
100
AcDbLine
 10
595.748967407
 20
-36.752006706
 30
0.000000000
 11
609.861021710
 21
-27.539875073
 31
0.000000000
  0
LINE
  5
10BB
330
A02
100
AcDbEntity
  8
IsoView
100
AcDbLine
 10
611.889230014
 20
-62.218321208
 30
0.000000000
 11
597.777175710
 21
-71.430452841
 31
0.000000000
  0
LINE
  5
10BC
330
A02
100
AcDbEntity
  8
IsoView
100
AcDbLine
 10
602.726923178
 20
-74.288190874
 30
0.000000000
 11
611.899758476
 21
-68.300305313
 31
0.000000000
  0
LINE
  5
10BD
330
A02
100
AcDbEntity
  8
IsoView
100
AcDbLine
 10
611.899758476
 20
-68.300305313
 30
0.000000000
 11
612.257004896
 21
-68.506561629
 31
0.000000000
  0
LWPOLYLINE
  5
10BE
330
A02
100
AcDbEntity
100
AcDbPolyline
  8
IsoView
 90
4
 70
0
 43
0
 10
597.777175710
 20
-71.430452841
 10
593.292237805
 20
-73.605239859
 10
588.358112588
 20
-74.059242897
 10
585.763071558
 20
-73.143788657
  0
LWPOLYLINE
  5
10BF
330
A02
100
AcDbEntity
100
AcDbPolyline
  8
IsoView
 90
10
 70
0
 43
0
 10
585.763071558
 20
-73.143788657
 10
582.486443203
 20
-69.468537964
 10
581.269387533
 20
-64.647208053
 10
581.465327828
 20
-59.661681820
 10
582.611935505
 20
-54.800797868
 10
584.477101165
 20
-50.166072888
 10
586.947179138
 20
-45.822955328
 10
589.974354208
 20
-41.848465178
 10
593.555076969
 20
-38.366534186
 10
595.748967407
 20
-36.752006706
  0
LWPOLYLINE
  5
10C0
330
A02
100
AcDbEntity
100
AcDbPolyline
  8
IsoView
 90
2
 70
0
 43
0
 10
589.896036544
 20
-61.928696252
 10
587.657044407
 20
-62.247999745
  0
LWPOLYLINE
  5
10C1
330
A02
100
AcDbEntity
100
AcDbPolyline
  8
IsoView
 90
4
 70
0
 43
0
 10
587.657044407
 20
-62.247999745
 10
587.573402007
 20
-57.662712426
 10
591.443064054
 20
-55.013900977
 10
591.757044407
 20
-55.146591434
  0
LWPOLYLINE
  5
10C2
330
A02
100
AcDbEntity
100
AcDbPolyline
  8
IsoView
 90
3
 70
0
 43
0
 10
591.757044407
 20
-55.146591434
 10
591.840686806
 20
-59.731878754
 10
589.896036544
 20
-61.928696252
  0
LWPOLYLINE
  5
10C3
330
A02
100
AcDbEntity
100
AcDbPolyline
  8
IsoView
 90
2
 70
0
 43
0
 10
610.044050686
 20
-87.075562464
 10
613.376263731
 20
-87.643726769
  0
LWPOLYLINE
  5
10C4
330
A02
100
AcDbEntity
100
AcDbPolyline
  8
IsoView
 90
2
 70
0
 43
0
 10
612.266310804
 20
-75.842809163
 10
612.677762600
 20
-75.700706015
  0
LWPOLYLINE
  5
10C5
330
A02
100
AcDbEntity
100
AcDbPolyline
  8
IsoView
 90
4
 70
0
 43
0
 10
590.712819027
 20
-76.001526690
 10
595.533993670
 20
-77.001544738
 10
600.317915687
 20
-75.644880910
 10
602.726923178
 20
-74.288190874
  0
LWPOLYLINE
  5
10C6
330
A02
100
AcDbEntity
100
AcDbPolyline
  8
IsoView
 90
3
 70
0
 43
0
 10
592.514324870
 20
-57.912514967
 10
589.820044126
 20
-61.977147310
 10
587.657044407
 20
-62.247999745
  0
LWPOLYLINE
  5
10C7
330
A02
100
AcDbEntity
100
AcDbPolyline
  8
IsoView
 90
4
 70
0
 43
0
 10
587.657044407
 20
-62.247999745
 10
587.573402007
 20
-57.662712426
 10
591.443064054
 20
-55.013900977
 10
591.757044407
 20
-55.146591434
  0
LWPOLYLINE
  5
10C8
330
A02
100
AcDbEntity
100
AcDbPolyline
  8
IsoView
 90
2
 70
0
 43
0
 10
591.757044407
 20
-55.146591434
 10
592.514324870
 20
-57.912514967
  0
LINE
  5
10C9
330
A02
100
AcDbEntity
  8
IsoView
100
AcDbLine
 10
509.430378617
 20
-527.933603159
 30
0.000000000
 11
516.309084014
 21
-493.164135730
 31
0.000000000
  0
LINE
  5
10CA
330
A02
100
AcDbEntity
  8
IsoView
100
AcDbLine
 10
542.940396407
 20
-539.354309230
 30
0.000000000
 11
548.596443813
 21
-510.764953430
 31
0.000000000
  0
LINE
  5
10CB
330
A02
100
AcDbEntity
  8
IsoView
100
AcDbLine
 10
509.430378617
 20
-527.933603159
 30
0.000000000
 11
536.076009098
 21
-543.317465090
 31
0.000000000
  0
LINE
  5
10CC
330
A02
100
AcDbEntity
  8
IsoView
100
AcDbLine
 10
517.210008658
 20
-492.643986644
 30
0.000000000
 11
548.596443813
 21
-510.764953430
 31
0.000000000
  0
LINE
  5
10CD
330
A02
100
AcDbEntity
  8
IsoView
100
AcDbLine
 10
464.139546656
 20
-534.208336258
 30
0.000000000
 11
466.579431842
 21
-521.875563798
 31
0.000000000
  0
LINE
  5
10CE
330
A02
100
AcDbEntity
  8
IsoView
100
AcDbLine
 10
471.592445864
 20
-538.511269622
 30
0.000000000
 11
509.430378617
 21
-527.933603159
 31
0.000000000
  0
LWPOLYLINE
  5
10CF
330
A02
100
AcDbEntity
100
AcDbPolyline
  8
IsoView
 90
3
 70
0
 43
0
 10
512.573528797
 20
-537.913260193
 10
517.162364177
 20
-539.857827519
 10
519.748819695
 20
-543.486603693
  0
LINE
  5
10D0
330
A02
100
AcDbEntity
  8
IsoView
100
AcDbLine
 10
531.765947127
 20
-418.920385177
 30
0.000000000
 11
562.918433303
 21
-261.455384017
 31
0.000000000
  0
LINE
  5
10D1
330
A02
100
AcDbEntity
  8
IsoView
100
AcDbLine
 10
541.578845592
 20
-506.713341208
 30
0.000000000
 11
547.863591597
 21
-474.946132283
 31
0.000000000
  0
LINE
  5
10D2
330
A02
100
AcDbEntity
  8
IsoView
100
AcDbLine
 10
562.452672003
 20
-401.203396309
 30
0.000000000
 11
587.313617254
 21
-275.539950038
 31
0.000000000
  0
LINE
  5
10D3
330
A02
100
AcDbEntity
  8
IsoView
100
AcDbLine
 10
506.572525620
 20
-433.465813865
 30
0.000000000
 11
542.890289065
 21
-249.892129550
 31
0.000000000
  0
LWPOLYLINE
  5
10D4
330
A02
100
AcDbEntity
100
AcDbPolyline
  8
IsoView
 90
7
 70
0
 43
0
 10
482.896176660
 20
-426.748876126
 10
486.212789417
 20
-423.253238792
 10
491.012997438
 20
-421.917907264
 10
495.998760616
 20
-421.615501583
 10
500.982909368
 20
-421.976600083
 10
505.899009645
 20
-422.876217702
 10
508.528056607
 20
-423.581283709
  0
LINE
  5
10D5
330
A02
100
AcDbEntity
  8
IsoView
100
AcDbLine
 10
-538.368039521
 20
10.296832087
 30
0.000000000
 11
-536.953825959
 21
9.480335506
 31
0.000000000
  0
LINE
  5
10D6
330
A02
100
AcDbEntity
  8
IsoView
100
AcDbLine
 10
-507.255341149
 20
28.259756868
 30
0.000000000
 11
-538.368039521
 21
10.296832087
 31
0.000000000
  0
LINE
  5
10D7
330
A02
100
AcDbEntity
  8
IsoView
100
AcDbLine
 10
-507.255341149
 20
44.589688486
 30
0.000000000
 11
-507.255341149
 21
28.259756868
 31
0.000000000
  0
LINE
  5
10D8
330
A02
100
AcDbEntity
  8
IsoView
100
AcDbLine
 10
-502.305593680
 20
41.731950453
 30
0.000000000
 11
-502.305593680
 21
31.117494901
 31
0.000000000
  0
LINE
  5
10D9
330
A02
100
AcDbEntity
  8
IsoView
100
AcDbLine
 10
-538.368039521
 20
10.296832087
 30
0.000000000
 11
-538.368039521
 21
26.626763706
 31
0.000000000
  0
LWPOLYLINE
  5
10DA
330
A02
100
AcDbEntity
100
AcDbPolyline
  8
IsoView
 90
4
 70
0
 43
0
 10
-511.811690335
 20
54.660784979
 10
-508.535061979
 20
50.985534286
 10
-507.318006310
 20
46.164204375
 10
-507.255341149
 20
44.589688486
  0
LWPOLYLINE
  5
10DB
330
A02
100
AcDbEntity
100
AcDbPolyline
  8
IsoView
 90
3
 70
0
 43
0
 10
-525.710828138
 20
42.099373914
 10
-523.633790035
 20
46.508776107
 10
-520.761690335
 20
47.323896061
  0
LWPOLYLINE
  5
10DC
330
A02
100
AcDbEntity
100
AcDbPolyline
  8
IsoView
 90
4
 70
0
 43
0
 10
-520.761690335
 20
47.323896061
 10
-520.678047935
 20
42.738608741
 10
-524.547709982
 20
40.089797293
 10
-524.861690335
 20
40.222487750
  0
LWPOLYLINE
  5
10DD
330
A02
100
AcDbEntity
100
AcDbPolyline
  8
IsoView
 90
2
 70
0
 43
0
 10
-524.861690335
 20
40.222487750
 10
-525.710828138
 20
42.099373914
  0
LWPOLYLINE
  5
10DE
330
A02
100
AcDbEntity
100
AcDbPolyline
  8
IsoView
 90
2
 70
0
 43
0
 10
-486.927266158
 20
39.996176436
 10
-488.477166556
 20
41.188591394
  0
LWPOLYLINE
  5
10DF
330
A02
100
AcDbEntity
100
AcDbPolyline
  8
IsoView
 90
4
 70
0
 43
0
 10
-488.477166556
 20
41.188591394
 10
-493.298341199
 20
42.188609442
 10
-498.082263216
 20
40.831945614
 10
-498.613668002
 20
40.569804149
  0
LWPOLYLINE
  5
10E0
330
A02
100
AcDbEntity
100
AcDbPolyline
  8
IsoView
 90
2
 70
0
 43
0
 10
-497.501059271
 20
33.891394135
 10
-498.687092385
 20
33.978075838
  0
LWPOLYLINE
  5
10E1
330
A02
100
AcDbEntity
100
AcDbPolyline
  8
IsoView
 90
4
 70
0
 43
0
 10
-502.305593680
 20
41.731950453
 10
-503.007810486
 20
46.662535288
 10
-505.590954672
 20
50.875849803
 10
-506.861942867
 20
51.803046946
  0
LWPOLYLINE
  5
10E2
330
A02
100
AcDbEntity
100
AcDbPolyline
  8
IsoView
 90
2
 70
0
 43
0
 10
-522.811690335
 20
40.425555923
 10
-524.861690335
 20
40.222487750
  0
LWPOLYLINE
  5
10E3
330
A02
100
AcDbEntity
100
AcDbPolyline
  8
IsoView
 90
4
 70
0
 43
0
 10
-524.861690335
 20
40.222487750
 10
-524.945332735
 20
44.807775069
 10
-521.075670688
 20
47.456586518
 10
-520.761690335
 20
47.323896061
  0
LWPOLYLINE
  5
10E4
330
A02
100
AcDbEntity
100
AcDbPolyline
  8
IsoView
 90
3
 70
0
 43
0
 10
-520.761690335
 20
47.323896061
 10
-520.678047935
 20
42.738608741
 10
-522.811690335
 20
40.425555923
  0
LINE
  5
10E5
330
A02
100
AcDbEntity
  8
IsoView
100
AcDbLine
 10
-503.083958898
 20
478.011511988
 30
0.000000000
 11
-493.326875725
 21
449.531243793
 31
0.000000000
  0
LINE
  5
10E6
330
A02
100
AcDbEntity
  8
IsoView
100
AcDbLine
 10
-516.512675876
 20
465.137298084
 30
0.000000000
 11
-503.083958898
 21
478.011511988
 31
0.000000000
  0
LINE
  5
10E7
330
A02
100
AcDbEntity
  8
IsoView
100
AcDbLine
 10
-493.326875725
 20
449.531243793
 30
0.000000000
 11
-506.755592702
 21
436.657029889
 31
0.000000000
  0
LINE
  5
10E8
330
A02
100
AcDbEntity
  8
IsoView
100
AcDbLine
 10
-501.805845234
 20
433.799291855
 30
0.000000000
 11
-493.077179199
 21
442.167530893
 31
0.000000000
  0
LINE
  5
10E9
330
A02
100
AcDbEntity
  8
IsoView
100
AcDbLine
 10
-493.077179199
 20
442.167530893
 30
0.000000000
 11
-490.243682606
 21
440.531610872
 31
0.000000000
  0
LWPOLYLINE
  5
10EA
330
A02
100
AcDbEntity
100
AcDbPolyline
  8
IsoView
 90
5
 70
0
 43
0
 10
-506.755592702
 20
436.657029889
 10
-510.652950155
 20
433.536491712
 10
-515.142480751
 20
431.371466637
 10
-520.077851024
 20
430.935602933
 10
-522.634134289
 20
431.844605103
  0
LWPOLYLINE
  5
10EB
330
A02
100
AcDbEntity
100
AcDbPolyline
  8
IsoView
 90
9
 70
0
 43
0
 10
-522.634134289
 20
431.844605103
 10
-525.910762645
 20
435.519855796
 10
-527.127818314
 20
440.341185707
 10
-526.931878019
 20
445.326711940
 10
-525.785270342
 20
450.187595891
 10
-523.920104682
 20
454.822320872
 10
-521.450026710
 20
459.165438431
 10
-518.422851639
 20
463.139928581
 10
-516.512675876
 20
465.137298084
  0
LWPOLYLINE
  5
10EC
330
A02
100
AcDbEntity
100
AcDbPolyline
  8
IsoView
 90
2
 70
0
 43
0
 10
-517.439310027
 20
441.806213861
 10
-520.398492778
 20
440.909352879
  0
LWPOLYLINE
  5
10ED
330
A02
100
AcDbEntity
100
AcDbPolyline
  8
IsoView
 90
4
 70
0
 43
0
 10
-520.398492778
 20
440.909352879
 10
-520.482135177
 20
445.494640198
 10
-516.612473130
 20
448.143451647
 10
-516.298492778
 20
448.010761190
  0
LWPOLYLINE
  5
10EE
330
A02
100
AcDbEntity
100
AcDbPolyline
  8
IsoView
 90
3
 70
0
 43
0
 10
-516.298492778
 20
448.010761190
 10
-516.214850378
 20
443.425473870
 10
-517.439310027
 20
441.806213861
  0
LWPOLYLINE
  5
10EF
330
A02
100
AcDbEntity
100
AcDbPolyline
  8
IsoView
 90
4
 70
0
 43
0
 10
-482.273950391
 20
417.268499666
 10
-486.750238245
 20
415.075478645
 10
-491.681854631
 20
414.587579187
 10
-494.349863041
 20
415.514673484
  0
LWPOLYLINE
  5
10F0
330
A02
100
AcDbEntity
100
AcDbPolyline
  8
IsoView
 90
4
 70
0
 43
0
 10
-494.416458583
 20
417.377387239
 10
-489.638360582
 20
418.755758221
 10
-485.426160066
 20
421.430127891
 10
-484.088226261
 20
422.564248655
  0
LWPOLYLINE
  5
10F1
330
A02
100
AcDbEntity
100
AcDbPolyline
  8
IsoView
 90
3
 70
0
 43
0
 10
-494.104786248
 20
428.334020276
 10
-492.116710094
 20
432.781100280
 10
-492.963968998
 20
434.538567604
  0
LWPOLYLINE
  5
10F2
330
A02
100
AcDbEntity
100
AcDbPolyline
  8
IsoView
 90
2
 70
0
 43
0
 10
-492.963968998
 20
434.538567604
 10
-494.223894828
 20
434.664940967
  0
LWPOLYLINE
  5
10F3
330
A02
100
AcDbEntity
100
AcDbPolyline
  8
IsoView
 90
2
 70
0
 43
0
 10
-494.296366905
 20
428.158706554
 10
-494.104786248
 20
428.334020276
  0
LWPOLYLINE
  5
10F4
330
A02
100
AcDbEntity
100
AcDbPolyline
  8
IsoView
 90
5
 70
0
 43
0
 10
-517.684386821
 20
428.986867070
 10
-512.863212177
 20
427.986849021
 10
-508.079290160
 20
429.343512849
 10
-503.859667938
 20
432.005965239
 10
-501.805845234
 20
433.799291855
  0
LWPOLYLINE
  5
10F5
330
A02
100
AcDbEntity
100
AcDbPolyline
  8
IsoView
 90
3
 70
0
 43
0
 10
-515.449597864
 20
446.090402248
 10
-517.558521240
 20
441.695185766
 10
-520.398492778
 20
440.909352879
  0
LWPOLYLINE
  5
10F6
330
A02
100
AcDbEntity
100
AcDbPolyline
  8
IsoView
 90
4
 70
0
 43
0
 10
-520.398492778
 20
440.909352879
 10
-520.482135177
 20
445.494640198
 10
-516.612473130
 20
448.143451647
 10
-516.298492778
 20
448.010761190
  0
LWPOLYLINE
  5
10F7
330
A02
100
AcDbEntity
100
AcDbPolyline
  8
IsoView
 90
2
 70
0
 43
0
 10
-516.298492778
 20
448.010761190
 10
-515.449597864
 20
446.090402248
  0
LINE
  5
10F8
330
A02
100
AcDbEntity
  8
IsoView
100
AcDbLine
 10
-508.570217069
 20
62.940846689
 30
0.000000000
 11
-508.204099172
 21
95.809351951
 31
0.000000000
  0
LINE
  5
10F9
330
A02
100
AcDbEntity
  8
IsoView
100
AcDbLine
 10
-476.449309782
 20
46.045627370
 30
0.000000000
 11
-476.101451306
 21
77.274879563
 31
0.000000000
  0
LINE
  5
10FA
330
A02
100
AcDbEntity
  8
IsoView
100
AcDbLine
 10
-508.570217069
 20
62.940846689
 30
0.000000000
 11
-477.878074292
 21
45.220729795
 31
0.000000000
  0
LINE
  5
10FB
330
A02
100
AcDbEntity
  8
IsoView
100
AcDbLine
 10
-508.204099172
 20
95.809351951
 30
0.000000000
 11
-476.101451306
 21
77.274879563
 31
0.000000000
  0
LINE
  5
10FC
330
A02
100
AcDbEntity
  8
IsoView
100
AcDbLine
 10
-556.720182464
 20
35.861194621
 30
0.000000000
 11
-556.354064567
 21
68.729699883
 31
0.000000000
  0
LINE
  5
10FD
330
A02
100
AcDbEntity
  8
IsoView
100
AcDbLine
 10
-556.720182464
 20
35.861194621
 30
0.000000000
 11
-508.570217069
 21
62.940846689
 31
0.000000000
  0
LINE
  5
10FE
330
A02
100
AcDbEntity
  8
IsoView
100
AcDbLine
 10
-556.354064567
 20
68.729699883
 30
0.000000000
 11
-508.204099172
 21
95.809351951
 31
0.000000000
  0
LWPOLYLINE
  5
10FF
330
A02
100
AcDbEntity
100
AcDbPolyline
  8
IsoView
 90
8
 70
0
 43
0
 10
-538.368039521
 20
13.707640225
 10
-543.364351175
 20
13.770130024
 10
-548.311290678
 20
14.471032630
 10
-553.107265134
 20
15.866901164
 10
-557.575932851
 20
18.089884757
 10
-561.316131853
 20
21.375015197
 10
-563.315673871
 20
25.887500085
 10
-563.367422484
 20
26.846810726
  0
LWPOLYLINE
  5
1100
330
A02
100
AcDbEntity
100
AcDbPolyline
  8
IsoView
 90
4
 70
0
 43
0
 10
-563.367422484
 20
26.846810726
 10
-561.778481104
 20
31.508047013
 10
-558.189266338
 20
34.950183765
 10
-556.720182464
 20
35.861194621
  0
LWPOLYLINE
  5
1101
330
A02
100
AcDbEntity
100
AcDbPolyline
  8
IsoView
 90
3
 70
0
 43
0
 10
-504.648954477
 20
49.860004635
 10
-500.192076563
 20
47.696067773
 10
-498.569492604
 20
44.535683286
  0
LWPOLYLINE
  5
1102
330
A02
100
AcDbEntity
100
AcDbPolyline
  8
IsoView
 90
4
 70
0
 43
0
 10
-563.001304587
 20
59.715315987
 10
-561.412363207
 20
64.376552274
 10
-557.823148441
 20
67.818689026
 10
-556.354064567
 20
68.729699883
  0
LINE
  5
1103
330
A02
100
AcDbEntity
  8
IsoView
100
AcDbLine
 10
-508.155167753
 20
95.781101383
 30
0.000000000
 11
-505.183303656
 21
362.582400976
 31
0.000000000
  0
LINE
  5
1104
330
A02
100
AcDbEntity
  8
IsoView
100
AcDbLine
 10
-483.759983803
 20
81.696535362
 30
0.000000000
 11
-480.788119706
 21
348.497834955
 31
0.000000000
  0
LINE
  5
1105
330
A02
100
AcDbEntity
  8
IsoView
100
AcDbLine
 10
-505.183303656
 20
362.582400976
 30
0.000000000
 11
-480.788119706
 21
348.497834955
 31
0.000000000
  0
LINE
  5
1106
330
A02
100
AcDbEntity
  8
IsoView
100
AcDbLine
 10
-532.547682749
 20
82.118464159
 30
0.000000000
 11
-529.576443780
 21
348.863642469
 31
0.000000000
  0
LINE
  5
1107
330
A02
100
AcDbEntity
  8
IsoView
100
AcDbLine
 10
-529.576443780
 20
348.863642469
 30
0.000000000
 11
-505.183303656
 21
362.582400976
 31
0.000000000
  0
LWPOLYLINE
  5
1108
330
A02
100
AcDbEntity
100
AcDbPolyline
  8
IsoView
 90
8
 70
0
 43
0
 10
-559.441095014
 20
136.926230278
 10
-557.686037797
 20
141.509985395
 10
-553.874192264
 20
144.702038319
 10
-549.299565653
 20
146.694137241
 10
-544.424536452
 20
147.778669467
 10
-539.439320667
 20
148.100492339
 10
-534.459489326
 20
147.703620516
 10
-531.822930356
 20
147.183646847
  0
LWPOLYLINE
  5
1109
330
A02
100
AcDbEntity
100
AcDbPolyline
  8
IsoView
 90
2
 70
0
 43
0
 10
-501.782122903
 20
31.419720895
 10
-502.305593680
 20
31.694483232
  0
LWPOLYLINE
  5
110A
330
A02
100
AcDbEntity
100
AcDbPolyline
  8
IsoView
 90
10
 70
0
 43
0
 10
-156.502811948
 20
1210.985587895
 10
-155.975670355
 20
1215.957145559
 10
-155.722454790
 20
1220.950037339
 10
-155.772576708
 20
1225.948933247
 10
-156.161352368
 20
1230.932715080
 10
-156.930780672
 20
1235.871748484
 10
-158.129718140
 20
1240.723980297
 10
-159.812533478
 20
1245.429665291
 10
-162.034285547
 20
1249.905227484
 10
-162.059379337
 20
1249.948442105
  0
LWPOLYLINE
  5
110B
330
A02
100
AcDbEntity
100
AcDbPolyline
  8
IsoView
 90
10
 70
0
 43
0
 10
-161.739229039
 20
1250.698090855
 10
-159.432938073
 20
1246.265619943
 10
-157.670251497
 20
1241.589359111
 10
-156.397358485
 20
1236.756067829
 10
-155.559962904
 20
1231.828150250
 10
-155.108718157
 20
1226.849669674
 10
-155.000958658
 20
1221.851708443
 10
-155.200668780
 20
1216.856408066
 10
-155.677768343
 20
1211.879811595
 10
-156.046742161
 20
1209.171210846
  0
LWPOLYLINE
  5
110C
330
A02
100
AcDbEntity
100
AcDbPolyline
  8
IsoView
 90
6
 70
0
 43
0
 10
-242.021547738
 20
1202.348213325
 10
-239.297534049
 20
1206.531569187
 10
-235.760856219
 20
1210.049722048
 10
-231.371441300
 20
1212.381402078
 10
-226.517335782
 20
1212.015371214
 10
-226.480499389
 20
1211.994311606
  0
LWPOLYLINE
  5
110D
330
A02
100
AcDbEntity
100
AcDbPolyline
  8
IsoView
 90
5
 70
0
 43
0
 10
-226.480499389
 20
1211.994311606
 10
-223.710249196
 20
1207.993301251
 10
-223.518721668
 20
1203.027043981
 10
-224.787506150
 20
1198.202620668
 10
-225.939451040
 20
1195.659647773
  0
LWPOLYLINE
  5
110E
330
A02
100
AcDbEntity
100
AcDbPolyline
  8
IsoView
 90
2
 70
0
 43
0
 10
-225.968942799
 20
1211.655608739
 10
-225.419839217
 20
1211.381939170
  0
LWPOLYLINE
  5
110F
330
A02
100
AcDbEntity
100
AcDbPolyline
  8
IsoView
 90
2
 70
0
 43
0
 10
-225.419839217
 20
1211.381939170
 10
-225.240544728
 20
1211.273351432
  0
LWPOLYLINE
  5
1110
330
A02
100
AcDbEntity
100
AcDbPolyline
  8
IsoView
 90
5
 70
0
 43
0
 10
-242.021547738
 20
1202.348213325
 10
-243.872308557
 20
1197.712833763
 10
-244.586735390
 20
1192.780489371
 10
-243.424433319
 20
1187.976301139
 10
-241.480610447
 20
1186.013613716
  0
LWPOLYLINE
  5
1111
330
A02
100
AcDbEntity
100
AcDbPolyline
  8
IsoView
 90
6
 70
0
 43
0
 10
-241.480610447
 20
1186.013613716
 10
-236.630515206
 20
1185.614914792
 10
-232.233824732
 20
1187.932137447
 10
-228.690130949
 20
1191.443134747
 10
-225.959139061
 20
1195.621927681
 10
-225.939451040
 20
1195.659647773
  0
LWPOLYLINE
  5
1112
330
A02
100
AcDbEntity
100
AcDbPolyline
  8
IsoView
 90
2
 70
0
 43
0
 10
-240.236152233
 20
1185.300197343
 10
-240.419839217
 20
1185.401177057
  0
LWPOLYLINE
  5
1113
330
A02
100
AcDbEntity
100
AcDbPolyline
  8
IsoView
 90
2
 70
0
 43
0
 10
-240.419839217
 20
1185.401177057
 10
-240.931398455
 20
1185.739881919
  0
LWPOLYLINE
  5
1114
330
A02
100
AcDbEntity
100
AcDbPolyline
  8
IsoView
 90
2
 70
0
 43
0
 10
-170.414762791
 20
1267.373938811
 10
-169.848235706
 20
1267.054899839
  0
LWPOLYLINE
  5
1115
330
A02
100
AcDbEntity
100
AcDbPolyline
  8
IsoView
 90
2
 70
0
 43
0
 10
-169.848235706
 20
1267.054899839
 10
-169.288676277
 20
1266.723792458
  0
LWPOLYLINE
  5
1116
330
A02
100
AcDbEntity
100
AcDbPolyline
  8
IsoView
 90
3
 70
0
 43
0
 10
-167.301671730
 20
1261.517493038
 10
-168.620392248
 20
1266.192662386
 10
-169.288676277
 20
1266.723792458
  0
LWPOLYLINE
  5
1117
330
A02
100
AcDbEntity
100
AcDbPolyline
  8
IsoView
 90
9
 70
0
 43
0
 10
-162.488648206
 20
1250.045835574
 10
-160.215736292
 20
1245.596168283
 10
-158.488634268
 20
1240.906647460
 10
-157.252133922
 20
1236.063912967
 10
-156.451110567
 20
1231.129946983
 10
-156.035792115
 20
1226.148335810
 10
-155.963338448
 20
1221.149734339
 10
-156.197704643
 20
1216.155937277
 10
-156.487044522
 20
1213.038799918
  0
LWPOLYLINE
  5
1118
330
A02
100
AcDbEntity
100
AcDbPolyline
  8
IsoView
 90
3
 70
0
 43
0
 10
-155.130928081
 20
1207.819828716
 10
-156.535030242
 20
1212.462369592
 10
-156.487044522
 20
1213.038799918
  0
LWPOLYLINE
  5
1119
330
A02
100
AcDbEntity
100
AcDbPolyline
  8
IsoView
 90
3
 70
0
 43
0
 10
-155.130928081
 20
1207.819828716
 10
-153.726825940
 20
1203.177287832
 10
-154.045535906
 20
1201.057158761
  0
LWPOLYLINE
  5
111A
330
A02
100
AcDbEntity
100
AcDbPolyline
  8
IsoView
 90
2
 70
0
 43
0
 10
-154.045535906
 20
1201.057158761
 10
-154.563981134
 20
1198.960775840
  0
LWPOLYLINE
  5
111B
330
A02
100
AcDbEntity
100
AcDbPolyline
  8
IsoView
 90
16
 70
0
 43
0
 10
-194.233917560
 20
1130.249808834
 10
-197.876008761
 20
1126.824630704
 10
-201.655986368
 20
1123.552320745
 10
-205.576032541
 20
1120.449270090
 10
-209.638381298
 20
1117.535118754
 10
-213.845004487
 20
1114.833580170
 10
-218.197084787
 20
1112.373480160
 10
-222.694139868
 20
1110.190034424
 10
-227.332587388
 20
1108.326344871
 10
-232.103448135
 20
1106.835001705
 10
-236.988753978
 20
1105.779329228
 10
-241.956287091
 20
1105.233312598
 10
-246.952751850
 20
1105.278224498
 10
-251.897114293
 20
1105.993038302
 10
-256.678862278
 20
1107.436689809
 10
-260.848196023
 20
1109.438371358
  0
LWPOLYLINE
  5
111C
330
A02
100
AcDbEntity
100
AcDbPolyline
  8
IsoView
 90
3
 70
0
 43
0
 10
-180.095671141
 20
1272.963213854
 10
-178.859543457
 20
1268.506440635
 10
-179.230614875
 20
1267.482903708
  0
LWPOLYLINE
  5
111D
330
A02
100
AcDbEntity
100
AcDbPolyline
  8
IsoView
 90
3
 70
0
 43
0
 10
-179.230615810
 20
1267.482904628
 10
-179.429641111
 20
1262.836338546
 10
-179.394727271
 20
1262.796726173
  0
LWPOLYLINE
  5
111E
330
A02
100
AcDbEntity
100
AcDbPolyline
  8
IsoView
 90
3
 70
0
 43
0
 10
-169.602144793
 20
1220.610806590
 10
-168.239509488
 20
1215.931767002
 10
-166.967402020
 20
1214.653621268
  0
LWPOLYLINE
  5
111F
330
A02
100
AcDbEntity
100
AcDbPolyline
  8
IsoView
 90
3
 70
0
 43
0
 10
-166.967396756
 20
1214.653617096
 10
-164.665114194
 20
1210.349079127
 10
-164.852527052
 20
1207.296581904
  0
LWPOLYLINE
  5
1120
330
A02
100
AcDbEntity
100
AcDbPolyline
  8
IsoView
 90
2
 70
0
 43
0
 10
-232.885508541
 20
1124.316246398
 10
-232.718882292
 20
1126.519932522
  0
LWPOLYLINE
  5
1121
330
A02
100
AcDbEntity
100
AcDbPolyline
  8
IsoView
 90
2
 70
0
 43
0
 10
-232.718882292
 20
1126.519932521
 10
-232.568731408
 20
1126.836491849
  0
LWPOLYLINE
  5
1122
330
A02
100
AcDbEntity
100
AcDbPolyline
  8
IsoView
 90
2
 70
0
 43
0
 10
-232.568731409
 20
1126.836491848
 10
-231.489558153
 20
1128.193322267
  0
LWPOLYLINE
  5
1123
330
A02
100
AcDbEntity
100
AcDbPolyline
  8
IsoView
 90
2
 70
0
 43
0
 10
-175.671237567
 20
1198.233389047
 10
-175.213339585
 20
1200.215712869
  0
LWPOLYLINE
  5
1124
330
A02
100
AcDbEntity
100
AcDbPolyline
  8
IsoView
 90
2
 70
0
 43
0
 10
-175.213339585
 20
1200.215712869
 10
-172.936103478
 20
1202.111183641
  0
LWPOLYLINE
  5
1125
330
A02
100
AcDbEntity
100
AcDbPolyline
  8
IsoView
 90
2
 70
0
 43
0
 10
-181.445244091
 20
1268.420653422
 10
-179.230615711
 20
1267.482904991
  0
LWPOLYLINE
  5
1126
330
A02
100
AcDbEntity
100
AcDbPolyline
  8
IsoView
 90
2
 70
0
 43
0
 10
-181.445244091
 20
1268.420653422
 10
-181.961866227
 20
1272.707358189
  0
LWPOLYLINE
  5
1127
330
A02
100
AcDbEntity
100
AcDbPolyline
  8
IsoView
 90
3
 70
0
 43
0
 10
-181.350998198
 20
1262.615965800
 10
-181.925654945
 20
1267.328492267
 10
-181.445244772
 20
1268.420654619
  0
LWPOLYLINE
  5
1128
330
A02
100
AcDbEntity
100
AcDbPolyline
  8
IsoView
 90
3
 70
0
 43
0
 10
-168.797793535
 20
1213.936096991
 10
-171.481385404
 20
1218.057923982
 10
-171.693033676
 20
1221.009975306
  0
LWPOLYLINE
  5
1129
330
A02
100
AcDbEntity
100
AcDbPolyline
  8
IsoView
 90
2
 70
0
 43
0
 10
-168.797793535
 20
1213.936096991
 10
-166.967398089
 20
1214.653622649
  0
LWPOLYLINE
  5
112A
330
A02
100
AcDbEntity
100
AcDbPolyline
  8
IsoView
 90
3
 70
0
 43
0
 10
-166.912148455
 20
1207.874044121
 10
-167.662005121
 20
1212.676366738
 10
-168.797793619
 20
1213.936097101
  0
LWPOLYLINE
  5
112B
330
A02
100
AcDbEntity
100
AcDbPolyline
  8
IsoView
 90
2
 70
0
 43
0
 10
-285.292460112
 20
1146.133252050
 10
-284.465935543
 20
1148.564496587
  0
LWPOLYLINE
  5
112C
330
A02
100
AcDbEntity
100
AcDbPolyline
  8
IsoView
 90
2
 70
0
 43
0
 10
-233.900222714
 20
1126.735611927
 10
-231.632303726
 20
1129.741220740
  0
LWPOLYLINE
  5
112D
330
A02
100
AcDbEntity
100
AcDbPolyline
  8
IsoView
 90
2
 70
0
 43
0
 10
-233.900222714
 20
1126.735611927
 10
-234.358849492
 20
1123.425483881
  0
LWPOLYLINE
  5
112E
330
A02
100
AcDbEntity
100
AcDbPolyline
  8
IsoView
 90
3
 70
0
 43
0
 10
-177.097875079
 20
1197.679691946
 10
-175.231967760
 20
1202.214950211
 10
-173.132203676
 20
1203.767524248
  0
LWPOLYLINE
  5
112F
330
A02
100
AcDbEntity
100
AcDbPolyline
  8
IsoView
 90
2
 70
0
 43
0
 10
-190.363770414
 20
1269.062980578
 10
-192.140988628
 20
1266.236869090
  0
LWPOLYLINE
  5
1130
330
A02
100
AcDbEntity
100
AcDbPolyline
  8
IsoView
 90
2
 70
0
 43
0
 10
-190.363770414
 20
1269.062980578
 10
-188.673023615
 20
1270.244022379
  0
LWPOLYLINE
  5
1131
330
A02
100
AcDbEntity
100
AcDbPolyline
  8
IsoView
 90
4
 70
0
 43
0
 10
-285.828993283
 20
1154.375198754
 10
-287.676397340
 20
1149.801918869
 10
-287.202673720
 20
1144.950515414
 10
-287.034012658
 20
1144.819530390
  0
LWPOLYLINE
  5
1132
330
A02
100
AcDbEntity
100
AcDbPolyline
  8
IsoView
 90
2
 70
0
 43
0
 10
-287.034012658
 20
1144.819530390
 10
-286.107380981
 20
1145.002656690
  0
LWPOLYLINE
  5
1133
330
A02
100
AcDbEntity
100
AcDbPolyline
  8
IsoView
 90
2
 70
0
 43
0
 10
-285.828993283
 20
1154.375198754
 10
-284.947838762
 20
1154.584522398
  0
LWPOLYLINE
  5
1134
330
A02
100
AcDbEntity
100
AcDbPolyline
  8
IsoView
 90
4
 70
0
 43
0
 10
-284.947838762
 20
1154.584522398
 10
-284.248111864
 20
1149.800100921
 10
-285.939816250
 20
1145.162550770
 10
-286.107380981
 20
1145.002656690
  0
LWPOLYLINE
  5
1135
330
A02
100
AcDbEntity
100
AcDbPolyline
  8
IsoView
 90
2
 70
0
 43
0
 10
-257.457829416
 20
1238.697783156
 10
-257.309774903
 20
1240.043542483
  0
LWPOLYLINE
  5
1136
330
A02
100
AcDbEntity
100
AcDbPolyline
  8
IsoView
 90
3
 70
0
 43
0
 10
-257.309774903
 20
1240.043542483
 10
-260.881776710
 20
1236.756756989
 10
-262.668389242
 20
1233.598969760
  0
LWPOLYLINE
  5
1137
330
A02
100
AcDbEntity
100
AcDbPolyline
  8
IsoView
 90
3
 70
0
 43
0
 10
-257.457829416
 20
1238.697783156
 10
-260.137647433
 20
1234.492243554
 10
-262.800511767
 20
1232.243990340
  0
LWPOLYLINE
  5
1138
330
A02
100
AcDbEntity
100
AcDbPolyline
  8
IsoView
 90
2
 70
0
 43
0
 10
-262.800511767
 20
1232.243990340
 10
-262.668389242
 20
1233.598969760
  0
LWPOLYLINE
  5
1139
330
A02
100
AcDbEntity
100
AcDbPolyline
  8
IsoView
 90
3
 70
0
 43
0
 10
-192.730569941
 20
1265.906666472
 10
-189.056256037
 20
1269.202301553
 10
-189.263821081
 20
1271.651108586
  0
LWPOLYLINE
  5
113A
330
A02
100
AcDbEntity
100
AcDbPolyline
  8
IsoView
 90
2
 70
0
 43
0
 10
-189.263821081
 20
1271.651108586
 10
-193.599857503
 20
1270.931336331
  0
LWPOLYLINE
  5
113B
330
A02
100
AcDbEntity
100
AcDbPolyline
  8
IsoView
 90
2
 70
0
 43
0
 10
-192.730569941
 20
1265.906666472
 10
-197.137129200
 20
1265.227500445
  0
LWPOLYLINE
  5
113C
330
A02
100
AcDbEntity
100
AcDbPolyline
  8
IsoView
 90
3
 70
0
 43
0
 10
-197.137129200
 20
1265.227500445
 10
-195.806704369
 20
1269.377561897
 10
-193.599857503
 20
1270.931336331
  0
LWPOLYLINE
  5
113D
330
A02
100
AcDbEntity
100
AcDbPolyline
  8
IsoView
 90
2
 70
0
 43
0
 10
-181.098087453
 20
1198.400096757
 10
-180.689633712
 20
1198.130514748
  0
LWPOLYLINE
  5
113E
330
A02
100
AcDbEntity
100
AcDbPolyline
  8
IsoView
 90
4
 70
0
 43
0
 10
-180.689633712
 20
1198.130514748
 10
-175.885900429
 20
1198.120907792
 10
-172.957081341
 20
1201.939512461
 10
-174.352149074
 20
1205.407694681
  0
LWPOLYLINE
  5
113F
330
A02
100
AcDbEntity
100
AcDbPolyline
  8
IsoView
 90
4
 70
0
 43
0
 10
-181.098087453
 20
1198.400096757
 10
-182.306019390
 20
1202.881069495
 10
-178.654658277
 20
1206.044566561
 10
-174.752702516
 20
1205.672744374
  0
LWPOLYLINE
  5
1140
330
A02
100
AcDbEntity
100
AcDbPolyline
  8
IsoView
 90
2
 70
0
 43
0
 10
-174.752702516
 20
1205.672744374
 10
-174.352149074
 20
1205.407694681
  0
LWPOLYLINE
  5
1141
330
A02
100
AcDbEntity
100
AcDbPolyline
  8
IsoView
 90
3
 70
0
 43
0
 10
-238.636077378
 20
1129.469858892
 10
-237.393696893
 20
1124.736799645
 10
-236.278012784
 20
1123.731297291
  0
LWPOLYLINE
  5
1142
330
A02
100
AcDbEntity
100
AcDbPolyline
  8
IsoView
 90
3
 70
0
 43
0
 10
-236.278012784
 20
1123.731297291
 10
-232.164145132
 20
1125.346566911
 10
-231.524942799
 20
1127.579490505
  0
LWPOLYLINE
  5
1143
330
A02
100
AcDbEntity
100
AcDbPolyline
  8
IsoView
 90
3
 70
0
 43
0
 10
-238.636077378
 20
1129.469858892
 10
-236.207813098
 20
1133.559793547
 10
-233.915364146
 20
1133.336755376
  0
LWPOLYLINE
  5
1144
330
A02
100
AcDbEntity
100
AcDbPolyline
  8
IsoView
 90
3
 70
0
 43
0
 10
-233.915364146
 20
1133.336755376
 10
-231.536306972
 20
1129.132682048
 10
-231.524942799
 20
1127.579490505
  0
LWPOLYLINE
  5
1145
330
A02
100
AcDbEntity
100
AcDbPolyline
  8
IsoView
 90
4
 70
0
 43
0
 10
-230.190011171
 20
1189.579032836
 10
-234.119909142
 20
1186.513738297
 10
-238.865857624
 20
1185.128759273
 10
-241.580499389
 20
1185.840344412
  0
LWPOLYLINE
  5
1146
330
A02
100
AcDbEntity
100
AcDbPolyline
  8
IsoView
 90
5
 70
0
 43
0
 10
-241.580499389
 20
1185.840344412
 10
-244.370891446
 20
1189.830185214
 10
-244.598912535
 20
1194.794949504
 10
-243.367490864
 20
1199.629113836
 10
-242.128761716
 20
1202.392803762
  0
LWPOLYLINE
  5
1147
330
A02
100
AcDbEntity
100
AcDbPolyline
  8
IsoView
 90
3
 70
0
 43
0
 10
-242.128761716
 20
1202.392803762
 10
-239.410078547
 20
1206.579883301
 10
-237.770987607
 20
1208.428828262
  0
LWPOLYLINE
  5
1148
330
A02
100
AcDbEntity
100
AcDbPolyline
  8
IsoView
 90
4
 70
0
 43
0
 10
-237.770987607
 20
1208.428828262
 10
-233.841089636
 20
1211.494122801
 10
-229.095141154
 20
1212.879101826
 10
-226.380499390
 20
1212.167516686
  0
LWPOLYLINE
  5
1149
330
A02
100
AcDbEntity
100
AcDbPolyline
  8
IsoView
 90
7
 70
0
 43
0
 10
-226.380499390
 20
1212.167516686
 10
-223.590107332
 20
1208.177675884
 10
-223.362086243
 20
1203.212911595
 10
-224.593507914
 20
1198.378747262
 10
-226.806751920
 20
1193.903953522
 10
-229.841049254
 20
1189.940462181
 10
-230.190011171
 20
1189.579032836
  0
LWPOLYLINE
  5
114A
330
A02
100
AcDbEntity
100
AcDbPolyline
  8
IsoView
 90
2
 70
0
 43
0
 10
-241.659609700
 20
1186.122021183
 10
-241.031357233
 20
1185.566123924
  0
LWPOLYLINE
  5
114B
330
A02
100
AcDbEntity
100
AcDbPolyline
  8
IsoView
 90
2
 70
0
 43
0
 10
-226.664186377
 20
1212.095291321
 10
-225.868695176
 20
1211.829242724
  0
LWPOLYLINE
  5
114C
330
A02
100
AcDbEntity
100
AcDbPolyline
  8
IsoView
 90
2
 70
0
 43
0
 10
-149.295603757
 20
1247.246230602
 10
-150.104649356
 20
1247.162065030
  0
LWPOLYLINE
  5
114D
330
A02
100
AcDbEntity
100
AcDbPolyline
  8
IsoView
 90
2
 70
0
 43
0
 10
-150.104649356
 20
1247.162065030
 10
-150.248616178
 20
1247.268790095
  0
LWPOLYLINE
  5
114E
330
A02
100
AcDbEntity
100
AcDbPolyline
  8
IsoView
 90
54
 70
0
 43
0
 10
-294.066950761
 20
1121.132155438
 10
-295.728760826
 20
1125.846309308
 10
-297.006223106
 20
1130.679122549
 10
-297.933653389
 20
1135.591379626
 10
-298.542974846
 20
1140.553330014
 10
-298.862857916
 20
1145.542447199
 10
-298.918547748
 20
1150.541604995
 10
-298.732034719
 20
1155.537674860
 10
-298.322370049
 20
1160.520476802
 10
-297.706021471
 20
1165.482004469
 10
-296.897217744
 20
1170.415854547
 10
-295.908260017
 20
1175.316805488
 10
-294.749793116
 20
1180.180504374
 10
-293.431037096
 20
1185.003231871
 10
-291.959982569
 20
1189.781723528
 10
-290.343554380
 20
1194.513031772
 10
-288.587748235
 20
1199.194417232
 10
-286.697744542
 20
1203.823261146
 10
-284.678003131
 20
1208.396992691
 10
-282.532341999
 20
1212.913026645
 10
-280.264002681
 20
1217.368707812
 10
-277.875704451
 20
1221.761259339
 10
-275.369689122
 20
1226.087732553
 10
-272.747758003
 20
1230.344956199
 10
-270.011302285
 20
1234.529483078
 10
-267.161328013
 20
1238.637532088
 10
-264.198476725
 20
1242.664923530
 10
-261.123042819
 20
1246.607005254
 10
-257.934988847
 20
1250.458566865
 10
-254.633960132
 20
1254.213738574
 10
-251.219300561
 20
1257.865870590
 10
-247.690072067
 20
1261.407387884
 10
-244.045081390
 20
1264.829613956
 10
-240.282919379
 20
1268.122555587
 10
-236.402020682
 20
1271.274638707
 10
-232.400755590
 20
1274.272383361
 10
-228.277571856
 20
1277.100003673
 10
-224.031213505
 20
1279.738917409
 10
-219.661057463
 20
1282.167150874
 10
-215.167629100
 20
1284.358631837
 10
-210.553386147
 20
1286.282382905
 10
-205.823896237
 20
1287.901673043
 10
-200.989568474
 20
1289.173277826
 10
-196.068105827
 20
1290.047171246
 10
-191.087752313
 20
1290.467251161
 10
-186.091080530
 20
1290.374054765
 10
-181.138331909
 20
1289.710624118
 10
-176.308216664
 20
1288.432157243
 10
-171.693358657
 20
1286.518101083
 10
-167.388881623
 20
1283.982228803
 10
-163.476780370
 20
1280.874759666
 10
-160.012782662
 20
1277.273949277
 10
-157.021569583
 20
1273.271048880
 10
-155.331927749
 20
1270.498908317
  0
LWPOLYLINE
  5
114F
330
A02
100
AcDbEntity
100
AcDbPolyline
  8
IsoView
 90
55
 70
0
 43
0
 10
-295.911073991
 20
1121.297664121
 10
-297.574453714
 20
1126.011288274
 10
-298.856257446
 20
1130.842968155
 10
-299.790281847
 20
1135.753986972
 10
-300.408005562
 20
1140.714906347
 10
-300.737739978
 20
1145.703387961
 10
-300.804449974
 20
1150.702415236
 10
-300.629911856
 20
1155.698921206
 10
-300.233015900
 20
1160.682759251
 10
-299.630110582
 20
1165.645940774
 10
-298.835337810
 20
1170.582072517
 10
-297.860937037
 20
1175.485940270
 10
-296.717511017
 20
1180.353198880
 10
-295.414253194
 20
1185.180139245
 10
-293.959139917
 20
1189.963510993
 10
-292.359091801
 20
1194.700385471
 10
-290.620108671
 20
1199.388047899
 10
-288.747382161
 20
1204.023910521
 10
-286.745389559
 20
1208.605440719
 10
-284.617971949
 20
1213.130099546
 10
-282.368399189
 20
1217.595287168
 10
-279.999423873
 20
1221.998292409
 10
-277.513326033
 20
1226.336244081
 10
-274.911950073
 20
1230.606062039
 10
-272.196735207
 20
1234.804406067
 10
-269.368740500
 20
1238.927620681
 10
-266.428665563
 20
1242.971673848
 10
-263.376867901
 20
1246.932087379
 10
-260.213378029
 20
1250.803856412
 10
-256.937913632
 20
1254.581354874
 10
-253.549894431
 20
1258.258223159
 10
-250.048459975
 20
1261.827233348
 10
-246.432493512
 20
1265.280126167
 10
-242.700656524
 20
1268.607412450
 10
-238.851440687
 20
1271.798130149
 10
-234.883247397
 20
1274.839545951
 10
-230.794510100
 20
1277.716788531
 10
-226.583882474
 20
1280.412398966
 10
-222.250527235
 20
1282.905783986
 10
-217.794557605
 20
1285.172562360
 10
-213.217708049
 20
1287.183808879
 10
-208.524343022
 20
1288.905234358
 10
-203.722947595
 20
1290.296411420
 10
-198.828263284
 20
1291.310291852
 10
-193.864185632
 20
1291.893492170
 10
-188.867320803
 20
1291.988147794
 10
-183.890546897
 20
1291.536420741
 10
-179.004964236
 20
1290.488570912
 10
-174.297658257
 20
1288.814163268
 10
-169.863052127
 20
1286.513242219
 10
-165.788672928
 20
1283.621886710
 10
-162.140618473
 20
1280.207873935
 10
-158.955360171
 20
1276.357821131
 10
-156.240514158
 20
1272.162125661
 10
-155.694790184
 20
1271.181795910
  0
LWPOLYLINE
  5
1150
330
A02
100
AcDbEntity
100
AcDbPolyline
  8
IsoView
 90
3
 70
0
 43
0
 10
-155.694790184
 20
1271.181795910
 10
-153.535079567
 20
1266.674467904
 10
-153.181691838
 20
1265.816617605
  0
LWPOLYLINE
  5
1151
330
A02
100
AcDbEntity
100
AcDbPolyline
  8
IsoView
 90
11
 70
0
 43
0
 10
-256.572680558
 20
1095.144780653
 10
-261.565394729
 20
1095.361578562
 10
-266.498026603
 20
1096.160164698
 10
-271.288096546
 20
1097.580959562
 10
-275.841194330
 20
1099.637476100
 10
-280.063755017
 20
1102.307546764
 10
-283.878784085
 20
1105.533569876
 10
-287.237472091
 20
1109.232961279
 10
-290.121824625
 20
1113.313689945
 10
-292.539258516
 20
1117.687848314
 10
-294.066950761
 20
1121.132155438
  0
LWPOLYLINE
  5
1152
330
A02
100
AcDbEntity
100
AcDbPolyline
  8
IsoView
 90
46
 70
0
 43
0
 10
-153.181691838
 20
1265.816617605
 10
-151.518312116
 20
1261.102993452
 10
-150.236508384
 20
1256.271313571
 10
-149.302483983
 20
1251.360294754
 10
-148.684760268
 20
1246.399375379
 10
-148.355025852
 20
1241.410893765
 10
-148.288315855
 20
1236.411866490
 10
-148.462853973
 20
1231.415360520
 10
-148.859749929
 20
1226.431522475
 10
-149.462655247
 20
1221.468340952
 10
-150.257428019
 20
1216.532209209
 10
-151.231828793
 20
1211.628341456
 10
-152.375254812
 20
1206.761082846
 10
-153.678512635
 20
1201.934142481
 10
-155.133625913
 20
1197.150770733
 10
-156.733674028
 20
1192.413896255
 10
-158.472657158
 20
1187.726233827
 10
-160.345383669
 20
1183.090371205
 10
-162.347376270
 20
1178.508841007
 10
-164.474793880
 20
1173.984182180
 10
-166.724366640
 20
1169.518994558
 10
-169.093341956
 20
1165.115989317
 10
-171.579439797
 20
1160.778037645
 10
-174.180815756
 20
1156.508219687
 10
-176.896030622
 20
1152.309875659
 10
-179.724025329
 20
1148.186661045
 10
-182.664100266
 20
1144.142607878
 10
-185.715897928
 20
1140.182194347
 10
-188.879387801
 20
1136.310425314
 10
-192.154852198
 20
1132.532926853
 10
-195.542871399
 20
1128.856058567
 10
-199.044305854
 20
1125.287048378
 10
-202.660272317
 20
1121.834155559
 10
-206.392109306
 20
1118.506869276
 10
-210.241325143
 20
1115.316151577
 10
-214.209518432
 20
1112.274735776
 10
-218.298255730
 20
1109.397493195
 10
-222.508883355
 20
1106.701882760
 10
-226.842238594
 20
1104.208497740
 10
-231.298208225
 20
1101.941719366
 10
-235.875057781
 20
1099.930472847
 10
-240.568422808
 20
1098.209047369
 10
-245.369818234
 20
1096.817870306
 10
-250.264502545
 20
1095.803989874
 10
-255.228580198
 20
1095.220789556
 10
-257.345509780
 20
1095.117584943
  0
LWPOLYLINE
  5
1153
330
A02
100
AcDbEntity
100
AcDbPolyline
  8
IsoView
 90
11
 70
0
 43
0
 10
-257.345509780
 20
1095.117584943
 10
-262.341358579
 20
1095.247732997
 10
-267.289198266
 20
1095.946935906
 10
-272.110538684
 20
1097.258224717
 10
-276.713733987
 20
1099.200290657
 10
-281.005366840
 20
1101.757967400
 10
-284.905458101
 20
1104.880609448
 10
-288.359995713
 20
1108.490586848
 10
-291.345302213
 20
1112.497960761
 10
-293.864065483
 20
1116.814477112
 10
-295.911073991
 20
1121.297664121
  0
LWPOLYLINE
  5
1154
330
A02
100
AcDbEntity
100
AcDbPolyline
  8
IsoView
 90
2
 70
0
 43
0
 10
-159.831969200
 20
1271.026019445
 10
-157.719369142
 20
1271.413705865
  0
LWPOLYLINE
  5
1155
330
A02
100
AcDbEntity
100
AcDbPolyline
  8
IsoView
 90
3
 70
0
 43
0
 10
-157.719369142
 20
1271.413705865
 10
-161.219149563
 20
1274.650910868
 10
-162.244802292
 20
1274.994342129
  0
LWPOLYLINE
  5
1156
330
A02
100
AcDbEntity
100
AcDbPolyline
  8
IsoView
 90
2
 70
0
 43
0
 10
-161.389608544
 20
1256.841027063
 10
-161.179014652
 20
1256.033588919
  0
LWPOLYLINE
  5
1157
330
A02
100
AcDbEntity
100
AcDbPolyline
  8
IsoView
 90
2
 70
0
 43
0
 10
-161.179014652
 20
1256.033588919
 10
-162.543184282
 20
1255.510722623
  0
LWPOLYLINE
  5
1158
330
A02
100
AcDbEntity
100
AcDbPolyline
  8
IsoView
 90
2
 70
0
 43
0
 10
-162.543184637
 20
1255.510721856
 10
-163.291590149
 20
1255.645910413
  0
LWPOLYLINE
  5
1159
330
A02
100
AcDbEntity
100
AcDbPolyline
  8
IsoView
 90
2
 70
0
 43
0
 10
-162.244802293
 20
1274.994342127
 10
-164.357073966
 20
1274.608070296
  0
LWPOLYLINE
  5
115A
330
A02
100
AcDbEntity
100
AcDbPolyline
  8
IsoView
 90
3
 70
0
 43
0
 10
-164.357073966
 20
1274.608070296
 10
-160.858944500
 20
1271.370001851
 10
-159.831969201
 20
1271.026019444
  0
LWPOLYLINE
  5
115B
330
A02
100
AcDbEntity
100
AcDbPolyline
  8
IsoView
 90
3
 70
0
 43
0
 10
-163.291589972
 20
1255.645911197
 10
-167.479556952
 20
1258.229552285
 10
-167.816998494
 20
1259.226553676
  0
LWPOLYLINE
  5
115C
330
A02
100
AcDbEntity
100
AcDbPolyline
  8
IsoView
 90
2
 70
0
 43
0
 10
-167.816998494
 20
1259.226553676
 10
-167.800356830
 20
1259.285632189
  0
LWPOLYLINE
  5
115D
330
A02
100
AcDbEntity
100
AcDbPolyline
  8
IsoView
 90
3
 70
0
 43
0
 10
-160.723881328
 20
1251.616546793
 10
-159.553145754
 20
1256.234699957
 10
-160.435138660
 20
1256.942896560
  0
LWPOLYLINE
  5
115E
330
A02
100
AcDbEntity
100
AcDbPolyline
  8
IsoView
 90
2
 70
0
 43
0
 10
-160.435138660
 20
1256.942896560
 10
-160.969441219
 20
1256.965271668
  0
LWPOLYLINE
  5
115F
330
A02
100
AcDbEntity
100
AcDbPolyline
  8
IsoView
 90
2
 70
0
 43
0
 10
-163.119628312
 20
1255.604894882
 10
-163.136714420
 20
1255.584869477
  0
LWPOLYLINE
  5
1160
330
A02
100
AcDbEntity
100
AcDbPolyline
  8
IsoView
 90
2
 70
0
 43
0
 10
-160.723910307
 20
1251.616550860
 10
-163.425562890
 20
1250.258404845
  0
LWPOLYLINE
  5
1161
330
A02
100
AcDbEntity
100
AcDbPolyline
  8
IsoView
 90
2
 70
0
 43
0
 10
-163.425562890
 20
1250.258404845
 10
-163.572430325
 20
1250.300787897
  0
LWPOLYLINE
  5
1162
330
A02
100
AcDbEntity
100
AcDbPolyline
  8
IsoView
 90
2
 70
0
 43
0
 10
-163.351581225
 20
1255.316560107
 10
-163.136741614
 20
1255.584875646
  0
LWPOLYLINE
  5
1163
330
A02
100
AcDbEntity
100
AcDbPolyline
  8
IsoView
 90
3
 70
0
 43
0
 10
-163.291590149
 20
1255.645910413
 10
-161.070178838
 20
1251.710943720
 10
-160.723909173
 20
1251.616553110
  0
LWPOLYLINE
  5
1164
330
A02
100
AcDbEntity
100
AcDbPolyline
  8
IsoView
 90
2
 70
0
 43
0
 10
-163.296373520
 20
1255.624378395
 10
-163.136714420
 20
1255.584869476
  0
LWPOLYLINE
  5
1165
330
A02
100
AcDbEntity
100
AcDbPolyline
  8
IsoView
 90
2
 70
0
 43
0
 10
-61.521298333
 20
1095.237172168
 10
-61.653380380
 20
1095.236917083
  0
LWPOLYLINE
  5
1166
330
A02
100
AcDbEntity
100
AcDbPolyline
  8
IsoView
 90
2
 70
0
 43
0
 10
-61.653380380
 20
1095.236917083
 10
-61.669905570
 20
1095.245077477
  0
LWPOLYLINE
  5
1167
330
A02
100
AcDbEntity
100
AcDbPolyline
  8
IsoView
 90
2
 70
0
 43
0
 10
-61.669905570
 20
1095.245077477
 10
-61.685235273
 20
1095.255308514
  0
LWPOLYLINE
  5
1168
330
A02
100
AcDbEntity
100
AcDbPolyline
  8
IsoView
 90
2
 70
0
 43
0
 10
-60.264650065
 20
1095.117069662
 10
-60.688454578
 20
1094.835603150
  0
LWPOLYLINE
  5
1169
330
A02
100
AcDbEntity
100
AcDbPolyline
  8
IsoView
 90
2
 70
0
 43
0
 10
-60.296504957
 20
1095.588045531
 10
-60.279979768
 20
1095.579885137
  0
LWPOLYLINE
  5
116A
330
A02
100
AcDbEntity
100
AcDbPolyline
  8
IsoView
 90
2
 70
0
 43
0
 10
-60.279979768
 20
1095.579885137
 10
-60.264650065
 20
1095.117069662
  0
LWPOLYLINE
  5
116B
330
A02
100
AcDbEntity
100
AcDbPolyline
  8
IsoView
 90
2
 70
0
 43
0
 10
-60.688454578
 20
1094.835603150
 10
-60.704979768
 20
1094.843763544
  0
LWPOLYLINE
  5
116C
330
A02
100
AcDbEntity
100
AcDbPolyline
  8
IsoView
 90
2
 70
0
 43
0
 10
-60.704979768
 20
1094.843763544
 10
-60.720309471
 20
1094.853994581
  0
LWPOLYLINE
  5
116D
330
A02
100
AcDbEntity
100
AcDbPolyline
  8
IsoView
 90
2
 70
0
 43
0
 10
-61.038835432
 20
1095.036515202
 10
-61.170917479
 20
1095.036260116
  0
LWPOLYLINE
  5
116E
330
A02
100
AcDbEntity
100
AcDbPolyline
  8
IsoView
 90
2
 70
0
 43
0
 10
-61.170917479
 20
1095.036260116
 10
-61.187442669
 20
1095.044420510
  0
LWPOLYLINE
  5
116F
330
A02
100
AcDbEntity
100
AcDbPolyline
  8
IsoView
 90
2
 70
0
 43
0
 10
-61.187442669
 20
1095.044420510
 10
-61.202772372
 20
1095.054651547
  0
LWPOLYLINE
  5
1170
330
A02
100
AcDbEntity
100
AcDbPolyline
  8
IsoView
 90
2
 70
0
 43
0
 10
-59.849644584
 20
1095.913773359
 10
-60.273449097
 20
1095.632306848
  0
LWPOLYLINE
  5
1171
330
A02
100
AcDbEntity
100
AcDbPolyline
  8
IsoView
 90
2
 70
0
 43
0
 10
-59.881499476
 20
1096.384749229
 10
-59.864974287
 20
1096.376588835
  0
LWPOLYLINE
  5
1172
330
A02
100
AcDbEntity
100
AcDbPolyline
  8
IsoView
 90
2
 70
0
 43
0
 10
-59.864974287
 20
1096.376588835
 10
-59.849644584
 20
1095.913773359
  0
LWPOLYLINE
  5
1173
330
A02
100
AcDbEntity
100
AcDbPolyline
  8
IsoView
 90
2
 70
0
 43
0
 10
-60.273449097
 20
1095.632306848
 10
-60.289974287
 20
1095.640467241
  0
LWPOLYLINE
  5
1174
330
A02
100
AcDbEntity
100
AcDbPolyline
  8
IsoView
 90
2
 70
0
 43
0
 10
-60.289974287
 20
1095.640467241
 10
-60.305303990
 20
1095.650698278
  0
LWPOLYLINE
  5
1175
330
A02
100
AcDbEntity
100
AcDbPolyline
  8
IsoView
 90
2
 70
0
 43
0
 10
-60.623829951
 20
1095.833218899
 10
-60.698039407
 20
1095.821251982
  0
LWPOLYLINE
  5
1176
330
A02
100
AcDbEntity
100
AcDbPolyline
  8
IsoView
 90
2
 70
0
 43
0
 10
-60.208824470
 20
1096.629922597
 10
-60.283033926
 20
1096.617955680
  0
LWPOLYLINE
  5
1177
330
A02
100
AcDbEntity
100
AcDbPolyline
  8
IsoView
 90
2
 70
0
 43
0
 10
-59.434639103
 20
1096.710477057
 10
-59.858443616
 20
1096.429010545
  0
LWPOLYLINE
  5
1178
330
A02
100
AcDbEntity
100
AcDbPolyline
  8
IsoView
 90
2
 70
0
 43
0
 10
-59.466493996
 20
1097.181452926
 10
-59.449968806
 20
1097.173292532
  0
LWPOLYLINE
  5
1179
330
A02
100
AcDbEntity
100
AcDbPolyline
  8
IsoView
 90
2
 70
0
 43
0
 10
-59.449968806
 20
1097.173292532
 10
-59.434639103
 20
1096.710477057
  0
LWPOLYLINE
  5
117A
330
A02
100
AcDbEntity
100
AcDbPolyline
  8
IsoView
 90
2
 70
0
 43
0
 10
-59.858443616
 20
1096.429010545
 10
-59.874968806
 20
1096.437170939
  0
LWPOLYLINE
  5
117B
330
A02
100
AcDbEntity
100
AcDbPolyline
  8
IsoView
 90
2
 70
0
 43
0
 10
-59.874968806
 20
1096.437170939
 10
-59.890298509
 20
1096.447401976
  0
LINE
  5
117C
330
A02
100
AcDbEntity
  8
IsoView
100
AcDbLine
 10
-57.187426458
 20
1101.807089624
 30
0.000000000
 11
-56.818532697
 21
1102.515270690
 31
0.000000000
  0
LINE
  5
117D
330
A02
100
AcDbEntity
  8
IsoView
100
AcDbLine
 10
-52.852153516
 20
1099.416630907
 30
0.000000000
 11
-52.500589488
 21
1100.091543344
 31
0.000000000
  0
LINE
  5
117E
330
A02
100
AcDbEntity
  8
IsoView
100
AcDbLine
 10
-56.758570546
 20
1101.628727876
 30
0.000000000
 11
-56.490535601
 21
1101.517251784
 31
0.000000000
  0
LINE
  5
117F
330
A02
100
AcDbEntity
  8
IsoView
100
AcDbLine
 10
-56.490535601
 20
1101.517251784
 30
0.000000000
 11
-50.833681352
 21
1098.251265460
 31
0.000000000
  0
LINE
  5
1180
330
A02
100
AcDbEntity
  8
IsoView
100
AcDbLine
 10
-59.706954941
 20
1102.854964894
 30
0.000000000
 11
-57.187426458
 21
1101.807089624
 31
0.000000000
  0
LINE
  5
1181
330
A02
100
AcDbEntity
  8
IsoView
100
AcDbLine
 10
-65.701478554
 20
1091.347022595
 30
0.000000000
 11
-63.208305502
 21
1096.133273092
 31
0.000000000
  0
LINE
  5
1182
330
A02
100
AcDbEntity
  8
IsoView
100
AcDbLine
 10
-61.922852248
 20
1098.601012453
 30
0.000000000
 11
-59.706954941
 21
1102.854964894
 31
0.000000000
  0
LINE
  5
1183
330
A02
100
AcDbEntity
  8
IsoView
100
AcDbLine
 10
-63.181950072
 20
1090.299147326
 30
0.000000000
 11
-65.701478554
 21
1091.347022595
 31
0.000000000
  0
LINE
  5
1184
330
A02
100
AcDbEntity
  8
IsoView
100
AcDbLine
 10
-63.181950072
 20
1090.299147326
 30
0.000000000
 11
-63.550843833
 21
1089.590966261
 31
0.000000000
  0
LINE
  5
1185
330
A02
100
AcDbEntity
  8
IsoView
100
AcDbLine
 10
-63.550843833
 20
1089.590966260
 30
0.000000000
 11
-63.121987921
 21
1089.412604512
 31
0.000000000
  0
LINE
  5
1186
330
A02
100
AcDbEntity
  8
IsoView
100
AcDbLine
 10
-62.753094160
 20
1090.120785578
 30
0.000000000
 11
-63.121987920
 21
1089.412604513
 31
0.000000000
  0
LINE
  5
1187
330
A02
100
AcDbEntity
  8
IsoView
100
AcDbLine
 10
-62.485059215
 20
1090.009309485
 30
0.000000000
 11
-62.753094160
 21
1090.120785578
 31
0.000000000
  0
LINE
  5
1188
330
A02
100
AcDbEntity
  8
IsoView
100
AcDbLine
 10
-56.490535601
 20
1101.517251784
 30
0.000000000
 11
-62.485059215
 21
1090.009309485
 31
0.000000000
  0
LINE
  5
1189
330
A02
100
AcDbEntity
  8
IsoView
100
AcDbLine
 10
-56.758570546
 20
1101.628727876
 30
0.000000000
 11
-56.389676785
 21
1102.336908941
 31
0.000000000
  0
LINE
  5
118A
330
A02
100
AcDbEntity
  8
IsoView
100
AcDbLine
 10
-56.389676785
 20
1102.336908941
 30
0.000000000
 11
-56.818532697
 21
1102.515270690
 31
0.000000000
  0
LINE
  5
118B
330
A02
100
AcDbEntity
  8
IsoView
100
AcDbLine
 10
-63.090623999
 20
1092.415175874
 30
0.000000000
 11
-63.643964640
 21
1091.352904277
 31
0.000000000
  0
LINE
  5
118C
330
A02
100
AcDbEntity
  8
IsoView
100
AcDbLine
 10
-63.090623999
 20
1092.415175874
 30
0.000000000
 11
-61.830859758
 21
1091.891238239
 31
0.000000000
  0
LINE
  5
118D
330
A02
100
AcDbEntity
  8
IsoView
100
AcDbLine
 10
-62.384200398
 20
1090.828966643
 30
0.000000000
 11
-61.830859757
 21
1091.891238239
 31
0.000000000
  0
LINE
  5
118E
330
A02
100
AcDbEntity
  8
IsoView
100
AcDbLine
 10
-62.384200399
 20
1090.828966643
 30
0.000000000
 11
-63.643964640
 21
1091.352904278
 31
0.000000000
  0
LINE
  5
118F
330
A02
100
AcDbEntity
  8
IsoView
100
AcDbLine
 10
-64.511209207
 20
1093.005999164
 30
0.000000000
 11
-65.064549848
 21
1091.943727567
 31
0.000000000
  0
LINE
  5
1190
330
A02
100
AcDbEntity
  8
IsoView
100
AcDbLine
 10
-64.511209208
 20
1093.005999164
 30
0.000000000
 11
-63.251444966
 21
1092.482061529
 31
0.000000000
  0
LINE
  5
1191
330
A02
100
AcDbEntity
  8
IsoView
100
AcDbLine
 10
-63.804785607
 20
1091.419789933
 30
0.000000000
 11
-63.251444966
 21
1092.482061529
 31
0.000000000
  0
LINE
  5
1192
330
A02
100
AcDbEntity
  8
IsoView
100
AcDbLine
 10
-63.804785607
 20
1091.419789933
 30
0.000000000
 11
-65.064549848
 21
1091.943727568
 31
0.000000000
  0
LINE
  5
1193
330
A02
100
AcDbEntity
  8
IsoView
100
AcDbLine
 10
-62.168389597
 20
1094.185628535
 30
0.000000000
 11
-62.721730238
 21
1093.123356938
 31
0.000000000
  0
LINE
  5
1194
330
A02
100
AcDbEntity
  8
IsoView
100
AcDbLine
 10
-62.168389597
 20
1094.185628535
 30
0.000000000
 11
-60.908625356
 21
1093.661690900
 31
0.000000000
  0
LINE
  5
1195
330
A02
100
AcDbEntity
  8
IsoView
100
AcDbLine
 10
-61.461965996
 20
1092.599419304
 30
0.000000000
 11
-60.908625355
 21
1093.661690900
 31
0.000000000
  0
LINE
  5
1196
330
A02
100
AcDbEntity
  8
IsoView
100
AcDbLine
 10
-61.461965997
 20
1092.599419304
 30
0.000000000
 11
-62.721730238
 21
1093.123356939
 31
0.000000000
  0
LINE
  5
1197
330
A02
100
AcDbEntity
  8
IsoView
100
AcDbLine
 10
-63.588974805
 20
1094.776451826
 30
0.000000000
 11
-64.142315446
 21
1093.714180229
 31
0.000000000
  0
LINE
  5
1198
330
A02
100
AcDbEntity
  8
IsoView
100
AcDbLine
 10
-63.588974805
 20
1094.776451826
 30
0.000000000
 11
-62.329210564
 21
1094.252514191
 31
0.000000000
  0
LINE
  5
1199
330
A02
100
AcDbEntity
  8
IsoView
100
AcDbLine
 10
-62.882551205
 20
1093.190242594
 30
0.000000000
 11
-62.329210564
 21
1094.252514190
 31
0.000000000
  0
LINE
  5
119A
330
A02
100
AcDbEntity
  8
IsoView
100
AcDbLine
 10
-62.882551205
 20
1093.190242595
 30
0.000000000
 11
-64.142315446
 21
1093.714180229
 31
0.000000000
  0
LINE
  5
119B
330
A02
100
AcDbEntity
  8
IsoView
100
AcDbLine
 10
-61.625215933
 20
1095.228382152
 30
0.000000000
 11
-61.799495835
 21
1094.893809600
 31
0.000000000
  0
LINE
  5
119C
330
A02
100
AcDbEntity
  8
IsoView
100
AcDbLine
 10
-60.231045711
 20
1095.533895803
 30
0.000000000
 11
-59.986390953
 21
1095.432143562
 31
0.000000000
  0
LINE
  5
119D
330
A02
100
AcDbEntity
  8
IsoView
100
AcDbLine
 10
-60.539731594
 20
1094.369871965
 30
0.000000000
 11
-59.986390953
 21
1095.432143562
 31
0.000000000
  0
LINE
  5
119E
330
A02
100
AcDbEntity
  8
IsoView
100
AcDbLine
 10
-60.539731594
 20
1094.369871965
 30
0.000000000
 11
-61.799495835
 21
1094.893809600
 31
0.000000000
  0
LINE
  5
119F
330
A02
100
AcDbEntity
  8
IsoView
100
AcDbLine
 10
-62.957600291
 20
1095.988528371
 30
0.000000000
 11
-63.220081044
 21
1095.484632891
 31
0.000000000
  0
LINE
  5
11A0
330
A02
100
AcDbEntity
  8
IsoView
100
AcDbLine
 10
-61.960316803
 20
1094.960695256
 30
0.000000000
 11
-61.779285800
 21
1095.308228182
 31
0.000000000
  0
LINE
  5
11A1
330
A02
100
AcDbEntity
  8
IsoView
100
AcDbLine
 10
-61.960316803
 20
1094.960695256
 30
0.000000000
 11
-63.220081044
 21
1095.484632891
 31
0.000000000
  0
LINE
  5
11A2
330
A02
100
AcDbEntity
  8
IsoView
100
AcDbLine
 10
-60.323920792
 20
1097.726533858
 30
0.000000000
 11
-60.343409419
 21
1097.689120711
 31
0.000000000
  0
LINE
  5
11A3
330
A02
100
AcDbEntity
  8
IsoView
100
AcDbLine
 10
-60.323920792
 20
1097.726533858
 30
0.000000000
 11
-59.064156551
 21
1097.202596223
 31
0.000000000
  0
LINE
  5
11A4
330
A02
100
AcDbEntity
  8
IsoView
100
AcDbLine
 10
-59.617497192
 20
1096.140324627
 30
0.000000000
 11
-59.064156551
 21
1097.202596223
 31
0.000000000
  0
LINE
  5
11A5
330
A02
100
AcDbEntity
  8
IsoView
100
AcDbLine
 10
-59.617497192
 20
1096.140324627
 30
0.000000000
 11
-59.777760720
 21
1096.206978443
 31
0.000000000
  0
LINE
  5
11A6
330
A02
100
AcDbEntity
  8
IsoView
100
AcDbLine
 10
-60.625346827
 20
1097.851897349
 30
0.000000000
 11
-60.484741760
 21
1097.793419513
 31
0.000000000
  0
LINE
  5
11A7
330
A02
100
AcDbEntity
  8
IsoView
100
AcDbLine
 10
-60.493832546
 20
1097.775967544
 30
0.000000000
 11
-60.484741760
 21
1097.793419513
 31
0.000000000
  0
LINE
  5
11A8
330
A02
100
AcDbEntity
  8
IsoView
100
AcDbLine
 10
-59.401686390
 20
1099.496986519
 30
0.000000000
 11
-59.955027031
 21
1098.434714923
 31
0.000000000
  0
LINE
  5
11A9
330
A02
100
AcDbEntity
  8
IsoView
100
AcDbLine
 10
-59.401686390
 20
1099.496986519
 30
0.000000000
 11
-58.141922149
 21
1098.973048884
 31
0.000000000
  0
LINE
  5
11AA
330
A02
100
AcDbEntity
  8
IsoView
100
AcDbLine
 10
-58.695262790
 20
1097.910777288
 30
0.000000000
 11
-58.141922149
 21
1098.973048884
 31
0.000000000
  0
LINE
  5
11AB
330
A02
100
AcDbEntity
  8
IsoView
100
AcDbLine
 10
-58.695262790
 20
1097.910777288
 30
0.000000000
 11
-59.955027031
 21
1098.434714923
 31
0.000000000
  0
LINE
  5
11AC
330
A02
100
AcDbEntity
  8
IsoView
100
AcDbLine
 10
-60.822271599
 20
1100.087809810
 30
0.000000000
 11
-61.375612240
 21
1099.025538213
 31
0.000000000
  0
LINE
  5
11AD
330
A02
100
AcDbEntity
  8
IsoView
100
AcDbLine
 10
-60.822271599
 20
1100.087809810
 30
0.000000000
 11
-59.562507358
 21
1099.563872175
 31
0.000000000
  0
LINE
  5
11AE
330
A02
100
AcDbEntity
  8
IsoView
100
AcDbLine
 10
-60.115847999
 20
1098.501600579
 30
0.000000000
 11
-59.562507358
 21
1099.563872175
 31
0.000000000
  0
LINE
  5
11AF
330
A02
100
AcDbEntity
  8
IsoView
100
AcDbLine
 10
-60.115847999
 20
1098.501600579
 30
0.000000000
 11
-61.375612240
 21
1099.025538213
 31
0.000000000
  0
LINE
  5
11B0
330
A02
100
AcDbEntity
  8
IsoView
100
AcDbLine
 10
-58.479451988
 20
1101.267439180
 30
0.000000000
 11
-59.032792629
 21
1100.205167584
 31
0.000000000
  0
LINE
  5
11B1
330
A02
100
AcDbEntity
  8
IsoView
100
AcDbLine
 10
-58.479451988
 20
1101.267439180
 30
0.000000000
 11
-57.219687747
 21
1100.743501546
 31
0.000000000
  0
LINE
  5
11B2
330
A02
100
AcDbEntity
  8
IsoView
100
AcDbLine
 10
-57.773028388
 20
1099.681229949
 30
0.000000000
 11
-57.219687747
 21
1100.743501546
 31
0.000000000
  0
LINE
  5
11B3
330
A02
100
AcDbEntity
  8
IsoView
100
AcDbLine
 10
-57.773028388
 20
1099.681229949
 30
0.000000000
 11
-59.032792629
 21
1100.205167584
 31
0.000000000
  0
LINE
  5
11B4
330
A02
100
AcDbEntity
  8
IsoView
100
AcDbLine
 10
-59.900037197
 20
1101.858262471
 30
0.000000000
 11
-60.453377838
 21
1100.795990875
 31
0.000000000
  0
LINE
  5
11B5
330
A02
100
AcDbEntity
  8
IsoView
100
AcDbLine
 10
-59.900037197
 20
1101.858262471
 30
0.000000000
 11
-58.640272956
 21
1101.334324836
 31
0.000000000
  0
LINE
  5
11B6
330
A02
100
AcDbEntity
  8
IsoView
100
AcDbLine
 10
-59.193613596
 20
1100.272053240
 30
0.000000000
 11
-58.640272956
 21
1101.334324836
 31
0.000000000
  0
LINE
  5
11B7
330
A02
100
AcDbEntity
  8
IsoView
100
AcDbLine
 10
-59.193613596
 20
1100.272053240
 30
0.000000000
 11
-60.453377838
 21
1100.795990875
 31
0.000000000
  0
LINE
  5
11B8
330
A02
100
AcDbEntity
  8
IsoView
100
AcDbLine
 10
-56.389676785
 20
1102.336908941
 30
0.000000000
 11
-52.500589489
 21
1100.091543343
 31
0.000000000
  0
LINE
  5
11B9
330
A02
100
AcDbEntity
  8
IsoView
100
AcDbLine
 10
-50.833681352
 20
1098.251265460
 30
0.000000000
 11
-52.716412754
 21
1094.636905799
 31
0.000000000
  0
LINE
  5
11BA
330
A02
100
AcDbEntity
  8
IsoView
100
AcDbLine
 10
-55.060627854
 20
1090.136616225
 30
0.000000000
 11
-56.828204965
 21
1086.743323161
 31
0.000000000
  0
LINE
  5
11BB
330
A02
100
AcDbEntity
  8
IsoView
100
AcDbLine
 10
-62.485059215
 20
1090.009309485
 30
0.000000000
 11
-56.828204965
 21
1086.743323161
 31
0.000000000
  0
LINE
  5
11BC
330
A02
100
AcDbEntity
  8
IsoView
100
AcDbLine
 10
-56.671129677
 20
1090.946530550
 30
0.000000000
 11
-55.803335389
 21
1090.445509283
 31
0.000000000
  0
LINE
  5
11BD
330
A02
100
AcDbEntity
  8
IsoView
100
AcDbLine
 10
-61.089288790
 20
1092.657818467
 30
0.000000000
 11
-58.260861665
 21
1091.024825305
 31
0.000000000
  0
LINE
  5
11BE
330
A02
100
AcDbEntity
  8
IsoView
100
AcDbLine
 10
-57.861468383
 20
1098.854402782
 30
0.000000000
 11
-61.089288790
 21
1092.657818467
 31
0.000000000
  0
LINE
  5
11BF
330
A02
100
AcDbEntity
  8
IsoView
100
AcDbLine
 10
-56.828204965
 20
1086.743323161
 30
0.000000000
 11
-58.986201895
 21
1087.640836974
 31
0.000000000
  0
LINE
  5
11C0
330
A02
100
AcDbEntity
  8
IsoView
100
AcDbLine
 10
-65.701478554
 20
1091.347022595
 30
0.000000000
 11
-63.344849572
 21
1089.986422218
 31
0.000000000
  0
LINE
  5
11C1
330
A02
100
AcDbEntity
  8
IsoView
100
AcDbLine
 10
-58.864006863
 20
1087.875419980
 30
0.000000000
 11
-62.753094160
 21
1090.120785578
 31
0.000000000
  0
LINE
  5
11C2
330
A02
100
AcDbEntity
  8
IsoView
100
AcDbLine
 10
-63.550843833
 20
1089.590966261
 30
0.000000000
 11
-59.661756536
 21
1087.345600663
 31
0.000000000
  0
LINE
  5
11C3
330
A02
100
AcDbEntity
  8
IsoView
100
AcDbLine
 10
-59.232900624
 20
1087.167238916
 30
0.000000000
 11
-59.661756536
 21
1087.345600664
 31
0.000000000
  0
LINE
  5
11C4
330
A02
100
AcDbEntity
  8
IsoView
100
AcDbLine
 10
-59.232900624
 20
1087.167238916
 30
0.000000000
 11
-63.121987920
 21
1089.412604513
 31
0.000000000
  0
LINE
  5
11C5
330
A02
100
AcDbEntity
  8
IsoView
100
AcDbLine
 10
-58.864006863
 20
1087.875419980
 30
0.000000000
 11
-59.232900624
 21
1087.167238915
 31
0.000000000
  0
LINE
  5
11C6
330
A02
100
AcDbEntity
  8
IsoView
100
AcDbLine
 10
-63.090623999
 20
1092.415175874
 30
0.000000000
 11
-61.912309507
 21
1091.734875685
 31
0.000000000
  0
LINE
  5
11C7
330
A02
100
AcDbEntity
  8
IsoView
100
AcDbLine
 10
-64.511209207
 20
1093.005999164
 30
0.000000000
 11
-63.332894716
 21
1092.325698975
 31
0.000000000
  0
LINE
  5
11C8
330
A02
100
AcDbEntity
  8
IsoView
100
AcDbLine
 10
-62.168389597
 20
1094.185628535
 30
0.000000000
 11
-60.990075105
 21
1093.505328346
 31
0.000000000
  0
LINE
  5
11C9
330
A02
100
AcDbEntity
  8
IsoView
100
AcDbLine
 10
-63.588974805
 20
1094.776451826
 30
0.000000000
 11
-62.410660314
 21
1094.096151637
 31
0.000000000
  0
LINE
  5
11CA
330
A02
100
AcDbEntity
  8
IsoView
100
AcDbLine
 10
-60.193582303
 20
1095.348377954
 30
0.000000000
 11
-60.067840703
 21
1095.275781008
 31
0.000000000
  0
LINE
  5
11CB
330
A02
100
AcDbEntity
  8
IsoView
100
AcDbLine
 10
-60.323920793
 20
1097.726533858
 30
0.000000000
 11
-59.145606301
 21
1097.046233669
 31
0.000000000
  0
LINE
  5
11CC
330
A02
100
AcDbEntity
  8
IsoView
100
AcDbLine
 10
-59.401686391
 20
1099.496986519
 30
0.000000000
 11
-58.223371899
 21
1098.816686330
 31
0.000000000
  0
LINE
  5
11CD
330
A02
100
AcDbEntity
  8
IsoView
100
AcDbLine
 10
-60.822271599
 20
1100.087809810
 30
0.000000000
 11
-59.643957107
 21
1099.407509621
 31
0.000000000
  0
LINE
  5
11CE
330
A02
100
AcDbEntity
  8
IsoView
100
AcDbLine
 10
-58.479451989
 20
1101.267439181
 30
0.000000000
 11
-57.301137497
 21
1100.587138992
 31
0.000000000
  0
LINE
  5
11CF
330
A02
100
AcDbEntity
  8
IsoView
100
AcDbLine
 10
-59.900037197
 20
1101.858262471
 30
0.000000000
 11
-58.721722705
 21
1101.177962282
 31
0.000000000
  0
LINE
  5
11D0
330
A02
100
AcDbEntity
  8
IsoView
100
AcDbLine
 10
-57.861468383
 20
1098.854402782
 30
0.000000000
 11
-56.521293658
 21
1098.297022319
 31
0.000000000
  0
LINE
  5
11D1
330
A02
100
AcDbEntity
  8
IsoView
100
AcDbLine
 10
-53.692866533
 20
1096.664029157
 30
0.000000000
 11
-56.521293658
 21
1098.297022319
 31
0.000000000
  0
LINE
  5
11D2
330
A02
100
AcDbEntity
  8
IsoView
100
AcDbLine
 10
-54.278895002
 20
1095.539005346
 30
0.000000000
 11
-53.692866533
 21
1096.664029157
 31
0.000000000
  0
LINE
  5
11D3
330
A02
100
AcDbEntity
  8
IsoView
100
AcDbLine
 10
-52.157574658
 20
1094.314260474
 30
0.000000000
 11
-54.278895002
 21
1095.539005346
 31
0.000000000
  0
LINE
  5
11D4
330
A02
100
AcDbEntity
  8
IsoView
100
AcDbLine
 10
-55.803335389
 20
1090.445509283
 30
0.000000000
 11
-54.463160664
 21
1089.888128821
 31
0.000000000
  0
LINE
  5
11D5
330
A02
100
AcDbEntity
  8
IsoView
100
AcDbLine
 10
-54.463160664
 20
1089.888128821
 30
0.000000000
 11
-52.157574658
 21
1094.314260474
 31
0.000000000
  0
LINE
  5
11D6
330
A02
100
AcDbEntity
  8
IsoView
100
AcDbLine
 10
-56.584481007
 20
1091.112873692
 30
0.000000000
 11
-54.463160664
 21
1089.888128821
 31
0.000000000
  0
LINE
  5
11D7
330
A02
100
AcDbEntity
  8
IsoView
100
AcDbLine
 10
-58.260861665
 20
1091.024825305
 30
0.000000000
 11
-56.920686940
 21
1090.467444843
 31
0.000000000
  0
LINE
  5
11D8
330
A02
100
AcDbEntity
  8
IsoView
100
AcDbLine
 10
-56.920686940
 20
1090.467444843
 30
0.000000000
 11
-56.584481007
 21
1091.112873692
 31
0.000000000
  0
LINE
  5
11D9
330
A02
100
AcDbEntity
  8
IsoView
100
AcDbLine
 10
-61.089288790
 20
1092.657818467
 30
0.000000000
 11
-59.749114065
 21
1092.100438004
 31
0.000000000
  0
LINE
  5
11DA
330
A02
100
AcDbEntity
  8
IsoView
100
AcDbLine
 10
-59.749114065
 20
1092.100438004
 30
0.000000000
 11
-56.920686940
 21
1090.467444843
 31
0.000000000
  0
LINE
  5
11DB
330
A02
100
AcDbEntity
  8
IsoView
100
AcDbLine
 10
-56.521293658
 20
1098.297022319
 30
0.000000000
 11
-59.749114065
 21
1092.100438004
 31
0.000000000
  0
LWPOLYLINE
  5
11DC
330
A02
100
AcDbEntity
100
AcDbPolyline
  8
IsoView
 90
2
 70
0
 43
0
 10
-44.474357258
 20
1125.920812398
 10
-45.218021776
 20
1125.454016020
  0
LWPOLYLINE
  5
11DD
330
A02
100
AcDbEntity
100
AcDbPolyline
  8
IsoView
 90
2
 70
0
 43
0
 10
-44.501424180
 20
1126.770646552
 10
-44.487646433
 20
1126.763256119
  0
LWPOLYLINE
  5
11DE
330
A02
100
AcDbEntity
100
AcDbPolyline
  8
IsoView
 90
2
 70
0
 43
0
 10
-44.487646433
 20
1126.763256119
 10
-44.474357257
 20
1125.920812397
  0
LWPOLYLINE
  5
11DF
330
A02
100
AcDbEntity
100
AcDbPolyline
  8
IsoView
 90
2
 70
0
 43
0
 10
-45.196801764
 20
1124.606993427
 10
-45.946313192
 20
1124.143008611
  0
LWPOLYLINE
  5
11E0
330
A02
100
AcDbEntity
100
AcDbPolyline
  8
IsoView
 90
2
 70
0
 43
0
 10
-45.223868686
 20
1125.456827581
 10
-45.210090938
 20
1125.449437148
  0
LWPOLYLINE
  5
11E1
330
A02
100
AcDbEntity
100
AcDbPolyline
  8
IsoView
 90
2
 70
0
 43
0
 10
-45.210090938
 20
1125.449437148
 10
-45.196801762
 20
1124.606993426
  0
LWPOLYLINE
  5
11E2
330
A02
100
AcDbEntity
100
AcDbPolyline
  8
IsoView
 90
2
 70
0
 43
0
 10
-45.946313192
 20
1124.143008611
 10
-45.960090940
 20
1124.150399044
  0
LWPOLYLINE
  5
11E3
330
A02
100
AcDbEntity
100
AcDbPolyline
  8
IsoView
 90
2
 70
0
 43
0
 10
-45.960090940
 20
1124.150399044
 10
-45.973380116
 20
1124.158635707
  0
LWPOLYLINE
  5
11E4
330
A02
100
AcDbEntity
100
AcDbPolyline
  8
IsoView
 90
2
 70
0
 43
0
 10
-43.751912753
 20
1127.234631368
 10
-44.495577271
 20
1126.767834991
  0
LWPOLYLINE
  5
11E5
330
A02
100
AcDbEntity
100
AcDbPolyline
  8
IsoView
 90
2
 70
0
 43
0
 10
-43.778979675
 20
1128.084465522
 10
-43.765201928
 20
1128.077075090
  0
LWPOLYLINE
  5
11E6
330
A02
100
AcDbEntity
100
AcDbPolyline
  8
IsoView
 90
2
 70
0
 43
0
 10
-43.765201928
 20
1128.077075090
 10
-43.751912752
 20
1127.234631368
  0
LWPOLYLINE
  5
11E7
330
A02
100
AcDbEntity
100
AcDbPolyline
  8
IsoView
 90
2
 70
0
 43
0
 10
1109.446107312
 20
603.474241891
 10
1108.199139857
 20
603.887922177
  0
LWPOLYLINE
  5
11E8
330
A02
100
AcDbEntity
100
AcDbPolyline
  8
IsoView
 90
4
 70
0
 43
0
 10
1111.533927850
 20
594.117671934
 10
1112.017744178
 20
599.064398118
 10
1109.721542299
 20
603.316413327
 10
1109.596690021
 20
603.391561197
  0
LWPOLYLINE
  5
11E9
330
A02
100
AcDbEntity
100
AcDbPolyline
  8
IsoView
 90
2
 70
0
 43
0
 10
1109.596690021
 20
603.391561197
 10
1109.446107312
 20
603.474241891
  0
LINE
  5
11EA
330
A02
100
AcDbEntity
  8
IsoView
100
AcDbLine
 10
1117.520171636
 20
590.661512472
 30
0.000000000
 11
1111.533927850
 21
594.117671934
 31
0.000000000
  0
LINE
  5
11EB
330
A02
100
AcDbEntity
  8
IsoView
100
AcDbLine
 10
1106.068473675
 20
577.982027581
 30
0.000000000
 11
1098.882561202
 21
582.130816081
 31
0.000000000
  0
LWPOLYLINE
  5
11EC
330
A02
100
AcDbEntity
100
AcDbPolyline
  8
IsoView
 90
2
 70
0
 43
0
 10
1098.314760824
 20
582.281510892
 10
1098.882561202
 20
582.130816081
  0
LINE
  5
11ED
330
A02
100
AcDbEntity
  8
IsoView
100
AcDbLine
 10
1104.678723984
 20
578.607275048
 30
0.000000000
 11
1098.314760824
 21
582.281510892
 31
0.000000000
  0
LWPOLYLINE
  5
11EE
330
A02
100
AcDbEntity
100
AcDbPolyline
  8
IsoView
 90
2
 70
0
 43
0
 10
1104.678723958
 20
578.607275057
 10
1105.942575414
 20
577.842631214
  0
LWPOLYLINE
  5
11EF
330
A02
100
AcDbEntity
100
AcDbPolyline
  8
IsoView
 90
2
 70
0
 43
0
 10
1108.199139857
 20
603.887922178
 10
1107.063944725
 20
603.692903675
  0
LWPOLYLINE
  5
11F0
330
A02
100
AcDbEntity
100
AcDbPolyline
  8
IsoView
 90
2
 70
0
 43
0
 10
1106.246644445
 20
603.447568002
 10
1107.063944634
 20
603.692903961
  0
LWPOLYLINE
  5
11F1
330
A02
100
AcDbEntity
100
AcDbPolyline
  8
IsoView
 90
2
 70
0
 43
0
 10
1106.246644437
 20
603.447567998
 10
1108.251549023
 20
603.009574754
  0
LWPOLYLINE
  5
11F2
330
A02
100
AcDbEntity
100
AcDbPolyline
  8
IsoView
 90
4
 70
0
 43
0
 10
1108.251549023
 20
603.009574754
 10
1110.622225835
 20
598.842335119
 10
1110.012702349
 20
593.912422593
 10
1109.700041431
 20
593.000913489
  0
LWPOLYLINE
  5
11F3
330
A02
100
AcDbEntity
100
AcDbPolyline
  8
IsoView
 90
2
 70
0
 43
0
 10
1110.780052064
 20
593.322353584
 10
1109.700041415
 20
593.000913464
  0
LWPOLYLINE
  5
11F4
330
A02
100
AcDbEntity
100
AcDbPolyline
  8
IsoView
 90
2
 70
0
 43
0
 10
1110.780052064
 20
593.322353584
 10
1111.533927849
 20
594.117671934
  0
LINE
  5
11F5
330
A02
100
AcDbEntity
  8
IsoView
100
AcDbLine
 10
1116.789675143
 20
589.852696236
 30
0.000000000
 11
1110.780051990
 21
593.322353619
 31
0.000000000
  0
LINE
  5
11F6
330
A02
100
AcDbEntity
  8
IsoView
100
AcDbLine
 10
1099.373066118
 20
582.514517742
 30
0.000000000
 11
1106.464359207
 21
578.420357744
 31
0.000000000
  0
LWPOLYLINE
  5
11F7
330
A02
100
AcDbEntity
100
AcDbPolyline
  8
IsoView
 90
2
 70
0
 43
0
 10
1099.532522074
 20
583.367441287
 10
1099.373066118
 20
582.514517742
  0
LINE
  5
11F8
330
A02
100
AcDbEntity
  8
IsoView
100
AcDbLine
 10
1099.532522074
 20
583.367441287
 30
0.000000000
 11
1109.700041431
 21
593.000913489
 31
0.000000000
  0
LWPOLYLINE
  5
11F9
330
A02
100
AcDbEntity
100
AcDbPolyline
  8
IsoView
 90
2
 70
0
 43
0
 10
1098.882561202
 20
582.130816082
 10
1099.373066133
 20
582.514517690
  0
LWPOLYLINE
  5
11FA
330
A02
100
AcDbEntity
100
AcDbPolyline
  8
IsoView
 90
2
 70
0
 43
0
 10
1099.532522074
 20
583.367441287
 10
1097.527617389
 20
583.805434564
  0
LWPOLYLINE
  5
11FB
330
A02
100
AcDbEntity
100
AcDbPolyline
  8
IsoView
 90
2
 70
0
 43
0
 10
1097.541561723
 20
583.724102712
 10
1098.314760823
 20
582.281510893
  0
LWPOLYLINE
  5
11FC
330
A02
100
AcDbEntity
100
AcDbPolyline
  8
IsoView
 90
2
 70
0
 43
0
 10
1097.488717666
 20
583.826016968
 10
1097.541561724
 20
583.724102712
  0
LINE
  5
11FD
330
A02
100
AcDbEntity
  8
IsoView
100
AcDbLine
 10
1097.471841165
 20
583.987246489
 30
0.000000000
 11
1097.488717666
 21
583.826016968
 31
0.000000000
  0
LINE
  5
11FE
330
A02
100
AcDbEntity
  8
IsoView
100
AcDbLine
 10
1101.134411237
 20
587.155682544
 30
0.000000000
 11
1095.313468021
 21
590.516405559
 31
0.000000000
  0
LINE
  5
11FF
330
A02
100
AcDbEntity
  8
IsoView
100
AcDbLine
 10
1095.241121597
 20
590.625078705
 30
0.000000000
 11
1095.313468021
 21
590.516405559
 31
0.000000000
  0
LWPOLYLINE
  5
1200
330
A02
100
AcDbEntity
100
AcDbPolyline
  8
IsoView
 90
2
 70
0
 43
0
 10
1095.241121598
 20
590.625078704
 10
1095.333401058
 20
591.175390184
  0
LINE
  5
1201
330
A02
100
AcDbEntity
  8
IsoView
100
AcDbLine
 10
1102.270091984
 20
599.679883290
 30
0.000000000
 11
1106.246644433
 21
603.447568025
 31
0.000000000
  0
LINE
  5
1202
330
A02
100
AcDbEntity
  8
IsoView
100
AcDbLine
 10
1095.753185874
 20
590.933027308
 30
0.000000000
 11
1095.313468022
 21
590.516405558
 31
0.000000000
  0
LINE
  5
1203
330
A02
100
AcDbEntity
  8
IsoView
100
AcDbLine
 10
1099.981560601
 20
586.365143357
 30
0.000000000
 11
1097.471841164
 21
583.987246490
 31
0.000000000
  0
LWPOLYLINE
  5
1204
330
A02
100
AcDbEntity
100
AcDbPolyline
  8
IsoView
 90
2
 70
0
 43
0
 10
1097.488717666
 20
583.826016969
 10
1097.527617389
 20
583.805434563
  0
LWPOLYLINE
  5
1205
330
A02
100
AcDbEntity
100
AcDbPolyline
  8
IsoView
 90
2
 70
0
 43
0
 10
1099.981560601
 20
586.365143357
 10
1101.714074720
 20
587.403872058
  0
LWPOLYLINE
  5
1206
330
A02
100
AcDbEntity
100
AcDbPolyline
  8
IsoView
 90
2
 70
0
 43
0
 10
1101.714074720
 20
587.403872058
 10
1102.265639622
 20
587.566682791
  0
LWPOLYLINE
  5
1207
330
A02
100
AcDbEntity
100
AcDbPolyline
  8
IsoView
 90
2
 70
0
 43
0
 10
1102.265639622
 20
587.566682791
 10
1102.471500201
 20
587.607231824
  0
LWPOLYLINE
  5
1208
330
A02
100
AcDbEntity
100
AcDbPolyline
  8
IsoView
 90
2
 70
0
 43
0
 10
1154.344645199
 20
496.009956908
 10
1155.426919669
 20
497.678488792
  0
LWPOLYLINE
  5
1209
330
A02
100
AcDbEntity
100
AcDbPolyline
  8
IsoView
 90
2
 70
0
 43
0
 10
1154.143907343
 20
494.354362395
 10
1154.344645198
 20
496.009956908
  0
LWPOLYLINE
  5
120A
330
A02
100
AcDbEntity
100
AcDbPolyline
  8
IsoView
 90
2
 70
0
 43
0
 10
1209.078695177
 20
572.478475745
 10
1210.420112620
 20
575.168616440
  0
LWPOLYLINE
  5
120B
330
A02
100
AcDbEntity
100
AcDbPolyline
  8
IsoView
 90
2
 70
0
 43
0
 10
1210.420112620
 20
575.168616440
 10
1211.477520087
 20
575.821451347
  0
LWPOLYLINE
  5
120C
330
A02
100
AcDbEntity
100
AcDbPolyline
  8
IsoView
 90
2
 70
0
 43
0
 10
1152.730132665
 20
493.386020187
 10
1153.106256662
 20
496.083552972
  0
LWPOLYLINE
  5
120D
330
A02
100
AcDbEntity
100
AcDbPolyline
  8
IsoView
 90
2
 70
0
 43
0
 10
1153.106256662
 20
496.083552972
 10
1155.354325363
 20
499.303482201
  0
LWPOLYLINE
  5
120E
330
A02
100
AcDbEntity
100
AcDbPolyline
  8
IsoView
 90
3
 70
0
 43
0
 10
1211.429954837
 20
577.461894630
 10
1208.176600155
 20
573.811083192
 10
1207.670892056
 20
571.821060705
  0
LWPOLYLINE
  5
120F
330
A02
100
AcDbEntity
100
AcDbPolyline
  8
IsoView
 90
2
 70
0
 43
0
 10
1188.908413968
 20
638.616369653
 10
1190.291887406
 20
639.781754275
  0
LWPOLYLINE
  5
1210
330
A02
100
AcDbEntity
100
AcDbPolyline
  8
IsoView
 90
2
 70
0
 43
0
 10
1187.696031210
 20
636.804902246
 10
1188.908413968
 20
638.616369653
  0
LWPOLYLINE
  5
1211
330
A02
100
AcDbEntity
100
AcDbPolyline
  8
IsoView
 90
2
 70
0
 43
0
 10
1118.660385829
 20
479.224478529
 10
1119.802304707
 20
478.597483263
  0
LWPOLYLINE
  5
1212
330
A02
100
AcDbEntity
100
AcDbPolyline
  8
IsoView
 90
2
 70
0
 43
0
 10
1208.518466952
 20
637.468097283
 10
1209.660374122
 20
636.841107533
  0
LWPOLYLINE
  5
1213
330
A02
100
AcDbEntity
100
AcDbPolyline
  8
IsoView
 90
17
 70
0
 43
0
 10
1209.660374122
 20
636.841107533
 10
1213.766420162
 20
633.997743986
 10
1217.367746293
 20
630.536495058
 10
1220.417450358
 20
626.579516910
 10
1222.914347909
 20
622.251373335
 10
1224.887966621
 20
617.660091807
 10
1226.382614412
 20
612.890702843
 10
1227.446221407
 20
608.006622742
 10
1228.124359113
 20
603.053960017
 10
1228.457691397
 20
598.065976622
 10
1228.481350273
 20
593.066752268
 10
1228.225210957
 20
588.073911168
 10
1227.714503246
 20
583.100562874
 10
1226.970487618
 20
578.156660320
 10
1226.011087353
 20
573.249947481
 10
1224.851418686
 20
568.386628551
 10
1224.021600850
 20
565.339560014
  0
LWPOLYLINE
  5
1214
330
A02
100
AcDbEntity
100
AcDbPolyline
  8
IsoView
 90
17
 70
0
 43
0
 10
1187.762925357
 20
502.537825354
 10
1184.216980846
 20
499.013169884
 10
1180.534568566
 20
495.631395413
 10
1176.713651009
 20
492.407006645
 10
1172.751989086
 20
489.357297735
 10
1168.647373711
 20
486.503032502
 10
1164.398005578
 20
483.869305675
 10
1160.003089547
 20
481.486671460
 10
1155.463843801
 20
479.392499357
 10
1150.785153151
 20
477.632522338
 10
1145.978204625
 20
476.262388984
 10
1141.064538021
 20
475.348654916
 10
1136.081820735
 20
474.967974455
 10
1131.090906561
 20
475.202248391
 10
1126.181701435
 20
476.126766416
 10
1121.472174343
 20
477.790380689
 10
1119.802304706
 20
478.597483263
  0
LWPOLYLINE
  5
1215
330
A02
100
AcDbEntity
100
AcDbPolyline
  8
IsoView
 90
3
 70
0
 43
0
 10
1148.051668669
 20
499.001820711
 10
1149.577544619
 20
494.367275970
 10
1150.466144681
 20
493.646280885
  0
LWPOLYLINE
  5
1216
330
A02
100
AcDbEntity
100
AcDbPolyline
  8
IsoView
 90
3
 70
0
 43
0
 10
1150.466144681
 20
493.646280885
 10
1154.674573850
 20
495.099028097
 10
1155.433818359
 20
497.786327077
  0
LWPOLYLINE
  5
1217
330
A02
100
AcDbEntity
100
AcDbPolyline
  8
IsoView
 90
3
 70
0
 43
0
 10
1148.051668669
 20
499.001820711
 10
1150.246516995
 20
503.255029212
 10
1152.994532951
 20
503.156492887
  0
LWPOLYLINE
  5
1218
330
A02
100
AcDbEntity
100
AcDbPolyline
  8
IsoView
 90
3
 70
0
 43
0
 10
1152.994532951
 20
503.156492887
 10
1155.400181530
 20
498.969502559
 10
1155.433818359
 20
497.786327077
  0
LWPOLYLINE
  5
1219
330
A02
100
AcDbEntity
100
AcDbPolyline
  8
IsoView
 90
2
 70
0
 43
0
 10
1203.507629688
 20
572.224819313
 10
1203.630662038
 20
572.150853169
  0
LWPOLYLINE
  5
121A
330
A02
100
AcDbEntity
100
AcDbPolyline
  8
IsoView
 90
4
 70
0
 43
0
 10
1203.630662038
 20
572.150853169
 10
1208.441865064
 20
572.125637156
 10
1211.485228848
 20
575.863371303
 10
1209.910328938
 20
579.491999229
  0
LWPOLYLINE
  5
121B
330
A02
100
AcDbEntity
100
AcDbPolyline
  8
IsoView
 90
4
 70
0
 43
0
 10
1203.507629688
 20
572.224819313
 10
1202.050399703
 20
576.591397300
 10
1205.623322606
 20
579.851229686
 10
1209.789749591
 20
579.564552050
  0
LWPOLYLINE
  5
121C
330
A02
100
AcDbEntity
100
AcDbPolyline
  8
IsoView
 90
2
 70
0
 43
0
 10
1209.789749591
 20
579.564552050
 10
1209.910328939
 20
579.491999229
  0
LWPOLYLINE
  5
121D
330
A02
100
AcDbEntity
100
AcDbPolyline
  8
IsoView
 90
3
 70
0
 43
0
 10
1186.706015702
 20
636.158528645
 10
1190.221160511
 20
639.616954157
 10
1189.918423549
 20
641.653218526
  0
LWPOLYLINE
  5
121E
330
A02
100
AcDbEntity
100
AcDbPolyline
  8
IsoView
 90
2
 70
0
 43
0
 10
1189.918423549
 20
641.653218526
 10
1185.353630121
 20
640.668725064
  0
LWPOLYLINE
  5
121F
330
A02
100
AcDbEntity
100
AcDbPolyline
  8
IsoView
 90
2
 70
0
 43
0
 10
1186.706015702
 20
636.158528645
 10
1182.072939503
 20
635.213332070
  0
LWPOLYLINE
  5
1220
330
A02
100
AcDbEntity
100
AcDbPolyline
  8
IsoView
 90
3
 70
0
 43
0
 10
1182.072939503
 20
635.213332070
 10
1183.558589101
 20
639.345569878
 10
1185.353630121
 20
640.668725064
  0
LWPOLYLINE
  5
1221
330
A02
100
AcDbEntity
100
AcDbPolyline
  8
IsoView
 90
2
 70
0
 43
0
 10
1120.405852155
 20
603.471686267
 10
1117.564307157
 20
600.325486725
  0
LWPOLYLINE
  5
1222
330
A02
100
AcDbEntity
100
AcDbPolyline
  8
IsoView
 90
3
 70
0
 43
0
 10
1104.224907059
 20
469.121567072
 10
1099.967567489
 20
471.735813413
 10
1096.790992178
 20
474.286843990
  0
LWPOLYLINE
  5
1223
330
A02
100
AcDbEntity
100
AcDbPolyline
  8
IsoView
 90
2
 70
0
 43
0
 10
1083.296955142
 20
542.927001796
 10
1083.756151119
 20
545.086529428
  0
LWPOLYLINE
  5
1224
330
A02
100
AcDbEntity
100
AcDbPolyline
  8
IsoView
 90
5
 70
0
 43
0
 10
1086.794836300
 20
556.641978732
 10
1088.325344973
 20
561.401767035
 10
1089.998702371
 20
566.113246530
 10
1091.809254406
 20
570.773736111
 10
1092.356813692
 20
572.109466291
  0
LWPOLYLINE
  5
1225
330
A02
100
AcDbEntity
100
AcDbPolyline
  8
IsoView
 90
4
 70
0
 43
0
 10
1092.593567872
 20
572.677524602
 10
1094.589668619
 20
577.261621745
 10
1096.712348628
 20
581.788502144
 10
1097.605493829
 20
583.601463245
  0
LWPOLYLINE
  5
1226
330
A02
100
AcDbEntity
100
AcDbPolyline
  8
IsoView
 90
2
 70
0
 43
0
 10
1098.098409765
 20
584.580904686
 10
1099.828872999
 20
587.909435351
  0
LWPOLYLINE
  5
1227
330
A02
100
AcDbEntity
100
AcDbPolyline
  8
IsoView
 90
26
 70
0
 43
0
 10
1109.206439904
 20
603.589301384
 10
1112.038841434
 20
607.709486819
 10
1114.984196408
 20
611.749692576
 10
1118.042157573
 20
615.705345144
 10
1121.212711817
 20
619.571326995
 10
1124.496165547
 20
623.341878075
 10
1127.893129227
 20
627.010478523
 10
1131.404498670
 20
630.569707643
 10
1135.031429702
 20
634.011072963
 10
1138.775301244
 20
637.324801642
 10
1142.637659436
 20
640.499584659
 10
1146.620131774
 20
643.522262111
 10
1150.724294544
 20
646.377435812
 10
1154.951468222
 20
649.046993905
 10
1159.302402551
 20
651.509532761
 10
1163.776793819
 20
653.739667187
 10
1168.372549856
 20
655.707237037
 10
1173.084683359
 20
657.376458445
 10
1177.903677769
 20
658.705151532
 10
1182.813155873
 20
659.644334095
 10
1187.786751555
 20
660.138732892
 10
1192.784365441
 20
660.129114607
 10
1197.748647726
 20
659.557593548
 10
1202.603623352
 20
658.376713377
 10
1207.258248661
 20
656.561373576
 10
1208.539515412
 20
655.925475865
  0
LWPOLYLINE
  5
1228
330
A02
100
AcDbEntity
100
AcDbPolyline
  8
IsoView
 90
3
 70
0
 43
0
 10
1102.529702178
 20
469.113606435
 10
1098.270861660
 20
471.725529348
 10
1096.037260530
 20
473.452301454
  0
LWPOLYLINE
  5
1229
330
A02
100
AcDbEntity
100
AcDbPolyline
  8
IsoView
 90
3
 70
0
 43
0
 10
1080.790486525
 20
540.151803649
 10
1081.760114412
 20
545.056616572
 10
1081.990854108
 20
546.105724132
  0
LWPOLYLINE
  5
122A
330
A02
100
AcDbEntity
100
AcDbPolyline
  8
IsoView
 90
9
 70
0
 43
0
 10
1083.795284125
 20
553.320831370
 10
1085.201859971
 20
558.118694881
 10
1086.755512437
 20
562.870984585
 10
1088.449955846
 20
567.574926608
 10
1090.279747082
 20
572.227900421
 10
1092.240186006
 20
576.827362658
 10
1094.327232523
 20
581.370782684
 10
1096.537437570
 20
585.855586132
 10
1098.122207213
 20
588.894779302
  0
LWPOLYLINE
  5
122B
330
A02
100
AcDbEntity
100
AcDbPolyline
  8
IsoView
 90
26
 70
0
 43
0
 10
1106.876661632
 20
603.637870553
 10
1109.681162493
 20
607.777101822
 10
1112.597860947
 20
611.838048473
 10
1115.626329319
 20
615.816331782
 10
1118.766469954
 20
619.707064221
 10
1122.018500984
 20
623.504758136
 10
1125.382941766
 20
627.203217490
 10
1128.860595928
 20
630.795408219
 10
1132.452529087
 20
634.273301635
 10
1136.160037019
 20
637.627683989
 10
1139.984598033
 20
640.847923597
 10
1143.927800274
 20
643.921685042
 10
1147.991229925
 20
646.834577873
 10
1152.176299193
 20
649.569725552
 10
1156.483982161
 20
652.107240061
 10
1160.914410604
 20
654.423590930
 10
1165.466258972
 20
656.490868981
 10
1170.135817026
 20
658.275973759
 10
1174.915613265
 20
659.739815206
 10
1179.792426747
 20
660.836739996
 10
1184.744551296
 20
661.514602169
 10
1189.738347210
 20
661.716206450
 10
1194.724584581
 20
661.383168174
 10
1199.635967402
 20
660.463207666
 10
1204.388265697
 20
658.920857961
 10
1207.677617772
 20
657.409780331
  0
LWPOLYLINE
  5
122C
330
A02
100
AcDbEntity
100
AcDbPolyline
  8
IsoView
 90
6
 70
0
 43
0
 10
1208.539515412
 20
655.925475865
 10
1212.796854983
 20
653.311229524
 10
1216.652832475
 20
650.134317204
 10
1220.055720960
 20
646.475610168
 10
1222.984759402
 20
642.426901806
 10
1224.318115141
 20
640.203460836
  0
LWPOLYLINE
  5
122D
330
A02
100
AcDbEntity
100
AcDbPolyline
  8
IsoView
 90
5
 70
0
 43
0
 10
1123.077362332
 20
464.849333173
 10
1118.084648161
 20
465.066131082
 10
1113.152016287
 20
465.864717218
 10
1108.361946344
 20
467.285512082
 10
1104.224907059
 20
469.121567072
  0
LWPOLYLINE
  5
122E
330
A02
100
AcDbEntity
100
AcDbPolyline
  8
IsoView
 90
6
 70
0
 43
0
 10
1207.677617772
 20
657.409780331
 10
1211.936458290
 20
654.797857418
 10
1215.797607075
 20
651.627142518
 10
1219.209786407
 20
647.977038760
 10
1222.151994254
 20
643.937853532
 10
1223.955252706
 20
640.886348430
  0
LWPOLYLINE
  5
122F
330
A02
100
AcDbEntity
100
AcDbPolyline
  8
IsoView
 90
47
 70
0
 43
0
 10
1223.955252706
 20
640.886348430
 10
1226.114963322
 20
636.379020424
 10
1227.852938583
 20
631.692457917
 10
1229.202948637
 20
626.879442927
 10
1230.199042168
 20
621.980676289
 10
1230.873219404
 20
617.027143082
 10
1231.254407487
 20
612.042352014
 10
1231.368187124
 20
607.044192016
 10
1231.236905945
 20
602.046375975
 10
1230.879964077
 20
597.059527820
 10
1230.314155631
 20
592.091988921
 10
1229.554007896
 20
587.150413349
 10
1228.612092088
 20
582.240207956
 10
1227.499296373
 20
577.365859580
 10
1226.225060186
 20
572.531180522
 10
1224.797572664
 20
567.739494895
 10
1223.223939399
 20
562.993782152
 10
1221.510321953
 20
558.296789664
 10
1219.662054320
 20
553.651122947
 10
1217.683740006
 20
549.059319948
 10
1215.579332877
 20
544.523914150
 10
1213.352204407
 20
540.047490191
 10
1211.005199540
 20
535.632734881
 10
1208.540682992
 20
531.282486054
 10
1205.960577526
 20
526.999781308
 10
1203.266395500
 20
522.787908577
 10
1200.459264843
 20
518.650460425
 10
1197.539950467
 20
514.591394035
 10
1194.508872167
 20
510.615099085
 10
1191.366120054
 20
506.726476032
 10
1188.111468785
 20
502.931027777
 10
1184.744392153
 20
499.234968368
 10
1181.264080122
 20
495.645353213
 10
1177.669461286
 20
492.170236378
 10
1173.959234984
 20
488.818861911
 10
1170.131919386
 20
485.601897824
 10
1166.185924932
 20
482.531723274
 10
1162.119667255
 20
479.622781559
 10
1157.931740934
 20
476.892013214
 10
1153.621186296
 20
474.359383763
 10
1149.187897616
 20
472.048517231
 10
1144.633244137
 20
469.987434672
 10
1139.961006238
 20
468.209367768
 10
1135.178764405
 20
466.753554926
 10
1130.299903613
 20
465.665805699
 10
1125.346367298
 20
464.998407735
 10
1122.304533109
 20
464.822137463
  0
LWPOLYLINE
  5
1230
330
A02
100
AcDbEntity
100
AcDbPolyline
  8
IsoView
 90
6
 70
0
 43
0
 10
1122.304533109
 20
464.822137463
 10
1117.308684311
 20
464.952285517
 10
1112.360844624
 20
465.651488426
 10
1107.539504206
 20
466.962777236
 10
1102.936308903
 20
468.904843177
 10
1102.529702178
 20
469.113606435
  0
LWPOLYLINE
  5
1231
330
A02
100
AcDbEntity
100
AcDbPolyline
  8
IsoView
 90
3
 70
0
 43
0
 10
1090.978714419
 20
458.192082059
 10
1086.696821754
 20
460.767841356
 10
1085.412022023
 20
461.687884373
  0
LWPOLYLINE
  5
1232
330
A02
100
AcDbEntity
100
AcDbPolyline
  8
IsoView
 90
17
 70
0
 43
0
 10
1064.106072378
 20
521.678580044
 10
1064.461265336
 20
526.665644374
 10
1065.000422259
 20
531.636219483
 10
1065.712173467
 20
536.585060559
 10
1066.586494230
 20
541.507805584
 10
1067.614549413
 20
546.400775395
 10
1068.788547708
 20
551.260810461
 10
1070.101615096
 20
556.085144715
 10
1071.547685807
 20
560.871305781
 10
1073.121407924
 20
565.617035355
 10
1074.818077149
 20
570.320219319
 10
1076.633519135
 20
574.978852214
 10
1078.564054677
 20
579.590985359
 10
1080.606529467
 20
584.154654492
 10
1082.758148493
 20
588.667895705
 10
1085.016420899
 20
593.128729676
 10
1086.644777541
 20
596.191769310
  0
LWPOLYLINE
  5
1233
330
A02
100
AcDbEntity
100
AcDbPolyline
  8
IsoView
 90
31
 70
0
 43
0
 10
1092.048581836
 20
605.581274925
 10
1094.701942673
 20
609.819024592
 10
1097.454643687
 20
613.992927523
 10
1100.306000335
 20
618.100064028
 10
1103.255503036
 20
622.137291746
 10
1106.302857662
 20
626.101173854
 10
1109.448065707
 20
629.987861967
 10
1112.691288061
 20
633.793137570
 10
1116.032897706
 20
637.512301390
 10
1119.473468163
 20
641.140098763
 10
1123.013757185
 20
644.670633720
 10
1126.654690076
 20
648.097263562
 10
1130.397335946
 20
651.412473739
 10
1134.242828851
 20
654.607783916
 10
1138.192538467
 20
657.673294259
 10
1142.247557178
 20
660.598031776
 10
1146.409031633
 20
663.369137502
 10
1150.677797773
 20
665.971842958
 10
1155.054197980
 20
668.389071011
 10
1159.537818444
 20
670.600925278
 10
1164.127032740
 20
672.584187524
 10
1168.818147210
 20
674.312352043
 10
1173.604806372
 20
675.754416912
 10
1178.476559325
 20
676.875065691
 10
1183.417256347
 20
677.634701113
 10
1188.403111168
 20
677.989590834
 10
1193.400347486
 20
677.894560725
 10
1198.363392237
 20
677.306395538
 10
1203.234353976
 20
676.189314513
 10
1207.945108461
 20
674.522004092
 10
1210.982682163
 20
673.092090784
  0
LWPOLYLINE
  5
1234
330
A02
100
AcDbEntity
100
AcDbPolyline
  8
IsoView
 90
2
 70
0
 43
0
 10
1079.597991654
 20
607.720618377
 10
1080.970560968
 20
611.593342944
  0
LWPOLYLINE
  5
1235
330
A02
100
AcDbEntity
100
AcDbPolyline
  8
IsoView
 90
2
 70
0
 43
0
 10
1080.970560968
 20
611.593342944
 10
1080.450479711
 20
612.277442308
  0
LWPOLYLINE
  5
1236
330
A02
100
AcDbEntity
100
AcDbPolyline
  8
IsoView
 90
2
 70
0
 43
0
 10
1080.450479711
 20
612.277442308
 10
1078.302967768
 20
611.638113818
  0
LWPOLYLINE
  5
1237
330
A02
100
AcDbEntity
100
AcDbPolyline
  8
IsoView
 90
2
 70
0
 43
0
 10
1078.302967768
 20
611.638113818
 10
1078.193931531
 20
611.530988513
  0
LWPOLYLINE
  5
1238
330
A02
100
AcDbEntity
100
AcDbPolyline
  8
IsoView
 90
2
 70
0
 43
0
 10
1076.830358016
 20
608.537645893
 10
1076.930398455
 20
607.765389249
  0
LWPOLYLINE
  5
1239
330
A02
100
AcDbEntity
100
AcDbPolyline
  8
IsoView
 90
2
 70
0
 43
0
 10
1076.930398454
 20
607.765389253
 10
1077.450479712
 20
607.081289887
  0
LWPOLYLINE
  5
123A
330
A02
100
AcDbEntity
100
AcDbPolyline
  8
IsoView
 90
2
 70
0
 43
0
 10
1077.450479712
 20
607.081289887
 10
1079.597991654
 20
607.720618377
  0
LWPOLYLINE
  5
123B
330
A02
100
AcDbEntity
100
AcDbPolyline
  8
IsoView
 90
2
 70
0
 43
0
 10
1079.648235523
 20
610.636969751
 10
1079.768910777
 20
610.621670233
  0
LWPOLYLINE
  5
123C
330
A02
100
AcDbEntity
100
AcDbPolyline
  8
IsoView
 90
2
 70
0
 43
0
 10
1079.768910777
 20
610.621670233
 10
1079.842682200
 20
610.524705809
  0
LWPOLYLINE
  5
123D
330
A02
100
AcDbEntity
100
AcDbPolyline
  8
IsoView
 90
2
 70
0
 43
0
 10
1079.842682200
 20
610.524705809
 10
1079.775514098
 20
610.142389434
  0
LWPOLYLINE
  5
123E
330
A02
100
AcDbEntity
100
AcDbPolyline
  8
IsoView
 90
2
 70
0
 43
0
 10
1080.036742112
 20
608.800821259
 10
1079.732604561
 20
608.710199440
  0
LWPOLYLINE
  5
123F
330
A02
100
AcDbEntity
100
AcDbPolyline
  8
IsoView
 90
2
 70
0
 43
0
 10
1079.732604561
 20
608.710199440
 10
1079.658833142
 20
608.807163862
  0
LWPOLYLINE
  5
1240
330
A02
100
AcDbEntity
100
AcDbPolyline
  8
IsoView
 90
2
 70
0
 43
0
 10
1080.036742687
 20
609.461721119
 10
1080.157417945
 20
609.446421599
  0
LWPOLYLINE
  5
1241
330
A02
100
AcDbEntity
100
AcDbPolyline
  8
IsoView
 90
2
 70
0
 43
0
 10
1080.157417945
 20
609.446421599
 10
1080.231189366
 20
609.349457176
  0
LWPOLYLINE
  5
1242
330
A02
100
AcDbEntity
100
AcDbPolyline
  8
IsoView
 90
2
 70
0
 43
0
 10
1080.231189366
 20
609.349457176
 10
1080.036742112
 20
608.800821259
  0
LWPOLYLINE
  5
1243
330
A02
100
AcDbEntity
100
AcDbPolyline
  8
IsoView
 90
2
 70
0
 43
0
 10
1079.842489106
 20
610.049345435
 10
1079.963164361
 20
610.034045916
  0
LWPOLYLINE
  5
1244
330
A02
100
AcDbEntity
100
AcDbPolyline
  8
IsoView
 90
2
 70
0
 43
0
 10
1079.963164361
 20
610.034045916
 10
1080.036935783
 20
609.937081493
  0
LWPOLYLINE
  5
1245
330
A02
100
AcDbEntity
100
AcDbPolyline
  8
IsoView
 90
2
 70
0
 43
0
 10
1080.036935783
 20
609.937081493
 10
1079.969767681
 20
609.554765118
  0
LWPOLYLINE
  5
1246
330
A02
100
AcDbEntity
100
AcDbPolyline
  8
IsoView
 90
2
 70
0
 43
0
 10
1079.430717735
 20
608.226628205
 10
1079.126580186
 20
608.136006384
  0
LWPOLYLINE
  5
1247
330
A02
100
AcDbEntity
100
AcDbPolyline
  8
IsoView
 90
2
 70
0
 43
0
 10
1079.126580186
 20
608.136006384
 10
1079.052808765
 20
608.232970807
  0
LWPOLYLINE
  5
1248
330
A02
100
AcDbEntity
100
AcDbPolyline
  8
IsoView
 90
2
 70
0
 43
0
 10
1079.626364663
 20
608.771533485
 10
1079.430717735
 20
608.226628205
  0
LWPOLYLINE
  5
1249
330
A02
100
AcDbEntity
100
AcDbPolyline
  8
IsoView
 90
2
 70
0
 43
0
 10
1078.824693358
 20
607.652435151
 10
1078.520555812
 20
607.561813330
  0
LWPOLYLINE
  5
124A
330
A02
100
AcDbEntity
100
AcDbPolyline
  8
IsoView
 90
2
 70
0
 43
0
 10
1078.520555812
 20
607.561813330
 10
1078.446784387
 20
607.658777753
  0
LWPOLYLINE
  5
124B
330
A02
100
AcDbEntity
100
AcDbPolyline
  8
IsoView
 90
2
 70
0
 43
0
 10
1079.020340285
 20
608.197340432
 10
1078.824693358
 20
607.652435151
  0
LINE
  5
124C
330
A02
100
AcDbEntity
  8
IsoView
100
AcDbLine
 10
1035.224142828
 20
626.718781001
 30
0.000000000
 11
1035.135861999
 21
626.635137108
 31
0.000000000
  0
LINE
  5
124D
330
A02
100
AcDbEntity
  8
IsoView
100
AcDbLine
 10
1035.673986530
 20
626.459063619
 30
0.000000000
 11
1035.308531851
 21
626.112804382
 31
0.000000000
  0
LINE
  5
124E
330
A02
100
AcDbEntity
  8
IsoView
100
AcDbLine
 10
1035.135861999
 20
626.635137108
 30
0.000000000
 11
1035.308531851
 21
626.112804382
 31
0.000000000
  0
LINE
  5
124F
330
A02
100
AcDbEntity
  8
IsoView
100
AcDbLine
 10
1039.844226140
 20
624.051374657
 30
0.000000000
 11
1034.187371890
 21
627.317360981
 31
0.000000000
  0
LINE
  5
1250
330
A02
100
AcDbEntity
  8
IsoView
100
AcDbLine
 10
1032.892348005
 20
631.234856422
 30
0.000000000
 11
1034.187371890
 21
627.317360981
 31
0.000000000
  0
LINE
  5
1251
330
A02
100
AcDbEntity
  8
IsoView
100
AcDbLine
 10
1047.981738625
 20
634.209220459
 30
0.000000000
 11
1047.302887701
 21
636.262769765
 31
0.000000000
  0
LINE
  5
1252
330
A02
100
AcDbEntity
  8
IsoView
100
AcDbLine
 10
1048.856011413
 20
633.704458829
 30
0.000000000
 11
1049.028681265
 21
633.182126104
 31
0.000000000
  0
LINE
  5
1253
330
A02
100
AcDbEntity
  8
IsoView
100
AcDbLine
 10
1048.489992929
 20
632.671732278
 30
0.000000000
 11
1049.028681264
 21
633.182126103
 31
0.000000000
  0
LINE
  5
1254
330
A02
100
AcDbEntity
  8
IsoView
100
AcDbLine
 10
1048.597911586
 20
632.345274324
 30
0.000000000
 11
1048.489992929
 21
632.671732278
 31
0.000000000
  0
LINE
  5
1255
330
A02
100
AcDbEntity
  8
IsoView
100
AcDbLine
 10
1039.844226140
 20
624.051374657
 30
0.000000000
 11
1040.998139114
 21
625.144678557
 31
0.000000000
  0
LINE
  5
1256
330
A02
100
AcDbEntity
  8
IsoView
100
AcDbLine
 10
1046.570178399
 20
630.424047464
 30
0.000000000
 11
1048.597911586
 21
632.345274324
 31
0.000000000
  0
LINE
  5
1257
330
A02
100
AcDbEntity
  8
IsoView
100
AcDbLine
 10
1039.563073826
 20
624.213698021
 30
0.000000000
 11
1039.197619148
 21
623.867438785
 31
0.000000000
  0
LINE
  5
1258
330
A02
100
AcDbEntity
  8
IsoView
100
AcDbLine
 10
1039.197619148
 20
623.867438785
 30
0.000000000
 11
1035.308531851
 21
626.112804383
 31
0.000000000
  0
LINE
  5
1259
330
A02
100
AcDbEntity
  8
IsoView
100
AcDbLine
 10
1034.187371890
 20
627.317360981
 30
0.000000000
 11
1042.941057337
 21
635.611260648
 31
0.000000000
  0
LINE
  5
125A
330
A02
100
AcDbEntity
  8
IsoView
100
AcDbLine
 10
1048.597911586
 20
632.345274324
 30
0.000000000
 11
1042.941057337
 21
635.611260648
 31
0.000000000
  0
LINE
  5
125B
330
A02
100
AcDbEntity
  8
IsoView
100
AcDbLine
 10
1041.124709099
 20
632.831037902
 30
0.000000000
 11
1037.757907004
 21
629.641076492
 31
0.000000000
  0
LINE
  5
125C
330
A02
100
AcDbEntity
  8
IsoView
100
AcDbLine
 10
1043.246029442
 20
631.606293031
 30
0.000000000
 11
1041.124709099
 21
632.831037902
 31
0.000000000
  0
LINE
  5
125D
330
A02
100
AcDbEntity
  8
IsoView
100
AcDbLine
 10
1043.736984383
 20
632.071460650
 30
0.000000000
 11
1043.246029442
 21
631.606293031
 31
0.000000000
  0
LINE
  5
125E
330
A02
100
AcDbEntity
  8
IsoView
100
AcDbLine
 10
1046.565411508
 20
630.438467488
 30
0.000000000
 11
1043.736984383
 21
632.071460650
 31
0.000000000
  0
LINE
  5
125F
330
A02
100
AcDbEntity
  8
IsoView
100
AcDbLine
 10
1041.646033451
 20
639.528756089
 30
0.000000000
 11
1032.892348005
 21
631.234856422
 31
0.000000000
  0
LINE
  5
1260
330
A02
100
AcDbEntity
  8
IsoView
100
AcDbLine
 10
1042.941057337
 20
635.611260648
 30
0.000000000
 11
1041.646033451
 21
639.528756089
 31
0.000000000
  0
LINE
  5
1261
330
A02
100
AcDbEntity
  8
IsoView
100
AcDbLine
 10
1047.302887701
 20
636.262769765
 30
0.000000000
 11
1041.646033451
 21
639.528756089
 31
0.000000000
  0
LINE
  5
1262
330
A02
100
AcDbEntity
  8
IsoView
100
AcDbLine
 10
1044.600905632
 20
634.917097875
 30
0.000000000
 11
1048.489992929
 21
632.671732278
 31
0.000000000
  0
LINE
  5
1263
330
A02
100
AcDbEntity
  8
IsoView
100
AcDbLine
 10
1044.600905632
 20
634.917097875
 30
0.000000000
 11
1044.428235781
 21
635.439430601
 31
0.000000000
  0
LINE
  5
1264
330
A02
100
AcDbEntity
  8
IsoView
100
AcDbLine
 10
1044.428235781
 20
635.439430601
 30
0.000000000
 11
1044.966924117
 21
635.949824427
 31
0.000000000
  0
LINE
  5
1265
330
A02
100
AcDbEntity
  8
IsoView
100
AcDbLine
 10
1048.856011413
 20
633.704458829
 30
0.000000000
 11
1044.966924117
 21
635.949824427
 31
0.000000000
  0
LINE
  5
1266
330
A02
100
AcDbEntity
  8
IsoView
100
AcDbLine
 10
1045.139593968
 20
635.427491701
 30
0.000000000
 11
1044.966924116
 21
635.949824426
 31
0.000000000
  0
LINE
  5
1267
330
A02
100
AcDbEntity
  8
IsoView
100
AcDbLine
 10
1045.139593968
 20
635.427491701
 30
0.000000000
 11
1049.028681264
 21
633.182126103
 31
0.000000000
  0
LINE
  5
1268
330
A02
100
AcDbEntity
  8
IsoView
100
AcDbLine
 10
1044.600905632
 20
634.917097875
 30
0.000000000
 11
1045.139593968
 21
635.427491702
 31
0.000000000
  0
LINE
  5
1269
330
A02
100
AcDbEntity
  8
IsoView
100
AcDbLine
 10
1039.029941782
 20
627.585911432
 30
0.000000000
 11
1039.563054736
 21
625.973224909
 31
0.000000000
  0
LINE
  5
126A
330
A02
100
AcDbEntity
  8
IsoView
100
AcDbLine
 10
1039.563054736
 20
625.973224909
 30
0.000000000
 11
1042.391481861
 21
624.340231747
 31
0.000000000
  0
LINE
  5
126B
330
A02
100
AcDbEntity
  8
IsoView
100
AcDbLine
 10
1040.418820633
 20
626.784041854
 30
0.000000000
 11
1039.563054736
 21
625.973224909
 31
0.000000000
  0
LINE
  5
126C
330
A02
100
AcDbEntity
  8
IsoView
100
AcDbLine
 10
1037.757907004
 20
629.641076492
 30
0.000000000
 11
1038.297500290
 21
628.008786725
 31
0.000000000
  0
LINE
  5
126D
330
A02
100
AcDbEntity
  8
IsoView
100
AcDbLine
 10
1038.297500290
 20
628.008786725
 30
0.000000000
 11
1040.418820633
 21
626.784041854
 31
0.000000000
  0
LINE
  5
126E
330
A02
100
AcDbEntity
  8
IsoView
100
AcDbLine
 10
1041.124709099
 20
632.831037902
 30
0.000000000
 11
1041.664302384
 21
631.198748135
 31
0.000000000
  0
LINE
  5
126F
330
A02
100
AcDbEntity
  8
IsoView
100
AcDbLine
 10
1041.664302384
 20
631.198748135
 30
0.000000000
 11
1038.297500290
 21
628.008786725
 31
0.000000000
  0
LINE
  5
1270
330
A02
100
AcDbEntity
  8
IsoView
100
AcDbLine
 10
1043.246029442
 20
631.606293031
 30
0.000000000
 11
1043.785622728
 21
629.974003264
 31
0.000000000
  0
LINE
  5
1271
330
A02
100
AcDbEntity
  8
IsoView
100
AcDbLine
 10
1043.785622728
 20
629.974003264
 30
0.000000000
 11
1041.664302384
 21
631.198748135
 31
0.000000000
  0
LINE
  5
1272
330
A02
100
AcDbEntity
  8
IsoView
100
AcDbLine
 10
1043.736984383
 20
632.071460650
 30
0.000000000
 11
1044.276577668
 21
630.439170883
 31
0.000000000
  0
LINE
  5
1273
330
A02
100
AcDbEntity
  8
IsoView
100
AcDbLine
 10
1044.276577668
 20
630.439170883
 30
0.000000000
 11
1043.785622728
 21
629.974003264
 31
0.000000000
  0
LINE
  5
1274
330
A02
100
AcDbEntity
  8
IsoView
100
AcDbLine
 10
1046.565411508
 20
630.438467488
 30
0.000000000
 11
1047.105004793
 21
628.806177721
 31
0.000000000
  0
LINE
  5
1275
330
A02
100
AcDbEntity
  8
IsoView
100
AcDbLine
 10
1047.105004793
 20
628.806177721
 30
0.000000000
 11
1044.276577668
 21
630.439170883
 31
0.000000000
  0
LINE
  5
1276
330
A02
100
AcDbEntity
  8
IsoView
100
AcDbLine
 10
1042.391481861
 20
624.340231747
 30
0.000000000
 11
1047.105004793
 21
628.806177721
 31
0.000000000
  0
LWPOLYLINE
  5
1277
330
A02
100
AcDbEntity
100
AcDbPolyline
  8
IsoView
 90
3
 70
0
 43
0
 10
1076.595031246
 20
607.447637138
 10
1074.214716677
 20
603.574371568
 10
1073.661630199
 20
603.687592923
  0
LWPOLYLINE
  5
1278
330
A02
100
AcDbEntity
100
AcDbPolyline
  8
IsoView
 90
2
 70
0
 43
0
 10
1073.661630199
 20
603.687592923
 10
1073.228229152
 20
604.257675728
  0
LWPOLYLINE
  5
1279
330
A02
100
AcDbEntity
100
AcDbPolyline
  8
IsoView
 90
2
 70
0
 43
0
 10
1073.228229152
 20
604.257675728
 10
1073.186056208
 20
604.413083441
  0
LWPOLYLINE
  5
127A
330
A02
100
AcDbEntity
100
AcDbPolyline
  8
IsoView
 90
2
 70
0
 43
0
 10
1075.295549985
 20
608.066833841
 10
1076.161630199
 20
608.017719942
  0
LWPOLYLINE
  5
127B
330
A02
100
AcDbEntity
100
AcDbPolyline
  8
IsoView
 90
2
 70
0
 43
0
 10
1076.161630199
 20
608.017719942
 10
1076.595031246
 20
607.447637138
  0
LWPOLYLINE
  5
127C
330
A02
100
AcDbEntity
100
AcDbPolyline
  8
IsoView
 90
2
 70
0
 43
0
 10
1075.093039004
 20
605.381961602
 10
1074.536630199
 20
605.203137380
  0
LWPOLYLINE
  5
127D
330
A02
100
AcDbEntity
100
AcDbPolyline
  8
IsoView
 90
2
 70
0
 43
0
 10
1074.536630199
 20
605.203137380
 10
1074.413292116
 20
605.355467961
  0
LWPOLYLINE
  5
127E
330
A02
100
AcDbEntity
100
AcDbPolyline
  8
IsoView
 90
2
 70
0
 43
0
 10
1075.434904738
 20
606.254326529
 10
1075.093039004
 20
605.381961602
  0
LWPOLYLINE
  5
127F
330
A02
100
AcDbEntity
100
AcDbPolyline
  8
IsoView
 90
2
 70
0
 43
0
 10
1021.231968696
 20
607.331335606
 10
1021.548897974
 20
608.299218909
  0
LWPOLYLINE
  5
1280
330
A02
100
AcDbEntity
100
AcDbPolyline
  8
IsoView
 90
2
 70
0
 43
0
 10
1020.552221806
 20
607.304841967
 10
1020.675559889
 20
607.152511385
  0
LWPOLYLINE
  5
1281
330
A02
100
AcDbEntity
100
AcDbPolyline
  8
IsoView
 90
2
 70
0
 43
0
 10
1020.675559889
 20
607.152511385
 10
1021.231968694
 20
607.331335607
  0
LWPOLYLINE
  5
1282
330
A02
100
AcDbEntity
100
AcDbPolyline
  8
IsoView
 90
2
 70
0
 43
0
 10
1020.869151085
 20
608.272725269
 10
1020.552221806
 20
607.304841967
  0
LWPOLYLINE
  5
1283
330
A02
100
AcDbEntity
100
AcDbPolyline
  8
IsoView
 90
2
 70
0
 43
0
 10
1021.548897974
 20
608.299218909
 10
1021.425559891
 20
608.451549490
  0
LWPOLYLINE
  5
1284
330
A02
100
AcDbEntity
100
AcDbPolyline
  8
IsoView
 90
2
 70
0
 43
0
 10
1021.425559891
 20
608.451549490
 10
1020.869151086
 20
608.272725269
  0
LWPOLYLINE
  5
1285
330
A02
100
AcDbEntity
100
AcDbPolyline
  8
IsoView
 90
2
 70
0
 43
0
 10
1076.089715171
 20
606.376338544
 10
1075.533306367
 20
606.197514322
  0
LWPOLYLINE
  5
1286
330
A02
100
AcDbEntity
100
AcDbPolyline
  8
IsoView
 90
2
 70
0
 43
0
 10
1075.533306367
 20
606.197514322
 10
1075.409968283
 20
606.349844904
  0
LWPOLYLINE
  5
1287
330
A02
100
AcDbEntity
100
AcDbPolyline
  8
IsoView
 90
2
 70
0
 43
0
 10
1076.406644450
 20
607.344221846
 10
1076.089715171
 20
606.376338544
  0
LWPOLYLINE
  5
1288
330
A02
100
AcDbEntity
100
AcDbPolyline
  8
IsoView
 90
2
 70
0
 43
0
 10
1076.089715171
 20
607.527201051
 10
1076.283306367
 20
607.496552428
  0
LWPOLYLINE
  5
1289
330
A02
100
AcDbEntity
100
AcDbPolyline
  8
IsoView
 90
2
 70
0
 43
0
 10
1076.283306367
 20
607.496552428
 10
1076.406644450
 20
607.344221846
  0
LWPOLYLINE
  5
128A
330
A02
100
AcDbEntity
100
AcDbPolyline
  8
IsoView
 90
2
 70
0
 43
0
 10
1022.228644863
 20
608.325712549
 10
1022.545574142
 20
609.293595851
  0
LWPOLYLINE
  5
128B
330
A02
100
AcDbEntity
100
AcDbPolyline
  8
IsoView
 90
2
 70
0
 43
0
 10
1021.548897973
 20
608.299218910
 10
1021.672236057
 20
608.146888328
  0
LWPOLYLINE
  5
128C
330
A02
100
AcDbEntity
100
AcDbPolyline
  8
IsoView
 90
2
 70
0
 43
0
 10
1021.672236057
 20
608.146888328
 10
1022.228644861
 20
608.325712550
  0
LWPOLYLINE
  5
128D
330
A02
100
AcDbEntity
100
AcDbPolyline
  8
IsoView
 90
2
 70
0
 43
0
 10
1021.865827252
 20
609.267102212
 10
1021.548897973
 20
608.299218910
  0
LWPOLYLINE
  5
128E
330
A02
100
AcDbEntity
100
AcDbPolyline
  8
IsoView
 90
2
 70
0
 43
0
 10
1022.545574142
 20
609.293595851
 10
1022.422236058
 20
609.445926433
  0
LWPOLYLINE
  5
128F
330
A02
100
AcDbEntity
100
AcDbPolyline
  8
IsoView
 90
2
 70
0
 43
0
 10
1022.422236058
 20
609.445926433
 10
1021.865827253
 20
609.267102211
  0
LWPOLYLINE
  5
1290
330
A02
100
AcDbEntity
100
AcDbPolyline
  8
IsoView
 90
2
 70
0
 43
0
 10
1074.096362837
 20
604.387584659
 10
1073.539954032
 20
604.208760437
  0
LWPOLYLINE
  5
1291
330
A02
100
AcDbEntity
100
AcDbPolyline
  8
IsoView
 90
2
 70
0
 43
0
 10
1073.539954032
 20
604.208760437
 10
1073.416615949
 20
604.361091019
  0
LWPOLYLINE
  5
1292
330
A02
100
AcDbEntity
100
AcDbPolyline
  8
IsoView
 90
2
 70
0
 43
0
 10
1074.438228571
 20
605.259949586
 10
1074.096362837
 20
604.387584659
  0
LWPOLYLINE
  5
1293
330
A02
100
AcDbEntity
100
AcDbPolyline
  8
IsoView
 90
2
 70
0
 43
0
 10
1020.235292528
 20
606.336958664
 10
1020.552221807
 20
607.304841966
  0
LWPOLYLINE
  5
1294
330
A02
100
AcDbEntity
100
AcDbPolyline
  8
IsoView
 90
2
 70
0
 43
0
 10
1019.555545639
 20
606.310465025
 10
1019.678883722
 20
606.158134443
  0
LWPOLYLINE
  5
1295
330
A02
100
AcDbEntity
100
AcDbPolyline
  8
IsoView
 90
2
 70
0
 43
0
 10
1019.678883722
 20
606.158134443
 10
1020.235292527
 20
606.336958665
  0
LWPOLYLINE
  5
1296
330
A02
100
AcDbEntity
100
AcDbPolyline
  8
IsoView
 90
2
 70
0
 43
0
 10
1019.872474918
 20
607.278348327
 10
1019.555545639
 20
606.310465025
  0
LWPOLYLINE
  5
1297
330
A02
100
AcDbEntity
100
AcDbPolyline
  8
IsoView
 90
2
 70
0
 43
0
 10
1020.552221807
 20
607.304841966
 10
1020.428883724
 20
607.457172548
  0
LWPOLYLINE
  5
1298
330
A02
100
AcDbEntity
100
AcDbPolyline
  8
IsoView
 90
2
 70
0
 43
0
 10
1020.428883724
 20
607.457172548
 10
1019.872474919
 20
607.278348326
  0
LINE
  5
1299
330
A02
100
AcDbEntity
  8
IsoView
100
AcDbLine
 10
1145.084504367
 20
628.413911174
 30
0.000000000
 11
1143.670290805
 21
629.230407755
 31
0.000000000
  0
LINE
  5
129A
330
A02
100
AcDbEntity
  8
IsoView
100
AcDbLine
 10
1143.670290805
 20
629.230407755
 30
0.000000000
 11
1116.653667480
 21
599.317213361
 31
0.000000000
  0
LINE
  5
129B
330
A02
100
AcDbEntity
  8
IsoView
100
AcDbLine
 10
1100.255558423
 20
581.160990876
 30
0.000000000
 11
1092.256387781
 21
572.304193950
 31
0.000000000
  0
LINE
  5
129C
330
A02
100
AcDbEntity
  8
IsoView
100
AcDbLine
 10
1152.775636640
 20
613.500666578
 30
0.000000000
 11
1145.084504367
 21
628.413911174
 31
0.000000000
  0
LINE
  5
129D
330
A02
100
AcDbEntity
  8
IsoView
100
AcDbLine
 10
1092.256387781
 20
572.304193950
 30
0.000000000
 11
1095.412780737
 21
566.183890915
 31
0.000000000
  0
LINE
  5
129E
330
A02
100
AcDbEntity
  8
IsoView
100
AcDbLine
 10
1151.361423078
 20
614.317163159
 30
0.000000000
 11
1143.670290805
 21
629.230407755
 31
0.000000000
  0
LINE
  5
129F
330
A02
100
AcDbEntity
  8
IsoView
100
AcDbLine
 10
1136.865327246
 20
602.238674792
 30
0.000000000
 11
1131.022825188
 21
605.611844928
 31
0.000000000
  0
LINE
  5
12A0
330
A02
100
AcDbEntity
  8
IsoView
100
AcDbLine
 10
1131.022825188
 20
605.611844928
 30
0.000000000
 11
1079.608922165
 21
548.685631123
 31
0.000000000
  0
LINE
  5
12A1
330
A02
100
AcDbEntity
  8
IsoView
100
AcDbLine
 10
1131.907547530
 20
603.896352304
 30
0.000000000
 11
1131.022825188
 21
605.611844928
 31
0.000000000
  0
LINE
  5
12A2
330
A02
100
AcDbEntity
  8
IsoView
100
AcDbLine
 10
1079.608922165
 20
548.685631123
 30
0.000000000
 11
1080.493644507
 21
546.970138499
 31
0.000000000
  0
LINE
  5
12A3
330
A02
100
AcDbEntity
  8
IsoView
100
AcDbLine
 10
1080.493644507
 20
546.970138499
 30
0.000000000
 11
1131.907547530
 21
603.896352304
 31
0.000000000
  0
LINE
  5
12A4
330
A02
100
AcDbEntity
  8
IsoView
100
AcDbLine
 10
1136.150188218
 20
601.446862561
 30
0.000000000
 11
1131.907547530
 21
603.896352304
 31
0.000000000
  0
LINE
  5
12A5
330
A02
100
AcDbEntity
  8
IsoView
100
AcDbLine
 10
1084.736285194
 20
544.520648756
 30
0.000000000
 11
1080.493644507
 21
546.970138499
 31
0.000000000
  0
LINE
  5
12A6
330
A02
100
AcDbEntity
  8
IsoView
100
AcDbLine
 10
541.407166767
 20
326.893088721
 30
0.000000000
 11
510.688265922
 21
344.628654393
 31
0.000000000
  0
LWPOLYLINE
  5
12A7
330
A02
100
AcDbEntity
100
AcDbPolyline
  8
IsoView
 90
2
 70
0
 43
0
 10
510.270667591
 20
342.619558571
 10
510.688265922
 20
344.628654393
  0
LWPOLYLINE
  5
12A8
330
A02
100
AcDbEntity
100
AcDbPolyline
  8
IsoView
 90
4
 70
0
 43
0
 10
502.662591399
 20
331.887460910
 10
506.373557617
 20
335.207040981
 10
509.061428135
 20
339.408393376
 10
510.270667591
 20
342.619558571
  0
LINE
  5
12A9
330
A02
100
AcDbEntity
  8
IsoView
100
AcDbLine
 10
533.646788963
 20
313.998726105
 30
0.000000000
 11
502.662591399
 21
331.887460910
 31
0.000000000
  0
LWPOLYLINE
  5
12AA
330
A02
100
AcDbEntity
100
AcDbPolyline
  8
IsoView
 90
2
 70
0
 43
0
 10
502.129106483
 20
351.165078614
 10
501.967827423
 20
351.065801887
  0
LINE
  5
12AB
330
A02
100
AcDbEntity
  8
IsoView
100
AcDbLine
 10
510.061298903
 20
345.523961855
 30
0.000000000
 11
538.004702796
 21
329.390829477
 31
0.000000000
  0
LWPOLYLINE
  5
12AC
330
A02
100
AcDbEntity
100
AcDbPolyline
  8
IsoView
 90
2
 70
0
 43
0
 10
510.688265921
 20
344.628654394
 10
510.061298842
 20
345.523962014
  0
LWPOLYLINE
  5
12AD
330
A02
100
AcDbEntity
100
AcDbPolyline
  8
IsoView
 90
2
 70
0
 43
0
 10
509.392064285
 20
345.970393854
 10
510.061298816
 20
345.523962167
  0
LWPOLYLINE
  5
12AE
330
A02
100
AcDbEntity
100
AcDbPolyline
  8
IsoView
 90
2
 70
0
 43
0
 10
509.392064274
 20
345.970393855
 10
508.901761377
 20
342.933284773
  0
LWPOLYLINE
  5
12AF
330
A02
100
AcDbEntity
100
AcDbPolyline
  8
IsoView
 90
4
 70
0
 43
0
 10
508.901761377
 20
342.933284773
 10
506.912052324
 20
338.363447637
 10
503.766730634
 20
334.498551907
 10
500.818661210
 20
332.496316164
  0
LWPOLYLINE
  5
12B0
330
A02
100
AcDbEntity
100
AcDbPolyline
  8
IsoView
 90
2
 70
0
 43
0
 10
501.703579810
 20
331.906285850
 10
500.818661186
 20
332.496316160
  0
LWPOLYLINE
  5
12B1
330
A02
100
AcDbEntity
100
AcDbPolyline
  8
IsoView
 90
2
 70
0
 43
0
 10
501.703579810
 20
331.906285850
 10
502.662591398
 20
331.887460910
  0
LINE
  5
12B2
330
A02
100
AcDbEntity
  8
IsoView
100
AcDbLine
 10
533.257379717
 20
313.688691496
 30
0.000000000
 11
501.703579843
 21
331.906285978
 31
0.000000000
  0
LINE
  5
12B3
330
A02
100
AcDbEntity
  8
IsoView
100
AcDbLine
 10
493.851870215
 20
337.816686899
 30
0.000000000
 11
500.818661210
 21
332.496316163
 31
0.000000000
  0
LWPOLYLINE
  5
12B4
330
A02
100
AcDbEntity
100
AcDbPolyline
  8
IsoView
 90
2
 70
0
 43
0
 10
493.851870215
 20
337.816686899
 10
494.342173145
 20
340.853796140
  0
LINE
  5
12B5
330
A02
100
AcDbEntity
  8
IsoView
100
AcDbLine
 10
494.491078978
 20
341.082547189
 30
0.000000000
 11
494.361322552
 21
340.923000090
 31
0.000000000
  0
LINE
  5
12B6
330
A02
100
AcDbEntity
  8
IsoView
100
AcDbLine
 10
494.491078978
 20
341.082547189
 30
0.000000000
 11
501.562146663
 21
337.000064128
 31
0.000000000
  0
LWPOLYLINE
  5
12B7
330
A02
100
AcDbEntity
100
AcDbPolyline
  8
IsoView
 90
2
 70
0
 43
0
 10
502.350997945
 20
336.677200492
 10
501.562146943
 20
337.000061893
  0
LINE
  5
12B8
330
A02
100
AcDbEntity
  8
IsoView
100
AcDbLine
 10
502.449937491
 20
351.336575545
 30
0.000000000
 11
538.024140360
 21
330.797799397
 31
0.000000000
  0
LWPOLYLINE
  5
12B9
330
A02
100
AcDbEntity
100
AcDbPolyline
  8
IsoView
 90
2
 70
0
 43
0
 10
502.449937582
 20
351.336575505
 10
502.217447209
 20
351.218825968
  0
LWPOLYLINE
  5
12BA
330
A02
100
AcDbEntity
100
AcDbPolyline
  8
IsoView
 90
2
 70
0
 43
0
 10
502.217447209
 20
351.218825968
 10
502.129106483
 20
351.165078614
  0
LINE
  5
12BB
330
A02
100
AcDbEntity
  8
IsoView
100
AcDbLine
 10
499.941204291
 20
349.692418691
 30
0.000000000
 11
499.849455894
 21
349.503845775
 31
0.000000000
  0
LWPOLYLINE
  5
12BC
330
A02
100
AcDbEntity
100
AcDbPolyline
  8
IsoView
 90
2
 70
0
 43
0
 10
499.941204291
 20
349.692418691
 10
501.621967245
 20
350.875002789
  0
LWPOLYLINE
  5
12BD
330
A02
100
AcDbEntity
100
AcDbPolyline
  8
IsoView
 90
2
 70
0
 43
0
 10
501.621967245
 20
350.875002789
 10
502.425273319
 20
351.290764651
  0
LWPOLYLINE
  5
12BE
330
A02
100
AcDbEntity
100
AcDbPolyline
  8
IsoView
 90
2
 70
0
 43
0
 10
502.449937472
 20
351.336575816
 10
502.425273327
 20
351.290764653
  0
LINE
  5
12BF
330
A02
100
AcDbEntity
  8
IsoView
100
AcDbLine
 10
502.425273299
 20
351.290764619
 30
0.000000000
 11
509.392064295
 21
345.970393883
 31
0.000000000
  0
LINE
  5
12C0
330
A02
100
AcDbEntity
  8
IsoView
100
AcDbLine
 10
501.569117313
 20
348.190581705
 30
0.000000000
 11
499.849455894
 21
349.503845774
 31
0.000000000
  0
LINE
  5
12C1
330
A02
100
AcDbEntity
  8
IsoView
100
AcDbLine
 10
496.210740397
 20
339.769283121
 30
0.000000000
 11
494.491078978
 21
341.082547190
 31
0.000000000
  0
LWPOLYLINE
  5
12C2
330
A02
100
AcDbEntity
100
AcDbPolyline
  8
IsoView
 90
2
 70
0
 43
0
 10
494.361322552
 20
340.923000091
 10
494.342173145
 20
340.853796140
  0
LWPOLYLINE
  5
12C3
330
A02
100
AcDbEntity
100
AcDbPolyline
  8
IsoView
 90
2
 70
0
 43
0
 10
496.210740397
 20
339.769283121
 10
497.522304923
 20
338.841330056
  0
LWPOLYLINE
  5
12C4
330
A02
100
AcDbEntity
100
AcDbPolyline
  8
IsoView
 90
2
 70
0
 43
0
 10
497.522304923
 20
338.841330056
 10
499.046905094
 20
337.866876656
  0
LINE
  5
12C5
330
A02
100
AcDbEntity
  8
IsoView
100
AcDbLine
 10
501.729513074
 20
336.318072216
 30
0.000000000
 11
499.046905094
 21
337.866876656
 31
0.000000000
  0
LINE
  5
12C6
330
A02
100
AcDbEntity
  8
IsoView
100
AcDbLine
 10
504.405282010
 20
346.288175240
 30
0.000000000
 11
506.430198724
 21
345.119089030
 31
0.000000000
  0
LWPOLYLINE
  5
12C7
330
A02
100
AcDbEntity
100
AcDbPolyline
  8
IsoView
 90
2
 70
0
 43
0
 10
501.569117313
 20
348.190581705
 10
504.405282010
 20
346.288175240
  0
LWPOLYLINE
  5
12C8
330
A02
100
AcDbEntity
100
AcDbPolyline
  8
IsoView
 90
2
 70
0
 43
0
 10
560.705651790
 20
327.167906080
 10
559.604503621
 20
330.232568103
  0
LWPOLYLINE
  5
12C9
330
A02
100
AcDbEntity
100
AcDbPolyline
  8
IsoView
 90
9
 70
0
 43
0
 10
540.977828534
 20
297.518397471
 10
545.763893258
 20
298.843823165
 10
549.931297073
 20
301.584674460
 10
553.461977744
 20
305.116054279
 10
556.384980163
 20
309.166938850
 10
558.686692652
 20
313.600667211
 10
560.289130378
 20
318.331176142
 10
561.007593911
 20
323.270156944
 10
560.705651790
 20
327.167906080
  0
LWPOLYLINE
  5
12CA
330
A02
100
AcDbEntity
100
AcDbPolyline
  8
IsoView
 90
2
 70
0
 43
0
 10
609.177599533
 20
327.415991371
 10
611.564001588
 20
330.629106663
  0
LWPOLYLINE
  5
12CB
330
A02
100
AcDbEntity
100
AcDbPolyline
  8
IsoView
 90
3
 70
0
 43
0
 10
607.766758534
 20
326.742312809
 10
609.936988594
 20
331.148344103
 10
611.554128450
 20
332.285764401
  0
LWPOLYLINE
  5
12CC
330
A02
100
AcDbEntity
100
AcDbPolyline
  8
IsoView
 90
2
 70
0
 43
0
 10
583.238360073
 20
387.603067405
 10
584.683273232
 20
388.949881575
  0
LWPOLYLINE
  5
12CD
330
A02
100
AcDbEntity
100
AcDbPolyline
  8
IsoView
 90
2
 70
0
 43
0
 10
582.432159231
 20
386.384802977
 10
583.238360073
 20
387.603067405
  0
LWPOLYLINE
  5
12CE
330
A02
100
AcDbEntity
100
AcDbPolyline
  8
IsoView
 90
17
 70
0
 43
0
 10
623.116521028
 20
315.120346709
 10
624.345545805
 20
319.966616162
 10
625.379141145
 20
324.858254465
 10
626.203113316
 20
329.789483212
 10
626.800640613
 20
334.753177407
 10
627.151761086
 20
339.740276774
 10
627.232771754
 20
344.738951214
 10
627.015562627
 20
349.733407671
 10
626.466964641
 20
354.702182313
 10
625.548308967
 20
359.615721748
 10
624.215627277
 20
364.433063555
 10
622.421328272
 20
369.097599861
 10
620.118749774
 20
373.532510418
 10
617.271343349
 20
377.637867205
 10
613.867213923
 20
381.293630435
 10
609.935546040
 20
384.373853217
 10
608.392769835
 20
385.327137774
  0
LWPOLYLINE
  5
12CF
330
A02
100
AcDbEntity
100
AcDbPolyline
  8
IsoView
 90
2
 70
0
 43
0
 10
623.116521028
 20
315.120346709
 10
622.756205549
 20
313.832289403
  0
LWPOLYLINE
  5
12D0
330
A02
100
AcDbEntity
100
AcDbPolyline
  8
IsoView
 90
6
 70
0
 43
0
 10
536.990114573
 20
223.548741287
 10
531.993517267
 20
223.505264906
 10
527.035745943
 20
224.121276982
 10
522.223409809
 20
225.459834638
 10
517.684858339
 20
227.544572050
 10
517.392607234
 20
227.711153248
  0
LWPOLYLINE
  5
12D1
330
A02
100
AcDbEntity
100
AcDbPolyline
  8
IsoView
 90
2
 70
0
 43
0
 10
495.703948064
 20
253.852507823
 10
496.595888755
 20
252.221945488
  0
LWPOLYLINE
  5
12D2
330
A02
100
AcDbEntity
100
AcDbPolyline
  8
IsoView
 90
2
 70
0
 43
0
 10
496.595888755
 20
252.221945488
 10
497.954116004
 20
252.665015260
  0
LWPOLYLINE
  5
12D3
330
A02
100
AcDbEntity
100
AcDbPolyline
  8
IsoView
 90
2
 70
0
 43
0
 10
498.022898597
 20
252.746882326
 10
497.954116004
 20
252.665015260
  0
LWPOLYLINE
  5
12D4
330
A02
100
AcDbEntity
100
AcDbPolyline
  8
IsoView
 90
4
 70
0
 43
0
 10
603.800622937
 20
326.917300248
 10
608.623081642
 20
327.098898815
 10
611.611817225
 20
330.881969517
 10
609.989940094
 20
334.305613293
  0
LWPOLYLINE
  5
12D5
330
A02
100
AcDbEntity
100
AcDbPolyline
  8
IsoView
 90
2
 70
0
 43
0
 10
609.989940094
 20
334.305613293
 10
609.788133240
 20
334.414193655
  0
LWPOLYLINE
  5
12D6
330
A02
100
AcDbEntity
100
AcDbPolyline
  8
IsoView
 90
2
 70
0
 43
0
 10
603.800622937
 20
326.917300248
 10
603.594553997
 20
327.028325890
  0
LWPOLYLINE
  5
12D7
330
A02
100
AcDbEntity
100
AcDbPolyline
  8
IsoView
 90
4
 70
0
 43
0
 10
603.594553997
 20
327.028325890
 10
602.142578841
 20
331.351533598
 10
605.773088196
 20
334.564427562
 10
609.788133240
 20
334.414193655
  0
LWPOLYLINE
  5
12D8
330
A02
100
AcDbEntity
100
AcDbPolyline
  8
IsoView
 90
3
 70
0
 43
0
 10
581.550897337
 20
385.753419367
 10
584.866138939
 20
389.389750348
 10
584.480880812
 20
390.958493774
  0
LWPOLYLINE
  5
12D9
330
A02
100
AcDbEntity
100
AcDbPolyline
  8
IsoView
 90
3
 70
0
 43
0
 10
584.480880812
 20
390.958493774
 10
579.819893930
 20
389.745750337
 10
579.683576225
 20
389.655422816
  0
LWPOLYLINE
  5
12DA
330
A02
100
AcDbEntity
100
AcDbPolyline
  8
IsoView
 90
3
 70
0
 43
0
 10
581.550897337
 20
385.753419367
 10
576.876387564
 20
384.400309218
 10
576.688360995
 20
384.487947627
  0
LWPOLYLINE
  5
12DB
330
A02
100
AcDbEntity
100
AcDbPolyline
  8
IsoView
 90
3
 70
0
 43
0
 10
576.688360995
 20
384.487947627
 10
578.330079087
 20
388.604515660
 10
579.683576225
 20
389.655422816
  0
LWPOLYLINE
  5
12DC
330
A02
100
AcDbEntity
100
AcDbPolyline
  8
IsoView
 90
2
 70
0
 43
0
 10
561.051373097
 20
327.452962279
 10
560.088720548
 20
330.280275359
  0
LWPOLYLINE
  5
12DD
330
A02
100
AcDbEntity
100
AcDbPolyline
  8
IsoView
 90
2
 70
0
 43
0
 10
560.088720548
 20
330.280275359
 10
559.390606055
 20
331.438747836
  0
LWPOLYLINE
  5
12DE
330
A02
100
AcDbEntity
100
AcDbPolyline
  8
IsoView
 90
2
 70
0
 43
0
 10
540.727869251
 20
297.057917976
 10
540.912726441
 20
297.066479281
  0
LWPOLYLINE
  5
12DF
330
A02
100
AcDbEntity
100
AcDbPolyline
  8
IsoView
 90
9
 70
0
 43
0
 10
540.912726441
 20
297.066479281
 10
545.697810104
 20
298.402234165
 10
549.878585040
 20
301.123371199
 10
553.436937459
 20
304.627123628
 10
556.401880164
 20
308.647620916
 10
558.764042758
 20
313.049713039
 10
560.456264610
 20
317.749344246
 10
561.318940277
 20
322.666408298
 10
561.051373097
 20
327.452962279
  0
LWPOLYLINE
  5
12E0
330
A02
100
AcDbEntity
100
AcDbPolyline
  8
IsoView
 90
2
 70
0
 43
0
 10
559.372941828
 20
331.183576270
 10
560.275584572
 20
329.888678793
  0
LWPOLYLINE
  5
12E1
330
A02
100
AcDbEntity
100
AcDbPolyline
  8
IsoView
 90
2
 70
0
 43
0
 10
540.758629011
 20
297.114584161
 10
541.344788372
 20
297.100397994
  0
LWPOLYLINE
  5
12E2
330
A02
100
AcDbEntity
100
AcDbPolyline
  8
IsoView
 90
7
 70
0
 43
0
 10
486.739150898
 20
308.937050864
 10
488.384341018
 20
313.658437422
 10
490.167794417
 20
318.329362165
 10
492.084484128
 20
322.947221550
 10
494.130086566
 20
327.509446608
 10
496.300905701
 20
332.013442241
 10
497.744098798
 20
334.844285536
  0
LWPOLYLINE
  5
12E3
330
A02
100
AcDbEntity
100
AcDbPolyline
  8
IsoView
 90
2
 70
0
 43
0
 10
499.523275751
 20
338.177206912
 10
500.049345686
 20
339.132207457
  0
LWPOLYLINE
  5
12E4
330
A02
100
AcDbEntity
100
AcDbPolyline
  8
IsoView
 90
2
 70
0
 43
0
 10
503.044361610
 20
344.331237438
 10
504.277089990
 20
346.363461365
  0
LWPOLYLINE
  5
12E5
330
A02
100
AcDbEntity
100
AcDbPolyline
  8
IsoView
 90
31
 70
0
 43
0
 10
506.083298858
 20
349.238853065
 10
508.838754164
 20
353.410892891
 10
511.707596157
 20
357.505787069
 10
514.689242354
 20
361.519282493
 10
517.783454745
 20
365.446640206
 10
520.990324732
 20
369.282547298
 10
524.310258444
 20
373.021012822
 10
527.743960535
 20
376.655243461
 10
531.292413771
 20
380.177493611
 10
534.956850602
 20
383.578883235
 10
538.738711085
 20
386.849175201
 10
542.639578783
 20
389.976501892
 10
546.661082026
 20
392.947028681
 10
550.804741425
 20
395.744539896
 10
555.071734706
 20
398.349931824
 10
559.462535137
 20
400.740599104
 10
563.976358312
 20
402.889709372
 10
568.610322312
 20
404.765383861
 10
573.358189639
 20
406.329853118
 10
578.208526245
 20
407.538760678
 10
583.142116646
 20
408.340976321
 10
588.128594897
 20
408.679577615
 10
593.122636253
 20
408.495011274
 10
598.060863914
 20
407.731578562
 10
602.861747065
 20
406.347665214
 10
607.431276666
 20
404.327890080
 10
611.675405308
 20
401.692245867
 10
615.515783668
 20
398.496474449
 10
618.901796830
 20
394.822118706
 10
621.813747063
 20
390.761077666
 10
623.050499148
 20
388.689496592
  0
LWPOLYLINE
  5
12E6
330
A02
100
AcDbEntity
100
AcDbPolyline
  8
IsoView
 90
7
 70
0
 43
0
 10
484.956939655
 20
309.786770668
 10
486.605350542
 20
314.507037082
 10
488.390826898
 20
319.177192029
 10
490.308432222
 20
323.794674190
 10
492.353915881
 20
328.356955290
 10
494.523639760
 20
332.861481357
 10
496.155688978
 20
336.057315915
  0
LWPOLYLINE
  5
12E7
330
A02
100
AcDbEntity
100
AcDbPolyline
  8
IsoView
 90
2
 70
0
 43
0
 10
497.817007213
 20
339.162321512
 10
498.343227710
 20
340.117235130
  0
LWPOLYLINE
  5
12E8
330
A02
100
AcDbEntity
100
AcDbPolyline
  8
IsoView
 90
2
 70
0
 43
0
 10
501.338283164
 20
345.316242288
 10
502.624755928
 20
347.436565260
  0
LWPOLYLINE
  5
12E9
330
A02
100
AcDbEntity
100
AcDbPolyline
  8
IsoView
 90
31
 70
0
 43
0
 10
504.375994482
 20
350.224565706
 10
507.129447957
 20
354.397929961
 10
509.995405388
 20
358.494846718
 10
512.973284659
 20
362.511141344
 10
516.062840456
 20
366.442167186
 10
519.264149636
 20
370.282720691
 10
522.577597029
 20
374.026941313
 10
526.003859877
 20
377.668192172
 10
529.543888397
 20
381.198916429
 10
533.198878901
 20
384.610463134
 10
536.970234271
 20
387.892874750
 10
540.859504016
 20
391.034626761
 10
544.868292309
 20
394.022307714
 10
548.998116449
 20
396.840226129
 10
553.250189272
 20
399.469929544
 10
557.625085611
 20
401.889622292
 10
562.122233321
 20
404.073475593
 10
566.739142195
 20
405.990843045
 10
571.470249964
 20
407.605438690
 10
576.305231537
 20
408.874624576
 10
581.226612656
 20
409.749119894
 10
586.206618955
 20
410.173709923
 10
591.203504350
 20
410.089869209
 10
596.158297174
 20
409.441408041
 10
600.993950623
 20
408.183765009
 10
605.619589554
 20
406.295716371
 10
609.941368521
 20
403.789317685
 10
613.877578265
 20
400.712371596
 10
617.371674711
 20
397.140728296
 10
620.397437420
 20
393.163871739
 10
622.687636712
 20
389.372384187
  0
LWPOLYLINE
  5
12EA
330
A02
100
AcDbEntity
100
AcDbPolyline
  8
IsoView
 90
15
 70
0
 43
0
 10
622.687636712
 20
389.372384187
 10
624.847347329
 20
384.865056180
 10
626.585322589
 20
380.178493673
 10
627.935332644
 20
375.365478683
 10
628.931426175
 20
370.466712045
 10
629.605603410
 20
365.513178839
 10
629.986791494
 20
360.528387770
 10
630.100571130
 20
355.530227773
 10
629.969289952
 20
350.532411731
 10
629.612348083
 20
345.545563577
 10
629.046539637
 20
340.578024677
 10
628.286391902
 20
335.636449106
 10
627.344476095
 20
330.726243713
 10
626.231680379
 20
325.851895336
 10
625.214265795
 20
321.942398831
  0
LWPOLYLINE
  5
12EB
330
A02
100
AcDbEntity
100
AcDbPolyline
  8
IsoView
 90
16
 70
0
 43
0
 10
521.809746338
 20
213.335368930
 10
516.817032167
 20
213.552166838
 10
511.884400293
 20
214.350752974
 10
507.094330350
 20
215.771547838
 10
502.541232567
 20
217.828064377
 10
498.318671879
 20
220.498135040
 10
494.503642811
 20
223.724158152
 10
491.144954805
 20
227.423549555
 10
488.260602271
 20
231.504278221
 10
485.843168381
 20
235.878436590
 10
483.868665651
 20
240.470088510
 10
482.304757122
 20
245.217708712
 10
481.116609966
 20
250.073319232
 10
480.270362282
 20
255.000261394
 10
479.734846120
 20
259.970756853
 10
479.627461414
 20
261.517429214
  0
LWPOLYLINE
  5
12EC
330
A02
100
AcDbEntity
100
AcDbPolyline
  8
IsoView
 90
17
 70
0
 43
0
 10
625.214265795
 20
321.942398831
 10
623.815625142
 20
317.142216983
 10
622.269551425
 20
312.387456982
 10
620.582377799
 20
307.680903179
 10
618.759589099
 20
303.025182150
 10
616.805922376
 20
298.422839636
 10
614.725450646
 20
293.876405475
 10
612.521652564
 20
289.388450417
 10
610.197470323
 20
284.961637826
 10
607.755357660
 20
280.598772778
 10
605.197319570
 20
276.302850669
 10
602.524945052
 20
272.077107289
 10
599.739434069
 20
267.925072253
 10
596.841619763
 20
263.850627734
 10
593.831986944
 20
259.858074645
 10
590.710687913
 20
255.952208702
 10
590.515447601
 20
255.715388623
  0
LWPOLYLINE
  5
12ED
330
A02
100
AcDbEntity
100
AcDbPolyline
  8
IsoView
 90
4
 70
0
 43
0
 10
532.254136870
 20
214.824037867
 10
527.346766557
 20
213.873730599
 10
522.374784605
 20
213.362919314
 10
521.036917116
 20
213.308173220
  0
LWPOLYLINE
  5
12EE
330
A02
100
AcDbEntity
100
AcDbPolyline
  8
IsoView
 90
16
 70
0
 43
0
 10
521.036917116
 20
213.308173220
 10
516.041068317
 20
213.438321273
 10
511.093228630
 20
214.137524182
 10
506.271888212
 20
215.448812993
 10
501.668692909
 20
217.390878933
 10
497.377060056
 20
219.948555676
 10
493.476968796
 20
223.071197724
 10
490.022431183
 20
226.681175124
 10
487.037124684
 20
230.688549038
 10
484.518361413
 20
235.005065389
 10
482.445352628
 20
239.553018021
 10
480.787536246
 20
244.268606845
 10
479.510815632
 20
249.101636244
 10
478.581415962
 20
254.013535291
 10
477.967899016
 20
258.974978867
 10
477.713026229
 20
262.430190535
  0
LWPOLYLINE
  5
12EF
330
A02
100
AcDbEntity
100
AcDbPolyline
  8
IsoView
 90
8
 70
0
 43
0
 10
472.434624703
 20
315.757139805
 10
474.173499162
 20
320.444886067
 10
476.029830253
 20
325.087379236
 10
478.000107472
 20
329.682677138
 10
480.081256722
 20
334.228841456
 10
482.270601893
 20
338.723904061
 10
484.565831947
 20
343.165835907
 10
486.598506380
 20
346.898053152
  0
LWPOLYLINE
  5
12F0
330
A02
100
AcDbEntity
100
AcDbPolyline
  8
IsoView
 90
47
 70
0
 43
0
 10
489.594150931
 20
352.096720194
 10
492.201435812
 20
356.362973318
 10
494.908456572
 20
360.566647503
 10
497.714387868
 20
364.704952406
 10
500.618633904
 20
368.774859820
 10
503.620798191
 20
372.773078127
 10
506.720899291
 20
376.695842013
 10
509.918945617
 20
380.539166578
 10
513.215222224
 20
384.298572411
 10
516.610208294
 20
387.969070156
 10
520.104570689
 20
391.545074884
 10
523.699153863
 20
395.020304748
 10
527.394917720
 20
398.387710225
 10
531.193120526
 20
401.639106214
 10
535.094829592
 20
404.765502453
 10
539.101313129
 20
407.756405851
 10
543.213735704
 20
410.599829598
 10
547.433077091
 20
413.281959779
 10
551.759950403
 20
415.786818431
 10
556.194337017
 20
418.095870360
 10
560.735216021
 20
420.187547149
 10
565.379947039
 20
422.036910392
 10
570.123608708
 20
423.614894991
 10
574.957805977
 20
424.888181477
 10
579.869227073
 20
425.819083463
 10
584.837877600
 20
426.365499682
 10
589.834797244
 20
426.482913818
 10
594.820020532
 20
426.126551689
 10
599.741263622
 20
425.256407637
 10
604.534654401
 20
423.843681132
 10
609.128619221
 20
421.877598359
 10
613.451275730
 20
419.370853239
 10
617.439580239
 20
416.360293305
 10
621.047199305
 20
412.902320733
 10
624.248273325
 20
409.064486634
 10
627.036451276
 20
404.916518827
 10
629.420661771
 20
400.523498745
 10
631.419887178
 20
395.942095423
 10
633.058457160
 20
391.219405449
 10
634.362650144
 20
386.393450612
 10
635.358597400
 20
381.494419822
 10
636.070865511
 20
376.546048454
 10
636.521986013
 20
371.566970878
 10
636.732231416
 20
366.571840891
 10
636.719633535
 20
361.572240222
 10
636.500173080
 20
356.577391453
 10
636.395910517
 20
355.077823397
  0
LWPOLYLINE
  5
12F1
330
A02
100
AcDbEntity
100
AcDbPolyline
  8
IsoView
 90
2
 70
0
 43
0
 10
636.395910517
 20
355.077823397
 10
636.395815983
 20
355.076567797
  0
LWPOLYLINE
  5
12F2
330
A02
100
AcDbEntity
100
AcDbPolyline
  8
IsoView
 90
7
 70
0
 43
0
 10
636.395815983
 20
355.076567797
 10
635.928092530
 20
350.098773980
 10
635.283460653
 20
345.140754210
 10
634.472446131
 20
340.207193405
 10
633.504322072
 20
335.302021297
 10
632.387264316
 20
330.428589891
 10
631.357729647
 20
326.430333171
  0
LINE
  5
12F3
330
A02
100
AcDbEntity
  8
IsoView
100
AcDbLine
 10
553.674015231
 20
320.907541262
 30
0.000000000
 11
551.250420674
 21
311.503356761
 31
0.000000000
  0
LINE
  5
12F4
330
A02
100
AcDbEntity
  8
IsoView
100
AcDbLine
 10
546.528478149
 20
307.743904158
 30
0.000000000
 11
551.250420673
 21
311.503356760
 31
0.000000000
  0
LINE
  5
12F5
330
A02
100
AcDbEntity
  8
IsoView
100
AcDbLine
 10
553.507707349
 20
320.601165889
 30
0.000000000
 11
551.279926970
 21
311.956791912
 31
0.000000000
  0
LINE
  5
12F6
330
A02
100
AcDbEntity
  8
IsoView
100
AcDbLine
 10
551.218513698
 20
311.503611034
 30
0.000000000
 11
551.279926970
 21
311.956791913
 31
0.000000000
  0
LINE
  5
12F7
330
A02
100
AcDbEntity
  8
IsoView
100
AcDbLine
 10
551.218513698
 20
311.503611034
 30
0.000000000
 11
551.250420674
 21
311.503356760
 31
0.000000000
  0
LINE
  5
12F8
330
A02
100
AcDbEntity
  8
IsoView
100
AcDbLine
 10
550.214213215
 20
310.748460762
 30
0.000000000
 11
551.218513698
 21
311.503611034
 31
0.000000000
  0
LINE
  5
12F9
330
A02
100
AcDbEntity
  8
IsoView
100
AcDbLine
 10
546.595489860
 20
307.867354341
 30
0.000000000
 11
550.214213215
 21
310.748460762
 31
0.000000000
  0
LINE
  5
12FA
330
A02
100
AcDbEntity
  8
IsoView
100
AcDbLine
 10
548.649731258
 20
311.651714841
 30
0.000000000
 11
550.214213215
 21
310.748460762
 31
0.000000000
  0
LINE
  5
12FB
330
A02
100
AcDbEntity
  8
IsoView
100
AcDbLine
 10
549.403428225
 20
313.040188968
 30
0.000000000
 11
551.279926970
 21
311.956791912
 31
0.000000000
  0
LWPOLYLINE
  5
12FC
330
A02
100
AcDbEntity
100
AcDbPolyline
  8
IsoView
 90
6
 70
0
 43
0
 10
554.429581726
 20
309.470764381
 10
556.835346629
 20
313.850005976
 10
558.642117096
 20
318.507909408
 10
559.734065745
 20
323.381438201
 10
559.879121203
 20
328.368810164
 10
559.331155514
 20
331.329226978
  0
LWPOLYLINE
  5
12FD
330
A02
100
AcDbEntity
100
AcDbPolyline
  8
IsoView
 90
5
 70
0
 43
0
 10
541.032650261
 20
297.619391042
 10
545.459442511
 20
299.914548283
 10
549.307582277
 20
303.096623471
 10
552.604408613
 20
306.850012703
 10
554.429581726
 20
309.470764381
  0
LWPOLYLINE
  5
12FE
330
A02
100
AcDbEntity
100
AcDbPolyline
  8
IsoView
 90
2
 70
0
 43
0
 10
475.569422874
 20
353.275311416
 10
475.676935949
 20
353.203624780
  0
LWPOLYLINE
  5
12FF
330
A02
100
AcDbEntity
100
AcDbPolyline
  8
IsoView
 90
2
 70
0
 43
0
 10
475.676935949
 20
353.203624780
 10
478.561096963
 20
354.744650513
  0
LWPOLYLINE
  5
1300
330
A02
100
AcDbEntity
100
AcDbPolyline
  8
IsoView
 90
2
 70
0
 43
0
 10
478.561096963
 20
354.744650513
 10
478.784449023
 20
358.328090567
  0
LWPOLYLINE
  5
1301
330
A02
100
AcDbEntity
100
AcDbPolyline
  8
IsoView
 90
2
 70
0
 43
0
 10
478.784449023
 20
358.328090567
 10
478.676935949
 20
358.399777203
  0
LWPOLYLINE
  5
1302
330
A02
100
AcDbEntity
100
AcDbPolyline
  8
IsoView
 90
2
 70
0
 43
0
 10
478.676935949
 20
358.399777203
 10
475.943248717
 20
357.082089799
  0
LWPOLYLINE
  5
1303
330
A02
100
AcDbEntity
100
AcDbPolyline
  8
IsoView
 90
2
 70
0
 43
0
 10
475.062659966
 20
354.381567038
 10
475.569422874
 20
353.275311416
  0
LWPOLYLINE
  5
1304
330
A02
100
AcDbEntity
100
AcDbPolyline
  8
IsoView
 90
2
 70
0
 43
0
 10
477.364453234
 20
355.126680657
 10
477.364457350
 20
355.579527531
  0
LWPOLYLINE
  5
1305
330
A02
100
AcDbEntity
100
AcDbPolyline
  8
IsoView
 90
2
 70
0
 43
0
 10
477.396094821
 20
355.634334631
 10
477.804677554
 20
355.852646871
  0
LWPOLYLINE
  5
1306
330
A02
100
AcDbEntity
100
AcDbPolyline
  8
IsoView
 90
2
 70
0
 43
0
 10
477.804677554
 20
355.852646871
 10
477.819915273
 20
355.842491038
  0
LWPOLYLINE
  5
1307
330
A02
100
AcDbEntity
100
AcDbPolyline
  8
IsoView
 90
2
 70
0
 43
0
 10
477.819915273
 20
355.842491038
 10
477.788273685
 20
355.334837064
  0
LWPOLYLINE
  5
1308
330
A02
100
AcDbEntity
100
AcDbPolyline
  8
IsoView
 90
2
 70
0
 43
0
 10
477.788273685
 20
355.334837064
 10
477.379690952
 20
355.116524825
  0
LWPOLYLINE
  5
1309
330
A02
100
AcDbEntity
100
AcDbPolyline
  8
IsoView
 90
2
 70
0
 43
0
 10
477.379690952
 20
355.116524825
 10
477.364453234
 20
355.126680657
  0
LWPOLYLINE
  5
130A
330
A02
100
AcDbEntity
100
AcDbPolyline
  8
IsoView
 90
2
 70
0
 43
0
 10
476.399945390
 20
353.610846913
 10
476.399949505
 20
354.063693786
  0
LWPOLYLINE
  5
130B
330
A02
100
AcDbEntity
100
AcDbPolyline
  8
IsoView
 90
2
 70
0
 43
0
 10
476.431586976
 20
354.118500885
 10
476.840169709
 20
354.336813125
  0
LWPOLYLINE
  5
130C
330
A02
100
AcDbEntity
100
AcDbPolyline
  8
IsoView
 90
2
 70
0
 43
0
 10
476.840169709
 20
354.336813125
 10
476.855407427
 20
354.326657292
  0
LWPOLYLINE
  5
130D
330
A02
100
AcDbEntity
100
AcDbPolyline
  8
IsoView
 90
2
 70
0
 43
0
 10
476.855407427
 20
354.326657292
 10
476.823765840
 20
353.819003319
  0
LWPOLYLINE
  5
130E
330
A02
100
AcDbEntity
100
AcDbPolyline
  8
IsoView
 90
2
 70
0
 43
0
 10
476.823765840
 20
353.819003319
 10
476.415183107
 20
353.600691081
  0
LWPOLYLINE
  5
130F
330
A02
100
AcDbEntity
100
AcDbPolyline
  8
IsoView
 90
2
 70
0
 43
0
 10
476.415183107
 20
353.600691081
 10
476.399945390
 20
353.610846913
  0
LWPOLYLINE
  5
1310
330
A02
100
AcDbEntity
100
AcDbPolyline
  8
IsoView
 90
2
 70
0
 43
0
 10
476.826161295
 20
356.494968561
 10
476.974180945
 20
356.486877158
  0
LWPOLYLINE
  5
1311
330
A02
100
AcDbEntity
100
AcDbPolyline
  8
IsoView
 90
2
 70
0
 43
0
 10
476.974180945
 20
356.486877158
 10
476.989418663
 20
356.476721326
  0
LWPOLYLINE
  5
1312
330
A02
100
AcDbEntity
100
AcDbPolyline
  8
IsoView
 90
2
 70
0
 43
0
 10
476.989418663
 20
356.476721326
 10
477.055208905
 20
356.362727862
  0
LWPOLYLINE
  5
1313
330
A02
100
AcDbEntity
100
AcDbPolyline
  8
IsoView
 90
2
 70
0
 43
0
 10
477.241409599
 20
356.177853418
 10
477.389429250
 20
356.169762014
  0
LWPOLYLINE
  5
1314
330
A02
100
AcDbEntity
100
AcDbPolyline
  8
IsoView
 90
2
 70
0
 43
0
 10
477.389429250
 20
356.169762014
 10
477.404666968
 20
356.159606182
  0
LWPOLYLINE
  5
1315
330
A02
100
AcDbEntity
100
AcDbPolyline
  8
IsoView
 90
2
 70
0
 43
0
 10
477.404666968
 20
356.159606182
 10
477.470457210
 20
356.045612718
  0
LWPOLYLINE
  5
1316
330
A02
100
AcDbEntity
100
AcDbPolyline
  8
IsoView
 90
2
 70
0
 43
0
 10
476.882199312
 20
354.368763786
 10
476.882203427
 20
354.821610659
  0
LWPOLYLINE
  5
1317
330
A02
100
AcDbEntity
100
AcDbPolyline
  8
IsoView
 90
2
 70
0
 43
0
 10
476.913840899
 20
354.876417758
 10
477.322423632
 20
355.094729998
  0
LWPOLYLINE
  5
1318
330
A02
100
AcDbEntity
100
AcDbPolyline
  8
IsoView
 90
2
 70
0
 43
0
 10
477.322423632
 20
355.094729998
 10
477.337661350
 20
355.084574165
  0
LWPOLYLINE
  5
1319
330
A02
100
AcDbEntity
100
AcDbPolyline
  8
IsoView
 90
2
 70
0
 43
0
 10
477.337661350
 20
355.084574165
 10
477.306019762
 20
354.576920192
  0
LWPOLYLINE
  5
131A
330
A02
100
AcDbEntity
100
AcDbPolyline
  8
IsoView
 90
2
 70
0
 43
0
 10
477.306019762
 20
354.576920192
 10
476.897437031
 20
354.358607953
  0
LWPOLYLINE
  5
131B
330
A02
100
AcDbEntity
100
AcDbPolyline
  8
IsoView
 90
2
 70
0
 43
0
 10
476.897437031
 20
354.358607953
 10
476.882199312
 20
354.368763786
  0
LWPOLYLINE
  5
131C
330
A02
100
AcDbEntity
100
AcDbPolyline
  8
IsoView
 90
2
 70
0
 43
0
 10
476.276901754
 20
354.662019673
 10
476.351544874
 20
354.673775294
  0
LWPOLYLINE
  5
131D
330
A02
100
AcDbEntity
100
AcDbPolyline
  8
IsoView
 90
2
 70
0
 43
0
 10
476.478806985
 20
354.600300480
 10
476.505949364
 20
354.529778973
  0
LWPOLYLINE
  5
131E
330
A02
100
AcDbEntity
100
AcDbPolyline
  8
IsoView
 90
2
 70
0
 43
0
 10
476.759155676
 20
355.419936545
 10
476.833798796
 20
355.431692167
  0
LWPOLYLINE
  5
131F
330
A02
100
AcDbEntity
100
AcDbPolyline
  8
IsoView
 90
2
 70
0
 43
0
 10
476.961060908
 20
355.358217352
 10
476.988203286
 20
355.287695846
  0
LINE
  5
1320
330
A02
100
AcDbEntity
  8
IsoView
100
AcDbLine
 10
434.826823952
 20
384.380980436
 30
0.000000000
 11
431.611797803
 21
379.328201286
 31
0.000000000
  0
LINE
  5
1321
330
A02
100
AcDbEntity
  8
IsoView
100
AcDbLine
 10
440.483678202
 20
381.114994113
 30
0.000000000
 11
434.826823952
 21
384.380980436
 31
0.000000000
  0
LINE
  5
1322
330
A02
100
AcDbEntity
  8
IsoView
100
AcDbLine
 10
446.481709265
 20
376.534442039
 30
0.000000000
 11
440.483678201
 21
381.114994112
 31
0.000000000
  0
LINE
  5
1323
330
A02
100
AcDbEntity
  8
IsoView
100
AcDbLine
 10
443.963272114
 20
372.576431704
 30
0.000000000
 11
446.481709265
 21
376.534442039
 31
0.000000000
  0
LINE
  5
1324
330
A02
100
AcDbEntity
  8
IsoView
100
AcDbLine
 10
443.963272115
 20
372.576431705
 30
0.000000000
 11
444.332381719
 21
372.294551577
 31
0.000000000
  0
LINE
  5
1325
330
A02
100
AcDbEntity
  8
IsoView
100
AcDbLine
 10
444.332381719
 20
372.294551576
 30
0.000000000
 11
443.903711565
 21
371.620847689
 31
0.000000000
  0
LINE
  5
1326
330
A02
100
AcDbEntity
  8
IsoView
100
AcDbLine
 10
443.266683115
 20
371.481662888
 30
0.000000000
 11
443.502598354
 21
371.852430510
 31
0.000000000
  0
LINE
  5
1327
330
A02
100
AcDbEntity
  8
IsoView
100
AcDbLine
 10
431.611797803
 20
379.328201286
 30
0.000000000
 11
437.609828866
 21
374.747649212
 31
0.000000000
  0
LINE
  5
1328
330
A02
100
AcDbEntity
  8
IsoView
100
AcDbLine
 10
443.266683115
 20
371.481662888
 30
0.000000000
 11
437.609828866
 21
374.747649212
 31
0.000000000
  0
LINE
  5
1329
330
A02
100
AcDbEntity
  8
IsoView
100
AcDbLine
 10
440.824855015
 20
379.800428362
 30
0.000000000
 11
434.826823952
 21
384.380980436
 31
0.000000000
  0
LINE
  5
132A
330
A02
100
AcDbEntity
  8
IsoView
100
AcDbLine
 10
437.609828866
 20
374.747649212
 30
0.000000000
 11
440.824855015
 21
379.800428363
 31
0.000000000
  0
LINE
  5
132B
330
A02
100
AcDbEntity
  8
IsoView
100
AcDbLine
 10
446.481709265
 20
376.534442039
 30
0.000000000
 11
440.824855015
 21
379.800428363
 31
0.000000000
  0
LINE
  5
132C
330
A02
100
AcDbEntity
  8
IsoView
100
AcDbLine
 10
439.645514665
 20
374.148093415
 30
0.000000000
 11
440.074184818
 21
374.821797302
 31
0.000000000
  0
LINE
  5
132D
330
A02
100
AcDbEntity
  8
IsoView
100
AcDbLine
 10
443.963272115
 20
372.576431705
 30
0.000000000
 11
440.074184818
 21
374.821797303
 31
0.000000000
  0
LINE
  5
132E
330
A02
100
AcDbEntity
  8
IsoView
100
AcDbLine
 10
440.074184818
 20
374.821797302
 30
0.000000000
 11
440.443294422
 21
374.539917174
 31
0.000000000
  0
LINE
  5
132F
330
A02
100
AcDbEntity
  8
IsoView
100
AcDbLine
 10
444.332381719
 20
372.294551576
 30
0.000000000
 11
440.443294422
 21
374.539917174
 31
0.000000000
  0
LINE
  5
1330
330
A02
100
AcDbEntity
  8
IsoView
100
AcDbLine
 10
440.014624268
 20
373.866213288
 30
0.000000000
 11
440.443294422
 21
374.539917174
 31
0.000000000
  0
LINE
  5
1331
330
A02
100
AcDbEntity
  8
IsoView
100
AcDbLine
 10
440.014624268
 20
373.866213287
 30
0.000000000
 11
443.903711565
 21
371.620847690
 31
0.000000000
  0
LINE
  5
1332
330
A02
100
AcDbEntity
  8
IsoView
100
AcDbLine
 10
439.645514665
 20
374.148093415
 30
0.000000000
 11
440.014624269
 21
373.866213287
 31
0.000000000
  0
LINE
  5
1333
330
A02
100
AcDbEntity
  8
IsoView
100
AcDbLine
 10
434.221591090
 20
377.335164916
 30
0.000000000
 11
432.937423907
 21
375.316950176
 31
0.000000000
  0
LINE
  5
1334
330
A02
100
AcDbEntity
  8
IsoView
100
AcDbLine
 10
436.528526114
 20
375.573414119
 30
0.000000000
 11
435.244358931
 21
373.555199378
 31
0.000000000
  0
LINE
  5
1335
330
A02
100
AcDbEntity
  8
IsoView
100
AcDbLine
 10
435.244358931
 20
373.555199378
 30
0.000000000
 11
432.937423907
 21
375.316950176
 31
0.000000000
  0
LINE
  5
1336
330
A02
100
AcDbEntity
  8
IsoView
100
AcDbLine
 10
438.556092223
 20
374.201323808
 30
0.000000000
 11
437.365679275
 21
372.330454507
 31
0.000000000
  0
LINE
  5
1337
330
A02
100
AcDbEntity
  8
IsoView
100
AcDbLine
 10
437.365679275
 20
372.330454507
 30
0.000000000
 11
435.244358931
 21
373.555199378
 31
0.000000000
  0
LINE
  5
1338
330
A02
100
AcDbEntity
  8
IsoView
100
AcDbLine
 10
438.921662628
 20
373.990261636
 30
0.000000000
 11
437.702081925
 21
372.073551893
 31
0.000000000
  0
LINE
  5
1339
330
A02
100
AcDbEntity
  8
IsoView
100
AcDbLine
 10
437.702081925
 20
372.073551893
 30
0.000000000
 11
437.365679275
 21
372.330454507
 31
0.000000000
  0
LINE
  5
133A
330
A02
100
AcDbEntity
  8
IsoView
100
AcDbLine
 10
441.750089753
 20
372.357268475
 30
0.000000000
 11
440.530509050
 21
370.440558731
 31
0.000000000
  0
LINE
  5
133B
330
A02
100
AcDbEntity
  8
IsoView
100
AcDbLine
 10
440.530509050
 20
370.440558731
 30
0.000000000
 11
437.702081925
 21
372.073551893
 31
0.000000000
  0
LWPOLYLINE
  5
133C
330
A02
100
AcDbEntity
100
AcDbPolyline
  8
IsoView
 90
2
 70
0
 43
0
 10
473.627503289
 20
359.294271154
 10
475.659513582
 20
360.080178395
  0
LWPOLYLINE
  5
133D
330
A02
100
AcDbEntity
100
AcDbPolyline
  8
IsoView
 90
2
 70
0
 43
0
 10
475.659513582
 20
360.080178395
 10
475.682030365
 20
357.232904285
  0
LWPOLYLINE
  5
133E
330
A02
100
AcDbEntity
100
AcDbPolyline
  8
IsoView
 90
2
 70
0
 43
0
 10
474.797620866
 20
358.556517914
 10
474.896765945
 20
358.438187993
  0
LWPOLYLINE
  5
133F
330
A02
100
AcDbEntity
100
AcDbPolyline
  8
IsoView
 90
2
 70
0
 43
0
 10
474.618882000
 20
358.598624364
 10
474.784513582
 20
358.564633938
  0
LWPOLYLINE
  5
1340
330
A02
100
AcDbEntity
100
AcDbPolyline
  8
IsoView
 90
2
 70
0
 43
0
 10
474.784513582
 20
358.564633938
 10
474.797620866
 20
358.556517914
  0
LWPOLYLINE
  5
1341
330
A02
100
AcDbEntity
100
AcDbPolyline
  8
IsoView
 90
2
 70
0
 43
0
 10
425.244860665
 20
386.579305526
 10
425.257967949
 20
386.571189503
  0
LWPOLYLINE
  5
1342
330
A02
100
AcDbEntity
100
AcDbPolyline
  8
IsoView
 90
2
 70
0
 43
0
 10
425.257967949
 20
386.571189503
 10
425.994385624
 20
386.981225457
  0
LWPOLYLINE
  5
1343
330
A02
100
AcDbEntity
100
AcDbPolyline
  8
IsoView
 90
2
 70
0
 43
0
 10
425.271550273
 20
387.460191654
 10
425.244860663
 20
386.579305527
  0
LWPOLYLINE
  5
1344
330
A02
100
AcDbEntity
100
AcDbPolyline
  8
IsoView
 90
2
 70
0
 43
0
 10
426.021075232
 20
387.862111585
 10
426.007967948
 20
387.870227609
  0
LWPOLYLINE
  5
1345
330
A02
100
AcDbEntity
100
AcDbPolyline
  8
IsoView
 90
2
 70
0
 43
0
 10
426.007967948
 20
387.870227609
 10
425.271550273
 20
387.460191654
  0
LWPOLYLINE
  5
1346
330
A02
100
AcDbEntity
100
AcDbPolyline
  8
IsoView
 90
2
 70
0
 43
0
 10
425.994385624
 20
386.981225457
 10
426.021075233
 20
387.862111585
  0
LWPOLYLINE
  5
1347
330
A02
100
AcDbEntity
100
AcDbPolyline
  8
IsoView
 90
2
 70
0
 43
0
 10
475.520456217
 20
358.077551718
 10
475.553492107
 20
357.307115882
  0
LWPOLYLINE
  5
1348
330
A02
100
AcDbEntity
100
AcDbPolyline
  8
IsoView
 90
2
 70
0
 43
0
 10
474.810031657
 20
357.736352974
 10
475.507348932
 20
358.085667741
  0
LWPOLYLINE
  5
1349
330
A02
100
AcDbEntity
100
AcDbPolyline
  8
IsoView
 90
2
 70
0
 43
0
 10
475.507348932
 20
358.085667741
 10
475.520456217
 20
358.077551718
  0
LWPOLYLINE
  5
134A
330
A02
100
AcDbEntity
100
AcDbPolyline
  8
IsoView
 90
2
 70
0
 43
0
 10
425.967696015
 20
386.100339330
 10
425.980803299
 20
386.092223306
  0
LWPOLYLINE
  5
134B
330
A02
100
AcDbEntity
100
AcDbPolyline
  8
IsoView
 90
2
 70
0
 43
0
 10
425.980803299
 20
386.092223306
 10
426.717220974
 20
386.502259261
  0
LWPOLYLINE
  5
134C
330
A02
100
AcDbEntity
100
AcDbPolyline
  8
IsoView
 90
2
 70
0
 43
0
 10
425.994385623
 20
386.981225458
 10
425.967696013
 20
386.100339331
  0
LWPOLYLINE
  5
134D
330
A02
100
AcDbEntity
100
AcDbPolyline
  8
IsoView
 90
2
 70
0
 43
0
 10
426.743910582
 20
387.383145389
 10
426.730803298
 20
387.391261413
  0
LWPOLYLINE
  5
134E
330
A02
100
AcDbEntity
100
AcDbPolyline
  8
IsoView
 90
2
 70
0
 43
0
 10
426.730803298
 20
387.391261413
 10
425.994385623
 20
386.981225458
  0
LWPOLYLINE
  5
134F
330
A02
100
AcDbEntity
100
AcDbPolyline
  8
IsoView
 90
2
 70
0
 43
0
 10
426.717220974
 20
386.502259261
 10
426.743910584
 20
387.383145388
  0
LWPOLYLINE
  5
1350
330
A02
100
AcDbEntity
100
AcDbPolyline
  8
IsoView
 90
2
 70
0
 43
0
 10
474.074785516
 20
359.035484110
 10
474.173930595
 20
358.917154190
  0
LWPOLYLINE
  5
1351
330
A02
100
AcDbEntity
100
AcDbPolyline
  8
IsoView
 90
2
 70
0
 43
0
 10
473.896046650
 20
359.077590560
 10
474.061678232
 20
359.043600134
  0
LWPOLYLINE
  5
1352
330
A02
100
AcDbEntity
100
AcDbPolyline
  8
IsoView
 90
2
 70
0
 43
0
 10
474.061678232
 20
359.043600134
 10
474.074785516
 20
359.035484110
  0
LWPOLYLINE
  5
1353
330
A02
100
AcDbEntity
100
AcDbPolyline
  8
IsoView
 90
2
 70
0
 43
0
 10
424.522025315
 20
387.058271723
 10
424.535132599
 20
387.050155699
  0
LWPOLYLINE
  5
1354
330
A02
100
AcDbEntity
100
AcDbPolyline
  8
IsoView
 90
2
 70
0
 43
0
 10
424.535132599
 20
387.050155699
 10
425.271550274
 20
387.460191654
  0
LWPOLYLINE
  5
1355
330
A02
100
AcDbEntity
100
AcDbPolyline
  8
IsoView
 90
2
 70
0
 43
0
 10
424.548714922
 20
387.939157851
 10
424.522025313
 20
387.058271724
  0
LWPOLYLINE
  5
1356
330
A02
100
AcDbEntity
100
AcDbPolyline
  8
IsoView
 90
2
 70
0
 43
0
 10
425.298239882
 20
388.341077782
 10
425.285132597
 20
388.349193805
  0
LWPOLYLINE
  5
1357
330
A02
100
AcDbEntity
100
AcDbPolyline
  8
IsoView
 90
2
 70
0
 43
0
 10
425.285132597
 20
388.349193805
 10
424.548714922
 20
387.939157851
  0
LWPOLYLINE
  5
1358
330
A02
100
AcDbEntity
100
AcDbPolyline
  8
IsoView
 90
2
 70
0
 43
0
 10
425.271550274
 20
387.460191654
 10
425.298239883
 20
388.341077781
  0
LINE
  5
1359
330
A02
100
AcDbEntity
  8
IsoView
100
AcDbLine
 10
569.864837308
 20
350.734565292
 30
0.000000000
 11
568.450623745
 21
351.551061873
 31
0.000000000
  0
LINE
  5
135A
330
A02
100
AcDbEntity
  8
IsoView
100
AcDbLine
 10
568.450623745
 20
351.551061873
 30
0.000000000
 11
526.672636751
 21
371.469903168
 31
0.000000000
  0
LINE
  5
135B
330
A02
100
AcDbEntity
  8
IsoView
100
AcDbLine
 10
533.136271430
 20
283.072539745
 30
0.000000000
 11
569.864837308
 21
350.734565292
 31
0.000000000
  0
LINE
  5
135C
330
A02
100
AcDbEntity
  8
IsoView
100
AcDbLine
 10
526.672636751
 20
371.469903168
 30
0.000000000
 11
512.571646087
 21
345.492804207
 31
0.000000000
  0
LINE
  5
135D
330
A02
100
AcDbEntity
  8
IsoView
100
AcDbLine
 10
504.363074608
 20
330.370825991
 30
0.000000000
 11
491.496956710
 21
306.668631878
 31
0.000000000
  0
LINE
  5
135E
330
A02
100
AcDbEntity
  8
IsoView
100
AcDbLine
 10
531.741628275
 20
283.925089284
 30
0.000000000
 11
568.450623745
 21
351.551061873
 31
0.000000000
  0
LINE
  5
135F
330
A02
100
AcDbEntity
  8
IsoView
100
AcDbLine
 10
531.741628275
 20
283.925089284
 30
0.000000000
 11
496.386289216
 21
304.337503807
 31
0.000000000
  0
LINE
  5
1360
330
A02
100
AcDbEntity
  8
IsoView
100
AcDbLine
 10
496.386289216
 20
304.337503807
 30
0.000000000
 11
454.608302221
 21
324.256345102
 31
0.000000000
  0
LINE
  5
1361
330
A02
100
AcDbEntity
  8
IsoView
100
AcDbLine
 10
494.956068613
 20
301.702725654
 30
0.000000000
 11
496.386289216
 21
304.337503807
 31
0.000000000
  0
LINE
  5
1362
330
A02
100
AcDbEntity
  8
IsoView
100
AcDbLine
 10
454.608302221
 20
324.256345102
 30
0.000000000
 11
453.178081618
 21
321.621566950
 31
0.000000000
  0
LINE
  5
1363
330
A02
100
AcDbEntity
  8
IsoView
100
AcDbLine
 10
453.178081618
 20
321.621566950
 30
0.000000000
 11
494.956068613
 21
301.702725654
 31
0.000000000
  0
LINE
  5
1364
330
A02
100
AcDbEntity
  8
IsoView
100
AcDbLine
 10
499.198709300
 20
299.253235912
 30
0.000000000
 11
494.956068613
 21
301.702725654
 31
0.000000000
  0
LINE
  5
1365
330
A02
100
AcDbEntity
  8
IsoView
100
AcDbLine
 10
457.420722305
 20
319.172077207
 30
0.000000000
 11
453.178081618
 21
321.621566950
 31
0.000000000
  0
LWPOLYLINE
  5
1366
330
A02
100
AcDbEntity
100
AcDbPolyline
  8
IsoView
 90
11
 70
0
 43
0
 10
-766.693979070
 20
729.656704177
 10
-762.842408931
 20
732.844293013
 10
-759.140688419
 20
736.204827443
 10
-755.586417042
 20
739.721010708
 10
-752.177602690
 20
743.378431558
 10
-748.912771137
 20
747.164971657
 10
-745.791024752
 20
751.070341428
 10
-742.812090777
 20
755.085726134
 10
-739.976367868
 20
759.203509657
 10
-737.284954192
 20
763.417038137
 10
-735.406189330
 20
766.560631187
  0
LWPOLYLINE
  5
1367
330
A02
100
AcDbEntity
100
AcDbPolyline
  8
IsoView
 90
2
 70
0
 43
0
 10
-735.404097968
 20
766.564232400
 10
-734.875656830
 20
767.481850178
  0
LWPOLYLINE
  5
1368
330
A02
100
AcDbEntity
100
AcDbPolyline
  8
IsoView
 90
3
 70
0
 43
0
 10
-731.685069871
 20
773.379677241
 10
-729.485489860
 20
777.869592422
 10
-728.116350003
 20
780.882644299
  0
LWPOLYLINE
  5
1369
330
A02
100
AcDbEntity
100
AcDbPolyline
  8
IsoView
 90
4
 70
0
 43
0
 10
-726.420485046
 20
783.064124102
 10
-728.430164557
 20
778.486068008
 10
-730.598438107
 20
773.980949209
 10
-731.245262323
 20
772.709866537
  0
LWPOLYLINE
  5
136A
330
A02
100
AcDbEntity
100
AcDbPolyline
  8
IsoView
 90
2
 70
0
 43
0
 10
-731.284593568
 20
772.633557580
 10
-731.290797609
 20
772.621530796
  0
LWPOLYLINE
  5
136B
330
A02
100
AcDbEntity
100
AcDbPolyline
  8
IsoView
 90
2
 70
0
 43
0
 10
-734.033470885
 20
767.552747263
 10
-734.725233721
 20
766.345543046
  0
LWPOLYLINE
  5
136C
330
A02
100
AcDbEntity
100
AcDbPolyline
  8
IsoView
 90
12
 70
0
 43
0
 10
-734.797875397
 20
766.220297112
 10
-737.381689244
 20
761.939936342
 10
-740.110258635
 20
757.750371327
 10
-742.981940152
 20
753.657582674
 10
-745.995819678
 20
749.668360699
 10
-749.151669345
 20
745.790498294
 10
-752.449909639
 20
742.033025475
 10
-755.891570165
 20
738.406500621
 10
-759.478239611
 20
734.923377991
 10
-763.211990193
 20
731.598477343
 10
-767.095252661
 20
728.449589689
 10
-768.217923641
 20
727.596117872
  0
LWPOLYLINE
  5
136D
330
A02
100
AcDbEntity
100
AcDbPolyline
  8
IsoView
 90
2
 70
0
 43
0
 10
-792.229490320
 20
815.618228679
 10
-788.526668229
 20
814.980607228
  0
LWPOLYLINE
  5
136E
330
A02
100
AcDbEntity
100
AcDbPolyline
  8
IsoView
 90
8
 70
0
 43
0
 10
-788.526668229
 20
814.980607228
 10
-785.756418036
 20
810.979596873
 10
-785.564890508
 20
806.013339602
 10
-786.833674990
 20
801.188916290
 10
-789.087150612
 20
796.734426558
 10
-792.169265898
 20
792.808503752
 10
-796.076335342
 20
789.714236414
 10
-799.823846138
 20
788.362223663
  0
LWPOLYLINE
  5
136F
330
A02
100
AcDbEntity
100
AcDbPolyline
  8
IsoView
 90
2
 70
0
 43
0
 10
-788.015111639
 20
814.641904361
 10
-787.466008057
 20
814.368234792
  0
LWPOLYLINE
  5
1370
330
A02
100
AcDbEntity
100
AcDbPolyline
  8
IsoView
 90
2
 70
0
 43
0
 10
-787.466008057
 20
814.368234792
 10
-787.286713568
 20
814.259647054
  0
LWPOLYLINE
  5
1371
330
A02
100
AcDbEntity
100
AcDbPolyline
  8
IsoView
 90
8
 70
0
 43
0
 10
-792.229490320
 20
815.618228679
 10
-796.820374608
 20
813.745087531
 10
-800.559389759
 20
810.445998058
 10
-803.481208971
 20
806.398764280
 10
-805.558301222
 20
801.859653956
 10
-806.591155388
 20
796.981011907
 10
-805.997175946
 20
792.056241819
 10
-803.526888351
 20
788.999990935
  0
LWPOLYLINE
  5
1372
330
A02
100
AcDbEntity
100
AcDbPolyline
  8
IsoView
 90
2
 70
0
 43
0
 10
-803.526888351
 20
788.999990935
 10
-799.823846138
 20
788.362223663
  0
LWPOLYLINE
  5
1373
330
A02
100
AcDbEntity
100
AcDbPolyline
  8
IsoView
 90
2
 70
0
 43
0
 10
-802.282321073
 20
788.286492965
 10
-802.466008057
 20
788.387472679
  0
LWPOLYLINE
  5
1374
330
A02
100
AcDbEntity
100
AcDbPolyline
  8
IsoView
 90
2
 70
0
 43
0
 10
-802.466008057
 20
788.387472679
 10
-802.977627937
 20
788.726223239
  0
LWPOLYLINE
  5
1375
330
A02
100
AcDbEntity
100
AcDbPolyline
  8
IsoView
 90
16
 70
0
 43
0
 10
-731.894404545
 20
870.041195462
 10
-727.788315377
 20
867.197890930
 10
-724.186869177
 20
863.736766190
 10
-721.137052002
 20
859.779876513
 10
-718.640121862
 20
855.451753067
 10
-716.666554923
 20
850.860450056
 10
-715.172005492
 20
846.091030346
 10
-714.108487232
 20
841.206930733
 10
-713.430408916
 20
836.254259668
 10
-713.097101823
 20
831.266274395
 10
-713.073431536
 20
826.267049912
 10
-713.329523059
 20
821.274206206
 10
-713.840153499
 20
816.300849878
 10
-714.584077547
 20
811.356933532
 10
-715.543398333
 20
806.450205244
 10
-716.610147231
 20
801.947080358
  0
LWPOLYLINE
  5
1376
330
A02
100
AcDbEntity
100
AcDbPolyline
  8
IsoView
 90
2
 70
0
 43
0
 10
-724.757066477
 20
784.590454639
 10
-721.595054067
 20
788.002419588
  0
LWPOLYLINE
  5
1377
330
A02
100
AcDbEntity
100
AcDbPolyline
  8
IsoView
 90
3
 70
0
 43
0
 10
-729.327542515
 20
778.692418139
 10
-726.603247680
 20
782.863437206
 10
-724.757066477
 20
784.590454639
  0
LWPOLYLINE
  5
1378
330
A02
100
AcDbEntity
100
AcDbPolyline
  8
IsoView
 90
3
 70
0
 43
0
 10
-729.327542515
 20
778.692418139
 10
-731.500878345
 20
774.189744631
 10
-731.819630116
 20
773.561556513
  0
LWPOLYLINE
  5
1379
330
A02
100
AcDbEntity
100
AcDbPolyline
  8
IsoView
 90
11
 70
0
 43
0
 10
-735.582097155
 20
766.660043506
 10
-738.167086250
 20
762.380398152
 10
-740.898270221
 20
758.192543199
 10
-743.773986070
 20
754.102594789
 10
-746.793321368
 20
750.117507943
 10
-749.956069637
 20
746.245278446
 10
-753.262690961
 20
742.495189053
 10
-756.714270805
 20
738.878116128
 10
-760.312466795
 20
735.406917792
 10
-764.059427350
 20
732.096931506
 10
-765.022269472
 20
731.294592856
  0
LWPOLYLINE
  5
137A
330
A02
100
AcDbEntity
100
AcDbPolyline
  8
IsoView
 90
3
 70
0
 43
0
 10
-769.457454620
 20
725.234315472
 10
-766.847076331
 20
729.477843368
 10
-765.022269472
 20
731.294592856
  0
LWPOLYLINE
  5
137B
330
A02
100
AcDbEntity
100
AcDbPolyline
  8
IsoView
 90
3
 70
0
 43
0
 10
-769.457454620
 20
725.234315472
 10
-772.067832920
 20
720.990787584
 10
-775.115032533
 20
718.294322432
  0
LWPOLYLINE
  5
137C
330
A02
100
AcDbEntity
100
AcDbPolyline
  8
IsoView
 90
12
 70
0
 43
0
 10
-775.115032533
 20
718.294322431
 10
-779.440627721
 20
715.787893436
 10
-783.911465974
 20
713.551175693
 10
-788.524664259
 20
711.625705957
 10
-793.272443416
 20
710.062217116
 10
-798.138816418
 20
708.922037675
 10
-803.094637897
 20
708.277371315
 10
-808.090986240
 20
708.208662006
 10
-813.052231681
 20
708.796357399
 10
-817.872914210
 20
710.104655420
 10
-822.425183836
 20
712.159294950
 10
-822.894410649
 20
712.424677091
  0
LWPOLYLINE
  5
137D
330
A02
100
AcDbEntity
100
AcDbPolyline
  8
IsoView
 90
3
 70
0
 43
0
 10
-730.359588449
 20
798.313234433
 10
-732.939432645
 20
794.074469330
 10
-736.593535820
 20
791.424243025
  0
LWPOLYLINE
  5
137E
330
A02
100
AcDbEntity
100
AcDbPolyline
  8
IsoView
 90
3
 70
0
 43
0
 10
-736.593536527
 20
791.424243808
 10
-740.758606232
 20
788.741144842
 10
-742.442643360
 20
786.264425143
  0
LWPOLYLINE
  5
137F
330
A02
100
AcDbEntity
100
AcDbPolyline
  8
IsoView
 90
3
 70
0
 43
0
 10
-778.137369743
 20
738.866599528
 10
-780.796944041
 20
734.715643081
 10
-781.293922844
 20
732.068111532
  0
LWPOLYLINE
  5
1380
330
A02
100
AcDbEntity
100
AcDbPolyline
  8
IsoView
 90
3
 70
0
 43
0
 10
-781.293923277
 20
732.068103863
 10
-783.075726273
 20
727.429676098
 10
-785.922021812
 20
724.533743809
  0
LWPOLYLINE
  5
1381
330
A02
100
AcDbEntity
100
AcDbPolyline
  8
IsoView
 90
2
 70
0
 43
0
 10
-793.211068018
 20
728.145696108
 10
-793.082329760
 20
730.287923752
  0
LWPOLYLINE
  5
1382
330
A02
100
AcDbEntity
100
AcDbPolyline
  8
IsoView
 90
2
 70
0
 43
0
 10
-793.082329759
 20
730.287923752
 10
-791.778253771
 20
732.071781421
  0
LWPOLYLINE
  5
1383
330
A02
100
AcDbEntity
100
AcDbPolyline
  8
IsoView
 90
2
 70
0
 43
0
 10
-737.081855816
 20
803.467231317
 10
-734.450056444
 20
807.297749786
  0
LWPOLYLINE
  5
1384
330
A02
100
AcDbEntity
100
AcDbPolyline
  8
IsoView
 90
2
 70
0
 43
0
 10
-734.450056444
 20
807.297749786
 10
-734.335195961
 20
807.308196026
  0
LWPOLYLINE
  5
1385
330
A02
100
AcDbEntity
100
AcDbPolyline
  8
IsoView
 90
2
 70
0
 43
0
 10
-737.589795915
 20
793.591601091
 10
-736.593536018
 20
791.424244143
  0
LWPOLYLINE
  5
1386
330
A02
100
AcDbEntity
100
AcDbPolyline
  8
IsoView
 90
3
 70
0
 43
0
 10
-737.589795915
 20
793.591601091
 10
-733.676962722
 20
796.610465554
 10
-732.375296956
 20
799.042560396
  0
LWPOLYLINE
  5
1387
330
A02
100
AcDbEntity
100
AcDbPolyline
  8
IsoView
 90
3
 70
0
 43
0
 10
-744.385135454
 20
787.176826329
 10
-741.431028513
 20
791.169248215
 10
-737.589796549
 20
793.591601661
  0
LWPOLYLINE
  5
1388
330
A02
100
AcDbEntity
100
AcDbPolyline
  8
IsoView
 90
3
 70
0
 43
0
 10
-783.690758987
 20
732.375691876
 10
-782.222867594
 20
737.128523539
 10
-779.589167664
 20
740.430576688
  0
LWPOLYLINE
  5
1389
330
A02
100
AcDbEntity
100
AcDbPolyline
  8
IsoView
 90
2
 70
0
 43
0
 10
-783.690758987
 20
732.375691876
 10
-781.293920383
 20
732.068108754
  0
LWPOLYLINE
  5
138A
330
A02
100
AcDbEntity
100
AcDbPolyline
  8
IsoView
 90
3
 70
0
 43
0
 10
-787.232640534
 20
726.199323380
 10
-784.248620400
 20
730.099481433
 10
-783.690759133
 20
732.375691887
  0
LWPOLYLINE
  5
138B
330
A02
100
AcDbEntity
100
AcDbPolyline
  8
IsoView
 90
2
 70
0
 43
0
 10
-753.823112889
 20
872.461474444
 10
-755.480888307
 20
869.800973795
  0
LWPOLYLINE
  5
138C
330
A02
100
AcDbEntity
100
AcDbPolyline
  8
IsoView
 90
2
 70
0
 43
0
 10
-753.823112889
 20
872.461474444
 10
-752.073921933
 20
873.725088843
  0
LWPOLYLINE
  5
138D
330
A02
100
AcDbEntity
100
AcDbPolyline
  8
IsoView
 90
2
 70
0
 43
0
 10
-846.014691618
 20
750.009044412
 10
-846.937035607
 20
747.286723030
  0
LWPOLYLINE
  5
138E
330
A02
100
AcDbEntity
100
AcDbPolyline
  8
IsoView
 90
2
 70
0
 43
0
 10
-794.286524999
 20
730.448963054
 10
-791.928742999
 20
733.611324382
  0
LWPOLYLINE
  5
138F
330
A02
100
AcDbEntity
100
AcDbPolyline
  8
IsoView
 90
2
 70
0
 43
0
 10
-794.692251369
 20
727.274391982
 10
-794.286524999
 20
730.448963054
  0
LWPOLYLINE
  5
1390
330
A02
100
AcDbEntity
100
AcDbPolyline
  8
IsoView
 90
3
 70
0
 43
0
 10
-734.522474287
 20
808.970289323
 10
-737.894516892
 20
805.442028474
 10
-738.504668846
 20
802.911326242
  0
LWPOLYLINE
  5
1391
330
A02
100
AcDbEntity
100
AcDbPolyline
  8
IsoView
 90
2
 70
0
 43
0
 10
-820.964582923
 20
839.901332394
 10
-820.855630856
 20
841.160317531
  0
LWPOLYLINE
  5
1392
330
A02
100
AcDbEntity
100
AcDbPolyline
  8
IsoView
 90
3
 70
0
 43
0
 10
-820.855630856
 20
841.160317531
 10
-824.384546677
 20
837.826301547
 10
-826.162759340
 20
834.576721288
  0
LWPOLYLINE
  5
1393
330
A02
100
AcDbEntity
100
AcDbPolyline
  8
IsoView
 90
3
 70
0
 43
0
 10
-820.964582923
 20
839.901332394
 10
-823.576336986
 20
835.653563745
 10
-826.254607639
 20
833.307791601
  0
LWPOLYLINE
  5
1394
330
A02
100
AcDbEntity
100
AcDbPolyline
  8
IsoView
 90
2
 70
0
 43
0
 10
-826.254607639
 20
833.307791601
 10
-826.162759340
 20
834.576721288
  0
LWPOLYLINE
  5
1395
330
A02
100
AcDbEntity
100
AcDbPolyline
  8
IsoView
 90
3
 70
0
 43
0
 10
-756.001874616
 20
869.499307958
 10
-752.387026170
 20
872.858000866
 10
-752.633156741
 20
875.148981005
  0
LWPOLYLINE
  5
1396
330
A02
100
AcDbEntity
100
AcDbPolyline
  8
IsoView
 90
2
 70
0
 43
0
 10
-752.633156741
 20
875.148981005
 10
-757.059199978
 20
874.329830196
  0
LWPOLYLINE
  5
1397
330
A02
100
AcDbEntity
100
AcDbPolyline
  8
IsoView
 90
2
 70
0
 43
0
 10
-756.001874616
 20
869.499307958
 10
-760.497956359
 20
868.720462837
  0
LWPOLYLINE
  5
1398
330
A02
100
AcDbEntity
100
AcDbPolyline
  8
IsoView
 90
3
 70
0
 43
0
 10
-760.497956359
 20
868.720462837
 10
-759.105832476
 20
872.863101501
 10
-757.059199978
 20
874.329830196
  0
LWPOLYLINE
  5
1399
330
A02
100
AcDbEntity
100
AcDbPolyline
  8
IsoView
 90
2
 70
0
 43
0
 10
-742.440847213
 20
803.543881115
 10
-742.140960086
 20
803.352791973
  0
LWPOLYLINE
  5
139A
330
A02
100
AcDbEntity
100
AcDbPolyline
  8
IsoView
 90
4
 70
0
 43
0
 10
-742.140960086
 20
803.352791973
 10
-737.334270995
 20
803.336033586
 10
-734.359989046
 20
807.122963397
 10
-735.823505994
 20
810.657286922
  0
LWPOLYLINE
  5
139B
330
A02
100
AcDbEntity
100
AcDbPolyline
  8
IsoView
 90
4
 70
0
 43
0
 10
-742.440847213
 20
803.543881115
 10
-743.744520764
 20
807.983259753
 10
-740.123817894
 20
811.185196303
 10
-736.117497301
 20
810.844985741
  0
LWPOLYLINE
  5
139C
330
A02
100
AcDbEntity
100
AcDbPolyline
  8
IsoView
 90
2
 70
0
 43
0
 10
-736.117497301
 20
810.844985741
 10
-735.823505994
 20
810.657286922
  0
LWPOLYLINE
  5
139D
330
A02
100
AcDbEntity
100
AcDbPolyline
  8
IsoView
 90
3
 70
0
 43
0
 10
-799.022379663
 20
733.183210019
 10
-797.672018862
 20
728.485242622
 10
-796.639706178
 20
727.591591393
  0
LWPOLYLINE
  5
139E
330
A02
100
AcDbEntity
100
AcDbPolyline
  8
IsoView
 90
3
 70
0
 43
0
 10
-796.639706178
 20
727.591591393
 10
-792.488610146
 20
729.143981759
 10
-791.802684700
 20
731.552382120
  0
LWPOLYLINE
  5
139F
330
A02
100
AcDbEntity
100
AcDbPolyline
  8
IsoView
 90
3
 70
0
 43
0
 10
-799.022379663
 20
733.183210019
 10
-796.684852239
 20
737.340406060
 10
-794.214937017
 20
737.161245949
  0
LWPOLYLINE
  5
13A0
330
A02
100
AcDbEntity
100
AcDbPolyline
  8
IsoView
 90
3
 70
0
 43
0
 10
-794.214937017
 20
737.161245949
 10
-791.824492395
 20
732.964303714
 10
-791.802684700
 20
731.552382120
  0
LWPOLYLINE
  5
13A1
330
A02
100
AcDbEntity
100
AcDbPolyline
  8
IsoView
 90
4
 70
0
 43
0
 10
-847.552717255
 20
755.653350654
 10
-849.348166440
 20
751.057056001
 10
-848.786230217
 20
746.222717156
 10
-848.636891788
 20
746.111773421
  0
LWPOLYLINE
  5
13A2
330
A02
100
AcDbEntity
100
AcDbPolyline
  8
IsoView
 90
2
 70
0
 43
0
 10
-848.636891788
 20
746.111773421
 10
-847.635413786
 20
746.335405550
  0
LWPOLYLINE
  5
13A3
330
A02
100
AcDbEntity
100
AcDbPolyline
  8
IsoView
 90
2
 70
0
 43
0
 10
-847.552717255
 20
755.653350654
 10
-846.599139061
 20
755.904687924
  0
LWPOLYLINE
  5
13A4
330
A02
100
AcDbEntity
100
AcDbPolyline
  8
IsoView
 90
4
 70
0
 43
0
 10
-846.599139061
 20
755.904687924
 10
-845.831940317
 20
751.131847751
 10
-847.488344850
 20
746.481769831
 10
-847.635413786
 20
746.335405550
  0
LWPOLYLINE
  5
13A5
330
A02
100
AcDbEntity
100
AcDbPolyline
  8
IsoView
 90
8
 70
0
 43
0
 10
-804.214786060
 20
789.223350940
 10
-806.573124293
 20
793.508943641
 10
-806.542648306
 20
798.483755773
 10
-805.153269007
 20
803.275893234
 10
-802.818070261
 20
807.688415445
 10
-799.670599226
 20
811.562118131
 10
-795.705581576
 20
814.580814400
 10
-792.178861281
 20
815.799935378
  0
LWPOLYLINE
  5
13A6
330
A02
100
AcDbEntity
100
AcDbPolyline
  8
IsoView
 90
2
 70
0
 43
0
 10
-792.178861281
 20
815.799935378
 10
-788.426668229
 20
815.153812307
  0
LWPOLYLINE
  5
13A7
330
A02
100
AcDbEntity
100
AcDbPolyline
  8
IsoView
 90
2
 70
0
 43
0
 10
-788.426668229
 20
815.153812307
 10
-787.838550398
 20
814.757101402
  0
LWPOLYLINE
  5
13A8
330
A02
100
AcDbEntity
100
AcDbPolyline
  8
IsoView
 90
9
 70
0
 43
0
 10
-787.838550398
 20
814.757101402
 10
-785.480212165
 20
810.471508701
 10
-785.510688152
 20
805.496696569
 10
-786.900067450
 20
800.704559108
 10
-789.235266197
 20
796.292036897
 10
-792.382737232
 20
792.418334212
 10
-796.347754881
 20
789.399637942
 10
-801.119510436
 20
788.120831025
 10
-803.626668228
 20
788.826640034
  0
LWPOLYLINE
  5
13A9
330
A02
100
AcDbEntity
100
AcDbPolyline
  8
IsoView
 90
2
 70
0
 43
0
 10
-803.626668228
 20
788.826640034
 10
-804.214786060
 20
789.223350940
  0
LWPOLYLINE
  5
13AA
330
A02
100
AcDbEntity
100
AcDbPolyline
  8
IsoView
 90
2
 70
0
 43
0
 10
-787.914804434
 20
814.815493596
 10
-788.710178513
 20
815.081494564
  0
LWPOLYLINE
  5
13AB
330
A02
100
AcDbEntity
100
AcDbPolyline
  8
IsoView
 90
2
 70
0
 43
0
 10
-803.705988465
 20
789.108465217
 10
-803.154125888
 20
788.610978504
  0
LWPOLYLINE
  5
13AC
330
A02
100
AcDbEntity
100
AcDbPolyline
  8
IsoView
 90
2
 70
0
 43
0
 10
-803.077812278
 20
788.552541565
 10
-803.154125888
 20
788.610978504
  0
LWPOLYLINE
  5
13AD
330
A02
100
AcDbEntity
100
AcDbPolyline
  8
IsoView
 90
31
 70
0
 43
0
 10
-834.325486791
 20
834.065454982
 10
-831.569196233
 20
838.236943014
 10
-828.699524559
 20
842.331255760
 10
-825.717051664
 20
846.344136836
 10
-822.622013085
 20
850.270843413
 10
-819.414315058
 20
854.106058004
 10
-816.093549200
 20
857.843784252
 10
-812.659008734
 20
861.477222433
 10
-809.109708945
 20
864.998619323
 10
-805.444415684
 20
868.399085789
 10
-801.661687574
 20
871.668373800
 10
-797.759940313
 20
874.794602610
 10
-793.737545724
 20
877.763921728
 10
-789.592984733
 20
880.560096254
 10
-785.325083279
 20
883.163999144
 10
-780.933375025
 20
885.552996788
 10
-776.418656292
 20
887.700222856
 10
-771.783828440
 20
889.573758377
 10
-767.035159581
 20
891.135787742
 10
-762.184130475
 20
892.341904505
 10
-757.250025291
 20
893.140930386
 10
-752.263305812
 20
893.475908728
 10
-747.269420013
 20
893.287286244
 10
-742.331883008
 20
892.519426099
 10
-737.532346391
 20
891.130862296
 10
-732.964872221
 20
889.106447617
 10
-728.723450091
 20
886.466449112
 10
-724.886260695
 20
883.266845287
 10
-721.503691689
 20
879.589313413
 10
-718.595224849
 20
875.525771796
 10
-717.378096588
 20
873.485203938
  0
LWPOLYLINE
  5
13AE
330
A02
100
AcDbEntity
100
AcDbPolyline
  8
IsoView
 90
31
 70
0
 43
0
 10
-835.995561607
 20
835.109264757
 10
-833.239721337
 20
839.281053226
 10
-830.371393009
 20
843.376310310
 10
-827.391151459
 20
847.390852191
 10
-824.299235041
 20
851.320021369
 10
-821.095560241
 20
855.158601495
 10
-817.779735877
 20
858.900716923
 10
-814.351078714
 20
862.539712906
 10
-810.808633023
 20
866.068011398
 10
-807.151197658
 20
869.476936175
 10
-803.377365930
 20
872.756499457
 10
-799.485586081
 20
875.895140379
 10
-795.474254098
 20
878.879403638
 10
-791.341856540
 20
881.693544697
 10
-787.087190108
 20
884.319046819
 10
-782.709698200
 20
886.734036586
 10
-778.209984422
 20
888.912591766
 10
-773.590590381
 20
890.823955192
 10
-768.857159353
 20
892.431713202
 10
-764.020140183
 20
893.693088130
 10
-759.097189685
 20
894.558661479
 10
-754.116338791
 20
894.973112686
 10
-749.119668287
 20
894.877894757
 10
-744.166536321
 20
894.216955125
 10
-739.334348471
 20
892.946101388
 10
-734.714177585
 20
891.044727095
 10
-730.399774326
 20
888.525653073
 10
-726.472430557
 20
885.437388526
 10
-722.988069461
 20
881.856232768
 10
-719.972281826
 20
877.871791848
 10
-717.740959024
 20
874.168091532
  0
LWPOLYLINE
  5
13AF
330
A02
100
AcDbEntity
100
AcDbPolyline
  8
IsoView
 90
26
 70
0
 43
0
 10
-717.740959024
 20
874.168091532
 10
-715.581248407
 20
869.660763526
 10
-713.843273147
 20
864.974201019
 10
-712.493263092
 20
860.161186029
 10
-711.497169561
 20
855.262419391
 10
-710.822992326
 20
850.308886184
 10
-710.441804242
 20
845.324095116
 10
-710.328024606
 20
840.325935118
 10
-710.459305784
 20
835.328119077
 10
-710.816247653
 20
830.341270922
 10
-711.382056099
 20
825.373732023
 10
-712.142203834
 20
820.432156451
 10
-713.084119641
 20
815.521951058
 10
-714.196915356
 20
810.647602682
 10
-715.471151544
 20
805.812923624
 10
-716.898639065
 20
801.021237997
 10
-718.472272330
 20
796.275525254
 10
-720.185889777
 20
791.578532766
 10
-722.034157410
 20
786.932866049
 10
-724.012471724
 20
782.341063050
 10
-726.116878853
 20
777.805657252
 10
-728.344007323
 20
773.329233292
 10
-730.691012190
 20
768.914477983
 10
-733.155528737
 20
764.564229156
 10
-735.735634204
 20
760.281524410
 10
-737.189541902
 20
757.977608213
  0
LWPOLYLINE
  5
13B0
330
A02
100
AcDbEntity
100
AcDbPolyline
  8
IsoView
 90
34
 70
0
 43
0
 10
-818.618849398
 20
698.131076275
 10
-823.611563569
 20
698.347874184
 10
-828.544195443
 20
699.146460320
 10
-833.334265386
 20
700.567255184
 10
-837.887363169
 20
702.623771722
 10
-842.109923857
 20
705.293842386
 10
-845.924952925
 20
708.519865498
 10
-849.283640931
 20
712.219256901
 10
-852.167993465
 20
716.299985567
 10
-854.585427356
 20
720.674143936
 10
-856.559930085
 20
725.265795856
 10
-858.123838614
 20
730.013416058
 10
-859.311985770
 20
734.869026578
 10
-860.158233454
 20
739.795968740
 10
-860.693749616
 20
744.766464199
 10
-860.946359463
 20
749.759468562
 10
-860.940482730
 20
754.758955298
 10
-860.697353907
 20
759.752607457
 10
-860.235354845
 20
764.730843301
 10
-859.570370991
 20
769.686097623
 10
-858.716129017
 20
774.612292459
 10
-857.684498580
 20
779.504445784
 10
-856.485753620
 20
784.358380034
 10
-855.128794602
 20
789.170502684
 10
-853.621335612
 20
793.937638831
 10
-851.970060949
 20
798.656901323
 10
-850.180755775
 20
803.325587957
 10
-848.258414922
 20
807.941098052
 10
-846.207333410
 20
812.500862710
 10
-844.031181673
 20
817.002284444
 10
-841.733067997
 20
821.442682794
 10
-839.315590242
 20
825.819243243
 10
-836.780878588
 20
830.128967081
 10
-834.325486791
 20
834.065454982
  0
LWPOLYLINE
  5
13B1
330
A02
100
AcDbEntity
100
AcDbPolyline
  8
IsoView
 90
23
 70
0
 43
0
 10
-737.189541902
 20
757.977608213
 10
-739.945382173
 20
753.805819744
 10
-742.813710500
 20
749.710562660
 10
-745.793952051
 20
745.696020779
 10
-748.885868468
 20
741.766851601
 10
-752.089543268
 20
737.928271475
 10
-755.405367632
 20
734.186156047
 10
-758.834024795
 20
730.547160064
 10
-762.376470486
 20
727.018861572
 10
-766.033905851
 20
723.609936795
 10
-769.807737579
 20
720.330373513
 10
-773.699517428
 20
717.191732591
 10
-777.710849411
 20
714.207469332
 10
-781.843246970
 20
711.393328273
 10
-786.097913402
 20
708.767826151
 10
-790.475405309
 20
706.352836384
 10
-794.975119087
 20
704.174281204
 10
-799.594513128
 20
702.262917778
 10
-804.327944156
 20
700.655159768
 10
-809.164963326
 20
699.393784840
 10
-814.087913824
 20
698.528211490
 10
-819.068764718
 20
698.113760284
 10
-819.391678620
 20
698.103880565
  0
LWPOLYLINE
  5
13B2
330
A02
100
AcDbEntity
100
AcDbPolyline
  8
IsoView
 90
35
 70
0
 43
0
 10
-819.391678620
 20
698.103880565
 10
-824.387527419
 20
698.234028619
 10
-829.335367105
 20
698.933231528
 10
-834.156707523
 20
700.244520338
 10
-838.759902827
 20
702.186586279
 10
-843.051535679
 20
704.744263022
 10
-846.951626940
 20
707.866905070
 10
-850.406164553
 20
711.476882470
 10
-853.391471052
 20
715.484256383
 10
-855.910234323
 20
719.800772734
 10
-857.983243108
 20
724.348725367
 10
-859.641059490
 20
729.064314191
 10
-860.917780103
 20
733.897343590
 10
-861.847179774
 20
738.809242636
 10
-862.460696720
 20
743.770686213
 10
-862.786595759
 20
748.759421529
 10
-862.849795673
 20
753.758495694
 10
-862.672030217
 20
758.754888878
 10
-862.272151799
 20
763.738489293
 10
-861.666475848
 20
768.701334087
 10
-860.869115708
 20
773.637049036
 10
-859.892286251
 20
778.540433983
 10
-858.746569080
 20
783.407154108
 10
-857.441139407
 20
788.233507823
 10
-855.983957800
 20
793.016250107
 10
-854.381931150
 20
797.752455981
 10
-852.641047274
 20
802.439412993
 10
-850.766487228
 20
807.074534623
 10
-848.762718917
 20
811.655288566
 10
-846.633575032
 20
816.179135391
 10
-844.382317863
 20
820.643474048
 10
-842.011693120
 20
825.045591463
 10
-839.523974517
 20
829.382613869
 10
-836.921000608
 20
833.651457851
 10
-835.995561607
 20
835.109264757
  0
LWPOLYLINE
  5
13B3
330
A02
100
AcDbEntity
100
AcDbPolyline
  8
IsoView
 90
2
 70
0
 43
0
 10
-736.333222688
 20
767.896088179
 10
-735.315254083
 20
767.530181638
  0
LWPOLYLINE
  5
13B4
330
A02
100
AcDbEntity
100
AcDbPolyline
  8
IsoView
 90
4
 70
0
 43
0
 10
-735.315254083
 20
767.530181638
 10
-731.337968757
 20
769.883556757
 10
-732.646266564
 20
774.303642116
 10
-732.776856649
 20
774.381401081
  0
LWPOLYLINE
  5
13B5
330
A02
100
AcDbEntity
100
AcDbPolyline
  8
IsoView
 90
2
 70
0
 43
0
 10
-737.058289314
 20
767.842252288
 10
-737.255574067
 20
767.883931649
  0
LWPOLYLINE
  5
13B6
330
A02
100
AcDbEntity
100
AcDbPolyline
  8
IsoView
 90
2
 70
0
 43
0
 10
-737.255574378
 20
767.883931719
 10
-738.076260451
 20
768.208168101
  0
LWPOLYLINE
  5
13B7
330
A02
100
AcDbEntity
100
AcDbPolyline
  8
IsoView
 90
2
 70
0
 43
0
 10
-732.776856650
 20
774.381401081
 10
-733.794283689
 20
774.747189991
  0
LWPOLYLINE
  5
13B8
330
A02
100
AcDbEntity
100
AcDbPolyline
  8
IsoView
 90
4
 70
0
 43
0
 10
-733.794283689
 20
774.747189991
 10
-737.771905624
 20
772.394410960
 10
-736.464266771
 20
767.974087237
 10
-736.333222689
 20
767.896088180
  0
LWPOLYLINE
  5
13B9
330
A02
100
AcDbEntity
100
AcDbPolyline
  8
IsoView
 90
4
 70
0
 43
0
 10
-738.076260362
 20
768.208168085
 10
-739.568557193
 20
772.563721756
 10
-735.688021892
 20
775.082679211
 10
-735.537862915
 20
775.059387528
  0
LWPOLYLINE
  5
13BA
330
A02
100
AcDbEntity
100
AcDbPolyline
  8
IsoView
 90
3
 70
0
 43
0
 10
-735.256964595
 20
766.478693774
 10
-731.433281079
 20
769.019279016
 10
-731.304030632
 20
772.656391526
  0
LWPOLYLINE
  5
13BB
330
A02
100
AcDbEntity
100
AcDbPolyline
  8
IsoView
 90
2
 70
0
 43
0
 10
-735.256992323
 20
766.478709277
 10
-735.316714508
 20
766.510179693
  0
LWPOLYLINE
  5
13BC
330
A02
100
AcDbEntity
100
AcDbPolyline
  8
IsoView
 90
2
 70
0
 43
0
 10
-735.316714508
 20
766.510179693
 10
-735.317075873
 20
766.510383006
  0
LWPOLYLINE
  5
13BD
330
A02
100
AcDbEntity
100
AcDbPolyline
  8
IsoView
 90
2
 70
0
 43
0
 10
-735.317075873
 20
766.510383006
 10
-736.046845892
 20
767.661168537
  0
LWPOLYLINE
  5
13BE
330
A02
100
AcDbEntity
100
AcDbPolyline
  8
IsoView
 90
2
 70
0
 43
0
 10
-738.076260451
 20
768.208168101
 10
-735.256991476
 20
766.478708904
  0
LINE
  5
13BF
330
A02
100
AcDbEntity
  8
IsoView
100
AcDbLine
 10
926.615289723
 20
207.012693381
 30
0.000000000
 11
938.675736927
 21
200.049590941
 31
0.000000000
  0
LINE
  5
13C0
330
A02
100
AcDbEntity
  8
IsoView
100
AcDbLine
 10
1029.261320678
 20
421.973778509
 30
0.000000000
 11
1041.608608508
 21
414.845068556
 31
0.000000000
  0
LINE
  5
13C1
330
A02
100
AcDbEntity
  8
IsoView
100
AcDbLine
 10
1003.930938978
 20
390.410259666
 30
0.000000000
 11
1007.466472884
 21
388.369018214
 31
0.000000000
  0
LINE
  5
13C2
330
A02
100
AcDbEntity
  8
IsoView
100
AcDbLine
 10
944.533601303
 20
242.855572902
 30
0.000000000
 11
940.998067397
 21
244.896814354
 31
0.000000000
  0
LINE
  5
13C3
330
A02
100
AcDbEntity
  8
IsoView
100
AcDbLine
 10
969.282338645
 20
228.566882735
 30
0.000000000
 11
967.202012751
 21
229.767959450
 31
0.000000000
  0
LINE
  5
13C4
330
A02
100
AcDbEntity
  8
IsoView
100
AcDbLine
 10
963.994938167
 20
344.927745055
 30
0.000000000
 11
959.630214080
 21
347.447719682
 31
0.000000000
  0
LINE
  5
13C5
330
A02
100
AcDbEntity
  8
IsoView
100
AcDbLine
 10
942.781734731
 20
357.175193769
 30
0.000000000
 11
939.246200825
 21
359.216435221
 31
0.000000000
  0
LINE
  5
13C6
330
A02
100
AcDbEntity
  8
IsoView
100
AcDbLine
 10
600.147535971
 20
45.981444597
 30
0.000000000
 11
586.005400347
 21
54.146410407
 31
0.000000000
  0
LINE
  5
13C7
330
A02
100
AcDbEntity
  8
IsoView
100
AcDbLine
 10
576.070810824
 20
210.340221577
 30
0.000000000
 11
564.412650126
 21
217.071063794
 31
0.000000000
  0
LINE
  5
13C8
330
A02
100
AcDbEntity
  8
IsoView
100
AcDbLine
 10
534.857607388
 20
187.946654140
 30
0.000000000
 11
531.322073482
 21
189.987895592
 31
0.000000000
  0
LINE
  5
13C9
330
A02
100
AcDbEntity
  8
IsoView
100
AcDbLine
 10
600.147535971
 20
45.981444597
 30
0.000000000
 11
603.683069877
 21
43.940203145
 31
0.000000000
  0
LINE
  5
13CA
330
A02
100
AcDbEntity
  8
IsoView
100
AcDbLine
 10
575.398798629
 20
60.270134764
 30
0.000000000
 11
578.934332535
 21
58.228893311
 31
0.000000000
  0
LINE
  5
13CB
330
A02
100
AcDbEntity
  8
IsoView
100
AcDbLine
 10
683.560006713
 20
-458.167539366
 30
0.000000000
 11
679.801884344
 21
-455.997786404
 31
0.000000000
  0
LINE
  5
13CC
330
A02
100
AcDbEntity
  8
IsoView
100
AcDbLine
 10
662.953404996
 20
-446.270312317
 30
0.000000000
 11
659.417871090
 21
-444.229070865
 31
0.000000000
  0
LINE
  5
13CD
330
A02
100
AcDbEntity
  8
IsoView
100
AcDbLine
 10
644.985311666
 20
219.571732382
 30
0.000000000
 11
640.620587579
 21
222.091707008
 31
0.000000000
  0
LINE
  5
13CE
330
A02
100
AcDbEntity
  8
IsoView
100
AcDbLine
 10
623.772108231
 20
231.819181095
 30
0.000000000
 11
620.236574325
 21
233.860422548
 31
0.000000000
  0
LINE
  5
13CF
330
A02
100
AcDbEntity
  8
IsoView
100
AcDbLine
 10
618.088903424
 20
242.190501288
 30
0.000000000
 11
622.453627511
 21
239.670526661
 31
0.000000000
  0
LINE
  5
13D0
330
A02
100
AcDbEntity
  8
IsoView
100
AcDbLine
 10
639.302106859
 20
229.943052574
 30
0.000000000
 11
642.837640765
 21
227.901811122
 31
0.000000000
  0
LINE
  5
13D1
330
A02
100
AcDbEntity
  8
IsoView
100
AcDbLine
 10
-235.462690370
 20
757.667834492
 30
0.000000000
 11
-225.088386835
 21
751.678227553
 31
0.000000000
  0
LINE
  5
13D2
330
A02
100
AcDbEntity
  8
IsoView
100
AcDbLine
 10
-174.996426968
 20
974.954014229
 30
0.000000000
 11
-161.079313943
 21
966.918965277
 31
0.000000000
  0
LINE
  5
13D3
330
A02
100
AcDbEntity
  8
IsoView
100
AcDbLine
 10
-198.756983472
 20
942.484156387
 30
0.000000000
 11
-195.221449567
 21
940.442914935
 31
0.000000000
  0
LINE
  5
13D4
330
A02
100
AcDbEntity
  8
IsoView
100
AcDbLine
 10
-219.230522458
 20
794.484209513
 30
0.000000000
 11
-222.766056364
 21
796.525450966
 31
0.000000000
  0
LINE
  5
13D5
330
A02
100
AcDbEntity
  8
IsoView
100
AcDbLine
 10
-194.481785117
 20
780.195519347
 30
0.000000000
 11
-198.017319023
 21
782.236760799
 31
0.000000000
  0
LINE
  5
13D6
330
A02
100
AcDbEntity
  8
IsoView
100
AcDbLine
 10
-280.210488303
 20
179.915273462
 30
0.000000000
 11
-278.637262362
 21
179.006971041
 31
0.000000000
  0
LINE
  5
13D7
330
A02
100
AcDbEntity
  8
IsoView
100
AcDbLine
 10
-302.544582141
 20
163.462843093
 30
0.000000000
 11
-306.080116046
 21
165.504084545
 31
0.000000000
  0
LINE
  5
13D8
330
A02
100
AcDbEntity
  8
IsoView
100
AcDbLine
 10
-258.445368141
 20
887.000040393
 30
0.000000000
 11
-261.980902047
 21
889.041281845
 31
0.000000000
  0
LINE
  5
13D9
330
A02
100
AcDbEntity
  8
IsoView
100
AcDbLine
 10
-537.940397543
 20
526.106812113
 30
0.000000000
 11
-552.082533167
 21
534.271777923
 31
0.000000000
  0
LINE
  5
13DA
330
A02
100
AcDbEntity
  8
IsoView
100
AcDbLine
 10
-594.339326552
 20
654.058941080
 30
0.000000000
 11
-608.172598677
 21
662.045584466
 31
0.000000000
  0
LINE
  5
13DB
330
A02
100
AcDbEntity
  8
IsoView
100
AcDbLine
 10
-635.552529987
 20
631.665373643
 30
0.000000000
 11
-639.088063893
 21
633.706615095
 31
0.000000000
  0
LINE
  5
13DC
330
A02
100
AcDbEntity
  8
IsoView
100
AcDbLine
 10
-537.940397543
 20
526.106812113
 30
0.000000000
 11
-534.404863637
 21
524.065570661
 31
0.000000000
  0
LINE
  5
13DD
330
A02
100
AcDbEntity
  8
IsoView
100
AcDbLine
 10
-562.689134885
 20
540.395502279
 30
0.000000000
 11
-559.153600979
 21
538.354260827
 31
0.000000000
  0
LINE
  5
13DE
330
A02
100
AcDbEntity
  8
IsoView
100
AcDbLine
 10
-333.106062850
 20
128.804889573
 30
0.000000000
 11
-336.864185219
 21
130.974642534
 31
0.000000000
  0
LINE
  5
13DF
330
A02
100
AcDbEntity
  8
IsoView
100
AcDbLine
 10
-353.712664568
 20
140.702116621
 30
0.000000000
 11
-357.248198474
 21
142.743358074
 31
0.000000000
  0
LINE
  5
13E0
330
A02
100
AcDbEntity
  8
IsoView
100
AcDbLine
 10
-520.988567889
 20
686.806632942
 30
0.000000000
 11
-525.353291976
 21
689.326607568
 31
0.000000000
  0
LINE
  5
13E1
330
A02
100
AcDbEntity
  8
IsoView
100
AcDbLine
 10
-542.201771325
 20
699.054081656
 30
0.000000000
 11
-545.737305231
 21
701.095323108
 31
0.000000000
  0
LINE
  5
13E2
330
A02
100
AcDbEntity
  8
IsoView
100
AcDbLine
 10
-550.671103194
 20
705.732238219
 30
0.000000000
 11
-546.306379107
 21
703.212263592
 31
0.000000000
  0
LINE
  5
13E3
330
A02
100
AcDbEntity
  8
IsoView
100
AcDbLine
 10
-529.457899759
 20
693.484789505
 30
0.000000000
 11
-525.922365853
 21
691.443548053
 31
0.000000000
  0
LINE
  5
13E4
330
A02
100
AcDbEntity
  8
IsoView
100
AcDbLine
 10
-129.974028494
 20
275.114861830
 30
0.000000000
 11
-125.024281026
 21
272.257123796
 31
0.000000000
  0
LINE
  5
13E5
330
A02
100
AcDbEntity
  8
IsoView
100
AcDbLine
 10
-106.639504715
 20
261.642668244
 30
0.000000000
 11
-101.689757247
 21
258.784930211
 31
0.000000000
  0
LINE
  5
13E6
330
A02
100
AcDbEntity
  8
IsoView
100
AcDbLine
 10
-143.024028494
 20
260.676564600
 30
0.000000000
 11
-143.024028180
 21
260.676564419
 31
0.000000000
  0
LINE
  5
13E7
330
A02
100
AcDbEntity
  8
IsoView
100
AcDbLine
 10
-233.070058766
 20
653.481505917
 30
0.000000000
 11
-228.120311297
 21
650.623767884
 31
0.000000000
  0
LINE
  5
13E8
330
A02
100
AcDbEntity
  8
IsoView
100
AcDbLine
 10
-209.735534987
 20
640.009312332
 30
0.000000000
 11
-204.785787518
 21
637.151574299
 31
0.000000000
  0
LINE
  5
13E9
330
A02
100
AcDbEntity
  8
IsoView
100
AcDbLine
 10
-226.942072278
 20
627.425527482
 30
0.000000000
 11
-215.729276571
 21
620.951816863
 31
0.000000000
  0
LINE
  5
13EA
330
A02
100
AcDbEntity
  8
IsoView
100
AcDbLine
 10
-212.176629039
 20
628.369239268
 30
0.000000000
 11
-211.629276571
 21
628.053225174
 31
0.000000000
  0
LINE
  5
13EB
330
A02
100
AcDbEntity
  8
IsoView
100
AcDbLine
 10
-187.283181359
 20
531.494139506
 30
0.000000000
 11
-214.955270519
 21
639.182573525
 31
0.000000000
  0
LINE
  5
13EC
330
A02
100
AcDbEntity
  8
IsoView
100
AcDbLine
 10
-206.375041537
 20
525.431461415
 30
0.000000000
 11
-230.937500542
 21
621.018488857
 31
0.000000000
  0
LINE
  5
13ED
330
A02
100
AcDbEntity
  8
IsoView
100
AcDbLine
 10
-82.785945874
 20
324.039007990
 30
0.000000000
 11
-75.710138430
 21
296.502864311
 31
0.000000000
  0
LINE
  5
13EE
330
A02
100
AcDbEntity
  8
IsoView
100
AcDbLine
 10
-140.770521541
 20
378.121817679
 30
0.000000000
 11
-126.520666272
 21
322.667219003
 31
0.000000000
  0
LINE
  5
13EF
330
A02
100
AcDbEntity
  8
IsoView
100
AcDbLine
 10
-102.029136834
 20
388.076972674
 30
0.000000000
 11
-87.280749621
 21
330.682291918
 31
0.000000000
  0
LINE
  5
13F0
330
A02
100
AcDbEntity
  8
IsoView
100
AcDbLine
 10
-115.377594833
 20
251.667055775
 30
0.000000000
 11
-119.092393741
 21
266.123531207
 31
0.000000000
  0
LINE
  5
13F1
330
A02
100
AcDbEntity
  8
IsoView
100
AcDbLine
 10
886.692041069
 20
-311.857567109
 30
0.000000000
 11
891.641788538
 21
-314.715305142
 31
0.000000000
  0
LINE
  5
13F2
330
A02
100
AcDbEntity
  8
IsoView
100
AcDbLine
 10
910.026564849
 20
-325.329760694
 30
0.000000000
 11
914.976312317
 21
-328.187498727
 31
0.000000000
  0
LINE
  5
13F3
330
A02
100
AcDbEntity
  8
IsoView
100
AcDbLine
 10
899.803360915
 20
-331.931564979
 30
0.000000000
 11
901.076564849
 21
-332.666649613
 31
0.000000000
  0
LINE
  5
13F4
330
A02
100
AcDbEntity
  8
IsoView
100
AcDbLine
 10
894.687829149
 20
91.646794521
 30
0.000000000
 11
899.637576617
 21
88.789056488
 31
0.000000000
  0
LINE
  5
13F5
330
A02
100
AcDbEntity
  8
IsoView
100
AcDbLine
 10
918.022352928
 20
78.174600936
 30
0.000000000
 11
922.972100396
 21
75.316862903
 31
0.000000000
  0
LINE
  5
13F6
330
A02
100
AcDbEntity
  8
IsoView
100
AcDbLine
 10
914.379031688
 20
64.216712561
 30
0.000000000
 11
915.652236054
 21
63.481627678
 31
0.000000000
  0
LINE
  5
13F7
330
A02
100
AcDbEntity
  8
IsoView
100
AcDbLine
 10
911.801073333
 20
-5.848931589
 30
0.000000000
 11
914.709734409
 21
73.204793818
 31
0.000000000
  0
LINE
  5
13F8
330
A02
100
AcDbEntity
  8
IsoView
100
AcDbLine
 10
891.818307711
 20
-5.012712737
 30
0.000000000
 11
894.064475331
 21
56.035279325
 31
0.000000000
  0
LINE
  5
13F9
330
A02
100
AcDbEntity
  8
IsoView
100
AcDbLine
 10
946.155182777
 20
-272.330221466
 30
0.000000000
 11
944.928587273
 21
-305.667534271
 31
0.000000000
  0
LINE
  5
13FA
330
A02
100
AcDbEntity
  8
IsoView
100
AcDbLine
 10
906.366555665
 20
-192.417517452
 30
0.000000000
 11
903.726336858
 21
-264.175321892
 31
0.000000000
  0
LINE
  5
13FB
330
A02
100
AcDbEntity
  8
IsoView
100
AcDbLine
 10
946.339507932
 20
-193.888261174
 30
0.000000000
 11
943.674844869
 21
-266.310429520
 31
0.000000000
  0
LINE
  5
13FC
330
A02
100
AcDbEntity
  8
IsoView
100
AcDbLine
 10
899.603377057
 20
-337.366873033
 30
0.000000000
 11
900.164728523
 21
-322.110050901
 31
0.000000000
  0
LINE
  5
13FD
330
A02
100
AcDbEntity
  8
IsoView
100
AcDbLine
 10
529.996514852
 20
-546.827462730
 30
0.000000000
 11
528.188903008
 21
-545.783837545
 31
0.000000000
  0
LINE
  5
13FE
330
A02
100
AcDbEntity
  8
IsoView
100
AcDbLine
 10
509.804126697
 20
-535.169381993
 30
0.000000000
 11
504.854379229
 21
-532.311643959
 31
0.000000000
  0
LINE
  5
13FF
330
A02
100
AcDbEntity
  8
IsoView
100
AcDbLine
 10
495.904379491
 20
-539.648533029
 30
0.000000000
 11
495.904379229
 21
-539.648532878
 31
0.000000000
  0
LINE
  5
1400
330
A02
100
AcDbEntity
  8
IsoView
100
AcDbLine
 10
613.463581106
 20
-89.136685301
 30
0.000000000
 11
610.028628815
 21
-87.153514671
 31
0.000000000
  0
LINE
  5
1401
330
A02
100
AcDbEntity
  8
IsoView
100
AcDbLine
 10
590.712819027
 20
-76.001526690
 30
0.000000000
 11
585.763071558
 21
-73.143788657
 31
0.000000000
  0
LINE
  5
1402
330
A02
100
AcDbEntity
  8
IsoView
100
AcDbLine
 10
593.981803592
 20
-168.264644551
 30
0.000000000
 11
612.590295118
 21
-74.205180947
 31
0.000000000
  0
LINE
  5
1403
330
A02
100
AcDbEntity
  8
IsoView
100
AcDbLine
 10
575.684149712
 20
-157.700489158
 30
0.000000000
 11
591.749343878
 21
-76.496510651
 31
0.000000000
  0
LINE
  5
1404
330
A02
100
AcDbEntity
  8
IsoView
100
AcDbLine
 10
460.646554269
 20
-525.300912262
 30
0.000000000
 11
459.423056372
 21
-531.485269322
 31
0.000000000
  0
LINE
  5
1405
330
A02
100
AcDbEntity
  8
IsoView
100
AcDbLine
 10
482.896176660
 20
-426.748876126
 30
0.000000000
 11
478.342880543
 21
-449.764207050
 31
0.000000000
  0
LINE
  5
1406
330
A02
100
AcDbEntity
  8
IsoView
100
AcDbLine
 10
517.681197829
 20
-553.937714328
 30
0.000000000
 11
519.748819695
 21
-543.486603693
 31
0.000000000
  0
LINE
  5
1407
330
A02
100
AcDbEntity
  8
IsoView
100
AcDbLine
 10
-486.669554711
 20
40.144966209
 30
0.000000000
 11
-488.477166556
 21
41.188591394
 31
0.000000000
  0
LINE
  5
1408
330
A02
100
AcDbEntity
  8
IsoView
100
AcDbLine
 10
-506.861942867
 20
51.803046946
 30
0.000000000
 11
-511.811690335
 21
54.660784979
 31
0.000000000
  0
LINE
  5
1409
330
A02
100
AcDbEntity
  8
IsoView
100
AcDbLine
 10
-497.498486899
 20
33.892879295
 30
0.000000000
 11
-498.680440204
 21
34.575280353
 31
0.000000000
  0
LINE
  5
140A
330
A02
100
AcDbEntity
  8
IsoView
100
AcDbLine
 10
-494.349863041
 20
415.514673484
 30
0.000000000
 11
-494.436648981
 21
415.564779370
 31
0.000000000
  0
LINE
  5
140B
330
A02
100
AcDbEntity
  8
IsoView
100
AcDbLine
 10
-517.684386821
 20
428.986867070
 30
0.000000000
 11
-522.634134289
 21
431.844605103
 31
0.000000000
  0
LINE
  5
140C
330
A02
100
AcDbEntity
  8
IsoView
100
AcDbLine
 10
-492.963968998
 20
434.538567604
 30
0.000000000
 11
-494.217242646
 21
435.262145482
 31
0.000000000
  0
LINE
  5
140D
330
A02
100
AcDbEntity
  8
IsoView
100
AcDbLine
 10
-495.091711934
 20
356.756017779
 30
0.000000000
 11
-494.151800268
 21
441.137283436
 31
0.000000000
  0
LINE
  5
140E
330
A02
100
AcDbEntity
  8
IsoView
100
AcDbLine
 10
-515.090114793
 20
357.010787446
 30
0.000000000
 11
-514.299606020
 21
427.979297853
 31
0.000000000
  0
LINE
  5
140F
330
A02
100
AcDbEntity
  8
IsoView
100
AcDbLine
 10
-563.001304587
 20
59.715315987
 30
0.000000000
 11
-563.367422484
 21
26.846810726
 31
0.000000000
  0
LINE
  5
1410
330
A02
100
AcDbEntity
  8
IsoView
100
AcDbLine
 10
-559.441095014
 20
136.926230278
 30
0.000000000
 11
-560.233323919
 21
65.803293767
 31
0.000000000
  0
LINE
  5
1411
330
A02
100
AcDbEntity
  8
IsoView
100
AcDbLine
 10
-498.695740952
 20
33.201644345
 30
0.000000000
 11
-498.569492604
 21
44.535683286
 31
0.000000000
  0
LINE
  5
1412
330
A02
100
AcDbEntity
  8
IsoView
100
AcDbLine
 10
-241.330443181
 20
1105.271081894
 30
0.000000000
 11
-235.384820290
 21
1101.838374918
 31
0.000000000
  0
LINE
  5
1413
330
A02
100
AcDbEntity
  8
IsoView
100
AcDbLine
 10
-226.480499389
 20
1211.994311606
 30
0.000000000
 11
-225.419839217
 21
1211.381939170
 31
0.000000000
  0
LINE
  5
1414
330
A02
100
AcDbEntity
  8
IsoView
100
AcDbLine
 10
-241.480499389
 20
1186.013549492
 30
0.000000000
 11
-240.419839217
 21
1185.401177057
 31
0.000000000
  0
LINE
  5
1415
330
A02
100
AcDbEntity
  8
IsoView
100
AcDbLine
 10
-180.655230534
 20
1273.294321214
 30
0.000000000
 11
-169.848235705
 21
1267.054899840
 31
0.000000000
  0
LINE
  5
1416
330
A02
100
AcDbEntity
  8
IsoView
100
AcDbLine
 10
-271.655230535
 20
1115.677697725
 30
0.000000000
 11
-260.848235705
 21
1109.438276351
 31
0.000000000
  0
LWPOLYLINE
  5
1417
330
A02
100
AcDbEntity
100
AcDbPolyline
  8
IsoView
 90
43
 70
0
 43
0
 10
-180.655230535
 20
1273.294321214
 10
-185.163761780
 20
1275.444192493
 10
-189.948810848
 20
1276.878243463
 10
-194.891019011
 20
1277.609603101
 10
-199.887191394
 20
1277.689214740
 10
-204.859437176
 20
1277.187348636
 10
-209.754704374
 20
1276.178813840
 10
-214.539731582
 20
1274.733598609
 10
-219.195212095
 20
1272.912919932
 10
-223.710974391
 20
1270.768473705
 10
-228.082520920
 20
1268.343168791
 10
-232.308687803
 20
1265.672336070
 10
-236.390189876
 20
1262.785094966
 10
-240.328699708
 20
1259.705531724
 10
-244.126255688
 20
1256.453653589
 10
-247.784902963
 20
1253.046178475
 10
-251.306523282
 20
1249.497217712
 10
-254.692661137
 20
1245.818730106
 10
-257.944444454
 20
1242.020926234
 10
-261.062542249
 20
1238.112597273
 10
-264.047129201
 20
1234.101371760
 10
-266.897850021
 20
1229.993919227
 10
-269.613778233
 20
1225.796114434
 10
-272.193364885
 20
1221.513172571
 10
-274.634399628
 20
1217.149778307
 10
-276.934039777
 20
1212.710240901
 10
-279.088671718
 20
1208.198550837
 10
-281.093812292
 20
1203.618472659
 10
-282.944021240
 20
1198.973656513
 10
-284.632784291
 20
1194.267754254
 10
-286.152360418
 20
1189.504548935
 10
-287.493584426
 20
1184.688108708
 10
-288.645612561
 20
1179.822980029
 10
-289.595613959
 20
1174.914444980
 10
-290.328484759
 20
1169.968884453
 10
-290.826352243
 20
1164.994240938
 10
-291.068072662
 20
1160.000687431
 10
-291.028705586
 20
1155.001567322
 10
-290.678960113
 20
1150.014710012
 10
-289.984692268
 20
1145.064277585
 10
-288.906924150
 20
1140.183282225
 10
-287.402721826
 20
1135.416845910
 10
-286.899773866
 20
1134.112395612
  0
LWPOLYLINE
  5
1418
330
A02
100
AcDbEntity
100
AcDbPolyline
  8
IsoView
 90
6
 70
0
 43
0
 10
-286.899773866
 20
1134.112395612
 10
-284.785842845
 20
1129.584085786
 10
-282.152509467
 20
1125.337593900
 10
-278.980712289
 20
1121.477666087
 10
-275.282649406
 20
1118.119573460
 10
-271.655230535
 20
1115.677697725
  0
LINE
  5
1419
330
A02
100
AcDbEntity
  8
IsoView
100
AcDbLine
 10
-174.752766263
 20
1205.672635049
 30
0.000000000
 11
-174.726029896
 21
1205.657198800
 31
0.000000000
  0
LINE
  5
141A
330
A02
100
AcDbEntity
  8
IsoView
100
AcDbLine
 10
-180.689581100
 20
1198.130601578
 30
0.000000000
 11
-180.663898426
 21
1198.115773679
 31
0.000000000
  0
LWPOLYLINE
  5
141B
330
A02
100
AcDbEntity
100
AcDbPolyline
  8
IsoView
 90
3
 70
0
 43
0
 10
-152.226690985
 20
1247.717580073
 10
-149.449536808
 20
1243.566388326
 10
-148.356532023
 20
1241.449415125
  0
LWPOLYLINE
  5
141C
330
A02
100
AcDbEntity
100
AcDbPolyline
  8
IsoView
 90
4
 70
0
 43
0
 10
-240.836419135
 20
1105.307385342
 10
-236.027530353
 20
1103.967334686
 10
-231.053822453
 20
1103.515479634
 10
-227.927377283
 20
1103.628660686
  0
LWPOLYLINE
  5
141D
330
A02
100
AcDbEntity
100
AcDbPolyline
  8
IsoView
 90
4
 70
0
 43
0
 10
-158.545475111
 20
1267.741268110
 10
-155.616103780
 20
1263.694088643
 10
-153.227481523
 20
1259.304914539
 10
-152.144029489
 20
1256.818173316
  0
LWPOLYLINE
  5
141E
330
A02
100
AcDbEntity
100
AcDbPolyline
  8
IsoView
 90
9
 70
0
 43
0
 10
-263.424380660
 20
1101.636293530
 10
-258.721364644
 20
1099.954860482
 10
-253.814266919
 20
1099.019391726
 10
-248.823921857
 20
1098.771782929
 10
-243.839340245
 20
1099.128952154
 10
-238.918708033
 20
1100.005139482
 10
-234.097047869
 20
1101.323007602
 10
-229.393982602
 20
1103.017062925
 10
-227.968173857
 20
1103.607209863
  0
LWPOLYLINE
  5
141F
330
A02
100
AcDbEntity
100
AcDbPolyline
  8
IsoView
 90
5
 70
0
 43
0
 10
-148.358379440
 20
1241.496126919
 10
-149.132726580
 20
1246.434738674
 10
-150.278683631
 20
1251.300246190
 10
-151.841684026
 20
1256.047775156
 10
-152.144029489
 20
1256.818173316
  0
LWPOLYLINE
  5
1420
330
A02
100
AcDbEntity
100
AcDbPolyline
  8
IsoView
 90
8
 70
0
 43
0
 10
-166.672634129
 20
1287.666238324
 10
-162.511732325
 20
1284.899691461
 10
-158.726688674
 20
1281.637462272
 10
-155.357637974
 20
1277.946749941
 10
-152.422718657
 20
1273.901754355
 10
-149.920676489
 20
1269.575155005
 10
-147.836279592
 20
1265.032183234
 10
-147.753304462
 20
1264.826993915
  0
LWPOLYLINE
  5
1421
330
A02
100
AcDbEntity
100
AcDbPolyline
  8
IsoView
 90
15
 70
0
 43
0
 10
-277.110377650
 20
1096.382455472
 10
-272.634023547
 20
1094.162295930
 10
-267.916327987
 20
1092.515463378
 10
-263.035545809
 20
1091.443169490
 10
-258.065014170
 20
1090.923963626
 10
-253.067048914
 20
1090.920385636
 10
-248.090520700
 20
1091.386715265
 10
-243.171373533
 20
1092.274622560
 10
-238.334627005
 20
1093.537478462
 10
-233.596843519
 20
1095.132581104
 10
-228.968405203
 20
1097.022051593
 10
-224.455353714
 20
1099.172902358
 10
-220.060779971
 20
1101.556701308
 10
-215.785875915
 20
1104.149140773
 10
-214.303953850
 20
1105.111084212
  0
LWPOLYLINE
  5
1422
330
A02
100
AcDbEntity
100
AcDbPolyline
  8
IsoView
 90
9
 70
0
 43
0
 10
-142.828667985
 20
1228.909747594
 10
-142.640470423
 20
1233.905782180
 10
-142.686128018
 20
1238.905080854
 10
-142.985190643
 20
1243.895544619
 10
-143.559884623
 20
1248.861704485
 10
-144.434894878
 20
1253.783686782
 10
-145.637175732
 20
1258.635924581
 10
-147.195206655
 20
1263.385649387
 10
-147.753304462
 20
1264.826993915
  0
LWPOLYLINE
  5
1423
330
A02
100
AcDbEntity
100
AcDbPolyline
  8
IsoView
 90
52
 70
0
 43
0
 10
-166.672634129
 20
1287.666238324
 10
-171.148988175
 20
1289.886397751
 10
-175.866683945
 20
1291.533229867
 10
-180.747465579
 20
1292.605526153
 10
-185.717997769
 20
1293.124725820
 10
-190.715962918
 20
1293.128308135
 10
-195.692491135
 20
1292.661978615
 10
-200.611638296
 20
1291.774071275
 10
-205.448384843
 20
1290.511215439
 10
-210.186168494
 20
1288.916113278
 10
-214.814607128
 20
1287.026643569
 10
-219.327658338
 20
1284.875792253
 10
-223.722230654
 20
1282.491990634
 10
-227.997135114
 20
1279.899551822
 10
-232.152394650
 20
1277.119268125
 10
-236.188778882
 20
1274.168971556
 10
-240.107457087
 20
1271.063975597
 10
-243.909757386
 20
1267.817459626
 10
-247.597003827
 20
1264.440801252
 10
-251.170466990
 20
1260.943920055
 10
-254.631254338
 20
1257.335466504
 10
-257.980255848
 20
1253.623012799
 10
-261.218125307
 20
1249.813231109
 10
-264.345259392
 20
1245.912031641
 10
-267.361779253
 20
1241.924676154
 10
-270.267512267
 20
1237.855872150
 10
-273.061972182
 20
1233.709851913
 10
-275.744336130
 20
1229.490439687
 10
-278.313417108
 20
1225.201109736
 10
-280.767679824
 20
1220.845065051
 10
-283.105227707
 20
1216.425292445
 10
-285.323716940
 20
1211.944577991
 10
-287.420341130
 20
1207.405566345
 10
-289.391792786
 20
1202.810809882
 10
-291.234214373
 20
1198.162818466
 10
-292.943137056
 20
1193.464112315
 10
-294.513373024
 20
1188.717270653
 10
-295.938910578
 20
1183.924999945
 10
-297.213005815
 20
1179.090277958
 10
-298.327888012
 20
1174.216399154
 10
-299.274612890
 20
1169.307109588
 10
-300.042910921
 20
1164.366782899
 10
-300.621012786
 20
1159.400644216
 10
-300.995453113
 20
1154.415058610
 10
-301.150857625
 20
1149.417905782
 10
-301.069726130
 20
1144.419068684
 10
-300.732129090
 20
1139.431078647
 10
-300.115473513
 20
1134.469973735
 10
-299.194723362
 20
1129.556367262
 10
-297.942641329
 20
1124.716772924
 10
-296.330631856
 20
1119.985136108
 10
-296.029707317
 20
1119.221699881
  0
LWPOLYLINE
  5
1424
330
A02
100
AcDbEntity
100
AcDbPolyline
  8
IsoView
 90
8
 70
0
 43
0
 10
-277.110377650
 20
1096.382455472
 10
-281.271279168
 20
1099.149002696
 10
-285.056322082
 20
1102.411232690
 10
-288.425373528
 20
1106.101944737
 10
-291.360293096
 20
1110.146940029
 10
-293.862335285
 20
1114.473539416
 10
-295.946732620
 20
1119.016510924
 10
-296.029707317
 20
1119.221699881
  0
LWPOLYLINE
  5
1425
330
A02
100
AcDbEntity
100
AcDbPolyline
  8
IsoView
 90
5
 70
0
 43
0
 10
-157.719391254
 20
1271.413710839
 10
-158.816679448
 20
1266.535600690
 10
-159.913967641
 20
1261.657490542
 10
-161.011255835
 20
1256.779380394
 10
-161.179014543
 20
1256.033591401
  0
LWPOLYLINE
  5
1426
330
A02
100
AcDbEntity
100
AcDbPolyline
  8
IsoView
 90
5
 70
0
 43
0
 10
-164.357377722
 20
1274.606661923
 10
-165.454665916
 20
1269.728551775
 10
-166.551954109
 20
1264.850441627
 10
-167.649242303
 20
1259.972331478
 10
-167.816998494
 20
1259.226553677
  0
LWPOLYLINE
  5
1427
330
A02
100
AcDbEntity
100
AcDbPolyline
  8
IsoView
 90
3
 70
0
 43
0
 10
-160.435110577
 20
1256.943029057
 10
-155.559035116
 20
1255.836734296
 10
-151.416977881
 20
1254.896975209
  0
LWPOLYLINE
  5
1428
330
A02
100
AcDbEntity
100
AcDbPolyline
  8
IsoView
 90
4
 70
0
 43
0
 10
-163.425562888
 20
1250.258404844
 10
-158.549487427
 20
1249.152110083
 10
-153.673411966
 20
1248.045815322
 10
-149.576554956
 20
1247.116311362
  0
LWPOLYLINE
  5
1429
330
A02
100
AcDbEntity
100
AcDbPolyline
  8
IsoView
 90
4
 70
0
 43
0
 10
-163.572431649
 20
1250.300797691
 10
-167.343127509
 20
1253.418511271
 10
-168.077349679
 20
1258.258224449
 10
-167.810573794
 20
1259.255115357
  0
LWPOLYLINE
  5
142A
330
A02
100
AcDbEntity
100
AcDbPolyline
  8
IsoView
 90
13
 70
0
 43
0
 10
-94.479436930
 20
1342.474859032
 10
-90.230029919
 20
1339.841526605
 10
-86.152480116
 20
1336.949194306
 10
-82.260906248
 20
1333.811070245
 10
-78.567332326
 20
1330.442104744
 10
-75.081365719
 20
1326.858702175
 10
-71.810182231
 20
1323.078167431
 10
-68.758650762
 20
1319.118159764
 10
-65.928972574
 20
1314.996648021
 10
-63.321447976
 20
1310.731066400
 10
-60.934598639
 20
1306.338145498
 10
-58.765280042
 20
1301.833782029
 10
-56.934101257
 20
1297.545745891
  0
LWPOLYLINE
  5
142B
330
A02
100
AcDbEntity
100
AcDbPolyline
  8
IsoView
 90
90
 70
0
 43
0
 10
-56.934101257
 20
1297.545745891
 10
-55.171424423
 20
1292.867180642
 10
-53.610493521
 20
1288.117458867
 10
-52.244621220
 20
1283.307980007
 10
-51.066792361
 20
1278.448996998
 10
-50.069875627
 20
1273.549667685
 10
-49.246729718
 20
1268.618141682
 10
-48.590311630
 20
1263.661645432
 10
-48.093763246
 20
1258.686569769
 10
-47.750471989
 20
1253.698557523
 10
-47.554110677
 20
1248.702587670
 10
-47.498643539
 20
1243.703053936
 10
-47.578315228
 20
1238.703834902
 10
-47.787788091
 20
1233.708359975
 10
-48.122026753
 20
1228.719669604
 10
-48.576288156
 20
1223.740464685
 10
-49.146121194
 20
1218.773151142
 10
-49.827362201
 20
1213.819880087
 10
-50.616127503
 20
1208.882583758
 10
-51.508803986
 20
1203.963007573
 10
-52.502038425
 20
1199.062738632
 10
-53.592726140
 20
1194.183231042
 10
-54.777973258
 20
1189.325821906
 10
-56.055000263
 20
1184.491727154
 10
-57.421300920
 20
1179.682098916
 10
-58.874556265
 20
1174.898023450
 10
-60.412610882
 20
1170.140530195
 10
-62.033462989
 20
1165.410602637
 10
-63.735255418
 20
1160.709188118
 10
-65.516267401
 20
1156.037206777
 10
-67.374907136
 20
1151.395559769
 10
-69.309705067
 20
1146.785136917
 10
-71.319307841
 20
1142.206823907
 10
-73.402472896
 20
1137.661509137
 10
-75.558063632
 20
1133.150090338
 10
-77.785045142
 20
1128.673481051
 10
-80.082480466
 20
1124.232617049
 10
-82.449527329
 20
1119.828462814
 10
-84.885435357
 20
1115.462018133
 10
-87.389534041
 20
1111.134319258
 10
-89.961179324
 20
1106.846414407
 10
-92.599823765
 20
1102.599410657
 10
-95.305000411
 20
1098.394472958
 10
-98.076313101
 20
1094.232826331
 10
-100.913432873
 20
1090.115761666
 10
-103.816094700
 20
1086.044641892
 10
-106.784094464
 20
1082.020908615
 10
-109.817286150
 20
1078.046089282
 10
-112.915579182
 20
1074.121804960
 10
-116.078935860
 20
1070.249778832
 10
-119.307368820
 20
1066.431845497
 10
-122.600977347
 20
1062.669995561
 10
-125.959966837
 20
1058.966410898
 10
-129.384447359
 20
1055.323299796
 10
-132.874575585
 20
1051.743034096
 10
-136.430559426
 20
1048.228173512
 10
-140.052650337
 20
1044.781481208
 10
-143.741134528
 20
1041.405940556
 10
-147.496322788
 20
1038.104773126
 10
-151.318538587
 20
1034.881457891
 10
-155.208104078
 20
1031.739751607
 10
-159.165323545
 20
1028.683710257
 10
-163.190463815
 20
1025.717711354
 10
-167.283731035
 20
1022.846476809
 10
-171.445243196
 20
1020.075095881
 10
-175.674997703
 20
1017.409047568
 10
-179.972833262
 20
1014.854221535
 10
-184.338409276
 20
1012.416980204
 10
-188.771275659
 20
1010.104416838
 10
-193.270612038
 20
1007.924034701
 10
-197.835217881
 20
1005.883865984
 10
-202.463450562
 20
1003.992523550
 10
-207.153131191
 20
1002.259207408
 10
-211.901436997
 20
1000.693694416
 10
-216.704780824
 20
999.306304866
 10
-221.558682293
 20
998.107849191
 10
-226.457637804
 20
997.109573119
 10
-231.394970501
 20
996.322996448
 10
-236.362698241
 20
995.759748136
 10
-241.351419665
 20
995.431397930
 10
-246.350215525
 20
995.349140594
 10
-251.346593587
 20
995.523780365
 10
-256.326545453
 20
995.964167635
 10
-261.274522550
 20
996.678967188
 10
-266.173622725
 20
997.674875023
 10
-271.005907411
 20
998.956160372
 10
-275.752751455
 20
1000.524550986
 10
-280.395196114
 20
1002.379234822
 10
-284.914269729
 20
1004.516975861
 10
-288.479436930
 20
1006.457002363
  0
LINE
  5
142C
330
A02
100
AcDbEntity
  8
IsoView
100
AcDbLine
 10
-109.124437120
 20
1350.930153833
 30
0.000000000
 11
-94.479436930
 21
1342.474859032
 31
0.000000000
  0
LINE
  5
142D
330
A02
100
AcDbEntity
  8
IsoView
100
AcDbLine
 10
-303.124437120
 20
1014.912297165
 30
0.000000000
 11
-288.479436930
 21
1006.457002363
 31
0.000000000
  0
LWPOLYLINE
  5
142E
330
A02
100
AcDbEntity
100
AcDbPolyline
  8
IsoView
 90
90
 70
0
 43
0
 10
-340.669772793
 20
1059.841410306
 10
-342.432449627
 20
1064.519975555
 10
-343.993380529
 20
1069.269697330
 10
-345.359252831
 20
1074.079176190
 10
-346.537081690
 20
1078.938159199
 10
-347.533998423
 20
1083.837488512
 10
-348.357144332
 20
1088.769014515
 10
-349.013562420
 20
1093.725510765
 10
-349.510110804
 20
1098.700586428
 10
-349.853402061
 20
1103.688598674
 10
-350.049763373
 20
1108.684568527
 10
-350.105230512
 20
1113.684102261
 10
-350.025558822
 20
1118.683321295
 10
-349.816085959
 20
1123.678796222
 10
-349.481847297
 20
1128.667486593
 10
-349.027585894
 20
1133.646691512
 10
-348.457752856
 20
1138.614005055
 10
-347.776511849
 20
1143.567276110
 10
-346.987746547
 20
1148.504572439
 10
-346.095070064
 20
1153.424148624
 10
-345.101835625
 20
1158.324417565
 10
-344.011147910
 20
1163.203925155
 10
-342.825900792
 20
1168.061334291
 10
-341.548873787
 20
1172.895429043
 10
-340.182573131
 20
1177.705057280
 10
-338.729317785
 20
1182.489132747
 10
-337.191263168
 20
1187.246626002
 10
-335.570411061
 20
1191.976553560
 10
-333.868618632
 20
1196.677968079
 10
-332.087606649
 20
1201.349949420
 10
-330.228966914
 20
1205.991596428
 10
-328.294168983
 20
1210.602019280
 10
-326.284566209
 20
1215.180332290
 10
-324.201401154
 20
1219.725647060
 10
-322.045810418
 20
1224.237065859
 10
-319.818828908
 20
1228.713675146
 10
-317.521393584
 20
1233.154539148
 10
-315.154346721
 20
1237.558693383
 10
-312.718438693
 20
1241.925138064
 10
-310.214340009
 20
1246.252836939
 10
-307.642694726
 20
1250.540741790
 10
-305.004050285
 20
1254.787745540
 10
-302.298873639
 20
1258.992683239
 10
-299.527560949
 20
1263.154329866
 10
-296.690441177
 20
1267.271394531
 10
-293.787779350
 20
1271.342514305
 10
-290.819779586
 20
1275.366247582
 10
-287.786587900
 20
1279.341066915
 10
-284.688294868
 20
1283.265351237
 10
-281.524938191
 20
1287.137377365
 10
-278.296505230
 20
1290.955310700
 10
-275.002896703
 20
1294.717160636
 10
-271.643907213
 20
1298.420745299
 10
-268.219426691
 20
1302.063856401
 10
-264.729298465
 20
1305.644122101
 10
-261.173314624
 20
1309.158982685
 10
-257.551223713
 20
1312.605674989
 10
-253.862739523
 20
1315.981215641
 10
-250.107551262
 20
1319.282383071
 10
-246.285335463
 20
1322.505698306
 10
-242.395769972
 20
1325.647404590
 10
-238.438550505
 20
1328.703445940
 10
-234.413410235
 20
1331.669444843
 10
-230.320143015
 20
1334.540679388
 10
-226.158630854
 20
1337.312060316
 10
-221.928876347
 20
1339.978108629
 10
-217.631040788
 20
1342.532934662
 10
-213.265464774
 20
1344.970175993
 10
-208.832598391
 20
1347.282739359
 10
-204.333262012
 20
1349.463121496
 10
-199.768656169
 20
1351.503290213
 10
-195.140423488
 20
1353.394632647
 10
-190.450742859
 20
1355.127948789
 10
-185.702437053
 20
1356.693461781
 10
-180.899093226
 20
1358.080851331
 10
-176.045191757
 20
1359.279307006
 10
-171.146236246
 20
1360.277583078
 10
-166.208903549
 20
1361.064159749
 10
-161.241175809
 20
1361.627408061
 10
-156.252454386
 20
1361.955758267
 10
-151.253658525
 20
1362.038015603
 10
-146.257280463
 20
1361.863375832
 10
-141.277328598
 20
1361.422988562
 10
-136.329351500
 20
1360.708189009
 10
-131.430251325
 20
1359.712281174
 10
-126.597966639
 20
1358.430995825
 10
-121.851122595
 20
1356.862605211
 10
-117.208677936
 20
1355.007921375
 10
-112.689604321
 20
1352.870180336
 10
-109.124437120
 20
1350.930153834
  0
LWPOLYLINE
  5
142F
330
A02
100
AcDbEntity
100
AcDbPolyline
  8
IsoView
 90
13
 70
0
 43
0
 10
-340.669772793
 20
1059.841410306
 10
-338.699145739
 20
1055.246602718
 10
-336.515290163
 20
1050.749272470
 10
-334.113645719
 20
1046.364425947
 10
-331.491180140
 20
1042.108017076
 10
-328.646524312
 20
1037.996832169
 10
-325.580084485
 20
1034.048361455
 10
-322.294227578
 20
1030.280575488
 10
-318.794034606
 20
1026.711071153
 10
-315.086787910
 20
1023.357160100
 10
-311.182277313
 20
1020.235149044
 10
-307.092682588
 20
1017.359874323
 10
-303.124437120
 20
1014.912297165
  0
LWPOLYLINE
  5
1430
330
A02
100
AcDbEntity
100
AcDbPolyline
  8
IsoView
 90
34
 70
0
 43
0
 10
-141.986518678
 20
1236.887203052
 10
-142.456358162
 20
1231.909621627
 10
-143.106495345
 20
1226.952328698
 10
-143.925128396
 20
1222.020030990
 10
-144.902099858
 20
1217.116615893
 10
-146.028603390
 20
1212.245360292
 10
-147.296956629
 20
1207.409083217
 10
-148.700423498
 20
1202.610260003
 10
-150.233073949
 20
1197.851109661
 10
-151.889737865
 20
1193.133686846
 10
-153.665956853
 20
1188.459959211
 10
-155.557766584
 20
1183.831806564
 10
-157.561716347
 20
1179.251089187
 10
-159.674810783
 20
1174.719681750
 10
-161.894461304
 20
1170.239503297
 10
-164.218447161
 20
1165.812545574
 10
-166.644884538
 20
1161.440901010
 10
-169.172200072
 20
1157.126790112
 10
-171.799099160
 20
1152.872583711
 10
-174.524600568
 20
1148.680865838
 10
-177.347990237
 20
1144.554450315
 10
-180.268799160
 20
1140.496411562
 10
-183.286794887
 20
1136.510127006
 10
-186.401976523
 20
1132.599327230
 10
-189.614572839
 20
1128.768156026
 10
-192.925043201
 20
1125.021243212
 10
-196.334080956
 20
1121.363793901
 10
-199.842618808
 20
1117.801699191
 10
-203.451817409
 20
1114.341655753
 10
-207.162950788
 20
1110.991203083
 10
-210.977533089
 20
1107.759053041
 10
-214.897227824
 20
1104.655254738
 10
-218.923795924
 20
1101.691474396
 10
-220.791385400
 20
1100.393170007
  0
LINE
  5
1431
330
A02
100
AcDbEntity
  8
IsoView
100
AcDbLine
 10
-78.494855090
 20
1104.958966612
 30
0.000000000
 11
-61.669905570
 21
1095.245077477
 31
0.000000000
  0
LINE
  5
1432
330
A02
100
AcDbEntity
  8
IsoView
100
AcDbLine
 10
-77.980223633
 20
1105.799125697
 30
0.000000000
 11
-60.279979768
 21
1095.579885137
 31
0.000000000
  0
LINE
  5
1433
330
A02
100
AcDbEntity
  8
IsoView
100
AcDbLine
 10
-78.424360244
 20
1105.074052631
 30
0.000000000
 11
-60.704979768
 21
1094.843763544
 31
0.000000000
  0
LINE
  5
1434
330
A02
100
AcDbEntity
  8
IsoView
100
AcDbLine
 10
-78.459607667
 20
1105.016509622
 30
0.000000000
 11
-61.187442669
 21
1095.044420510
 31
0.000000000
  0
LINE
  5
1435
330
A02
100
AcDbEntity
  8
IsoView
100
AcDbLine
 10
-77.511284144
 20
1106.564690581
 30
0.000000000
 11
-59.864974287
 21
1096.376588835
 31
0.000000000
  0
LINE
  5
1436
330
A02
100
AcDbEntity
  8
IsoView
100
AcDbLine
 10
-77.955420755
 20
1105.839617515
 30
0.000000000
 11
-60.289974287
 21
1095.640467241
 31
0.000000000
  0
LINE
  5
1437
330
A02
100
AcDbEntity
  8
IsoView
100
AcDbLine
 10
-77.042344656
 20
1107.330255465
 30
0.000000000
 11
-59.449968806
 21
1097.173292532
 31
0.000000000
  0
LINE
  5
1438
330
A02
100
AcDbEntity
  8
IsoView
100
AcDbLine
 10
-77.486481266
 20
1106.605182399
 30
0.000000000
 11
-59.874968806
 21
1096.437170939
 31
0.000000000
  0
LWPOLYLINE
  5
1439
330
A02
100
AcDbEntity
100
AcDbPolyline
  8
IsoView
 90
2
 70
0
 43
0
 10
-47.242227506
 20
1128.353614243
 10
-47.250266962
 20
1128.358243663
  0
LINE
  5
143A
330
A02
100
AcDbEntity
  8
IsoView
100
AcDbLine
 10
-47.242227506
 20
1128.353614243
 30
0.000000000
 11
-44.487646433
 21
1126.763256119
 31
0.000000000
  0
LWPOLYLINE
  5
143B
330
A02
100
AcDbEntity
100
AcDbPolyline
  8
IsoView
 90
2
 70
0
 43
0
 10
-74.010468420
 20
1112.279930282
 10
-72.830930977
 20
1112.894132402
  0
LINE
  5
143C
330
A02
100
AcDbEntity
  8
IsoView
100
AcDbLine
 10
-51.874914323
 20
1125.552919775
 30
0.000000000
 11
-72.830930977
 21
1112.894132402
 31
0.000000000
  0
LWPOLYLINE
  5
143D
330
A02
100
AcDbEntity
100
AcDbPolyline
  8
IsoView
 90
2
 70
0
 43
0
 10
-48.856734905
 20
1125.816966328
 10
-51.874914323
 20
1125.552919775
  0
LWPOLYLINE
  5
143E
330
A02
100
AcDbEntity
100
AcDbPolyline
  8
IsoView
 90
2
 70
0
 43
0
 10
-47.964672011
 20
1127.039795272
 10
-47.972711468
 20
1127.044424692
  0
LWPOLYLINE
  5
143F
330
A02
100
AcDbEntity
100
AcDbPolyline
  8
IsoView
 90
2
 70
0
 43
0
 10
-48.714672011
 20
1125.740757167
 10
-48.856734905
 20
1125.816966328
  0
LINE
  5
1440
330
A02
100
AcDbEntity
  8
IsoView
100
AcDbLine
 10
-47.964672011
 20
1127.039795272
 30
0.000000000
 11
-45.210090938
 21
1125.449437148
 31
0.000000000
  0
LINE
  5
1441
330
A02
100
AcDbEntity
  8
IsoView
100
AcDbLine
 10
-48.714672011
 20
1125.740757167
 30
0.000000000
 11
-45.960090940
 21
1124.150399044
 31
0.000000000
  0
LINE
  5
1442
330
A02
100
AcDbEntity
  8
IsoView
100
AcDbLine
 10
-51.205602746
 20
1129.464489040
 30
0.000000000
 11
-70.695921403
 21
1117.691077910
 31
0.000000000
  0
LWPOLYLINE
  5
1443
330
A02
100
AcDbEntity
100
AcDbPolyline
  8
IsoView
 90
2
 70
0
 43
0
 10
-46.519783000
 20
1129.667433214
 10
-46.744403968
 20
1129.787928979
  0
LWPOLYLINE
  5
1444
330
A02
100
AcDbEntity
100
AcDbPolyline
  8
IsoView
 90
2
 70
0
 43
0
 10
-46.744403968
 20
1129.787928979
 10
-51.205602746
 20
1129.464489040
  0
LINE
  5
1445
330
A02
100
AcDbEntity
  8
IsoView
100
AcDbLine
 10
-46.519783000
 20
1129.667433214
 30
0.000000000
 11
-43.765201928
 21
1128.077075090
 31
0.000000000
  0
LINE
  5
1446
330
A02
100
AcDbEntity
  8
IsoView
100
AcDbLine
 10
1229.115222600
 20
618.507438460
 30
0.000000000
 11
1223.027656640
 21
622.022096306
 31
0.000000000
  0
LINE
  5
1447
330
A02
100
AcDbEntity
  8
IsoView
100
AcDbLine
 10
1122.361436937
 20
596.021831129
 30
0.000000000
 11
1109.596690021
 21
603.391561197
 31
0.000000000
  0
LWPOLYLINE
  5
1448
330
A02
100
AcDbEntity
100
AcDbPolyline
  8
IsoView
 90
4
 70
0
 43
0
 10
1107.178796801
 20
597.570654133
 10
1107.158088656
 20
592.821642060
 10
1104.340226551
 20
588.745752221
 10
1102.599923275
 20
587.664321677
  0
LWPOLYLINE
  5
1449
330
A02
100
AcDbEntity
100
AcDbPolyline
  8
IsoView
 90
2
 70
0
 43
0
 10
1102.599923275
 20
587.664321677
 10
1102.265672850
 20
587.566535110
  0
LINE
  5
144A
330
A02
100
AcDbEntity
  8
IsoView
100
AcDbLine
 10
1152.994397701
 20
503.156258569
 30
0.000000000
 11
1153.032366199
 21
503.134337447
 31
0.000000000
  0
LINE
  5
144B
330
A02
100
AcDbEntity
  8
IsoView
100
AcDbLine
 10
1118.660385829
 20
479.224478529
 30
0.000000000
 11
1110.469686089
 21
483.953381229
 31
0.000000000
  0
LINE
  5
144C
330
A02
100
AcDbEntity
  8
IsoView
100
AcDbLine
 10
1209.660385829
 20
636.841102018
 30
0.000000000
 11
1201.469686089
 21
641.570004717
 31
0.000000000
  0
LWPOLYLINE
  5
144D
330
A02
100
AcDbEntity
100
AcDbPolyline
  8
IsoView
 90
2
 70
0
 43
0
 10
1110.469686089
 20
483.953381229
 10
1107.366459697
 20
485.996153916
  0
LWPOLYLINE
  5
144E
330
A02
100
AcDbEntity
100
AcDbPolyline
  8
IsoView
 90
22
 70
0
 43
0
 10
1116.139481841
 20
599.614078578
 10
1119.034169733
 20
603.690663394
 10
1122.062223660
 20
607.669174989
 10
1125.223514733
 20
611.542644929
 10
1128.518478129
 20
615.303039658
 10
1131.948054477
 20
618.941051118
 10
1135.513626016
 20
622.445837115
 10
1139.216936963
 20
625.804696287
 10
1143.059982830
 20
629.002658205
 10
1147.044845447
 20
632.021963805
 10
1151.173437322
 20
634.841405400
 10
1155.447097587
 20
637.435490371
 10
1159.865947234
 20
639.773392351
 10
1164.427857147
 20
641.817667920
 10
1169.126801453
 20
643.522767874
 10
1173.950262219
 20
644.833506631
 10
1178.875056112
 20
645.685289366
 10
1183.862021005
 20
646.006433162
 10
1188.850484285
 20
645.722141404
 10
1193.754013584
 20
644.766512749
 10
1198.462607836
 20
643.099023848
 10
1200.277619484
 20
642.224535323
  0
LWPOLYLINE
  5
144F
330
A02
100
AcDbEntity
100
AcDbPolyline
  8
IsoView
 90
2
 70
0
 43
0
 10
1201.469686089
 20
641.570004717
 10
1200.277619484
 20
642.224535323
  0
LWPOLYLINE
  5
1450
330
A02
100
AcDbEntity
100
AcDbPolyline
  8
IsoView
 90
4
 70
0
 43
0
 10
1223.219480974
 20
621.625913031
 10
1226.813109330
 20
618.160923408
 10
1229.720114854
 20
614.100088276
 10
1231.293511148
 20
611.153960484
  0
LWPOLYLINE
  5
1451
330
A02
100
AcDbEntity
100
AcDbPolyline
  8
IsoView
 90
4
 70
0
 43
0
 10
1151.722665615
 20
473.333213210
 10
1146.727440275
 20
473.292509352
 10
1141.793970384
 20
474.063854619
 10
1138.616755543
 20
475.089543488
  0
LWPOLYLINE
  5
1452
330
A02
100
AcDbEntity
100
AcDbPolyline
  8
IsoView
 90
9
 70
0
 43
0
 10
1116.225662230
 20
471.340846050
 10
1120.928678246
 20
469.659413002
 10
1125.835775971
 20
468.723944246
 10
1130.826121033
 20
468.476335449
 10
1135.810702645
 20
468.833504674
 10
1140.731334857
 20
469.709692002
 10
1145.552995021
 20
471.027560122
 10
1150.256060288
 20
472.721615445
 10
1151.681869034
 20
473.311762383
  0
LWPOLYLINE
  5
1453
330
A02
100
AcDbEntity
100
AcDbPolyline
  8
IsoView
 90
9
 70
0
 43
0
 10
1231.291672360
 20
611.200455531
 10
1230.517351807
 20
616.139071457
 10
1229.371422675
 20
621.004585599
 10
1227.808454678
 20
625.752125086
 10
1225.779234207
 20
630.319200802
 10
1223.236209327
 20
634.620456028
 10
1220.144549281
 20
638.544675903
 10
1216.500591873
 20
641.960756695
 10
1215.270450031
 20
642.891450745
  0
LWPOLYLINE
  5
1454
330
A02
100
AcDbEntity
100
AcDbPolyline
  8
IsoView
 90
2
 70
0
 43
0
 10
1102.539665240
 20
466.087007992
 10
1104.025795245
 20
465.271014869
  0
LWPOLYLINE
  5
1455
330
A02
100
AcDbEntity
100
AcDbPolyline
  8
IsoView
 90
15
 70
0
 43
0
 10
1212.977408761
 20
657.370790844
 10
1217.138300376
 20
654.604234245
 10
1220.923346982
 20
651.342006319
 10
1224.292371818
 20
647.651271906
 10
1227.227283106
 20
643.606268169
 10
1229.729364364
 20
639.279692285
 10
1231.813775166
 20
634.736727615
 10
1233.504398476
 20
630.032667556
 10
1234.829106447
 20
625.212494239
 10
1235.816598780
 20
620.311902062
 10
1236.494488495
 20
615.358821656
 10
1236.888322838
 20
610.374979036
 10
1237.021179261
 20
605.377267060
 10
1236.913512855
 20
600.378871816
 10
1236.821406432
 20
598.614517942
  0
LWPOLYLINE
  5
1456
330
A02
100
AcDbEntity
100
AcDbPolyline
  8
IsoView
 90
15
 70
0
 43
0
 10
1165.346181480
 20
474.815710807
 10
1161.113587472
 20
472.154709507
 10
1156.761239785
 20
469.694599444
 10
1152.289837588
 20
467.458368580
 10
1147.701663640
 20
465.473002909
 10
1143.001592187
 20
463.769805598
 10
1138.198285956
 20
462.384908584
 10
1133.305886704
 20
461.359345958
 10
1128.346143702
 20
460.738540364
 10
1123.350866283
 20
460.570577696
 10
1118.364200038
 20
460.902730426
 10
1113.443798319
 20
461.776126553
 10
1108.659616080
 20
463.218797779
 10
1104.089079926
 20
465.238083018
 10
1104.025795245
 20
465.271014869
  0
LWPOLYLINE
  5
1457
330
A02
100
AcDbEntity
100
AcDbPolyline
  8
IsoView
 90
3
 70
0
 43
0
 10
1102.539665240
 20
466.087007992
 10
1098.378773753
 20
468.853564598
 10
1094.719767200
 20
471.993553867
  0
LWPOLYLINE
  5
1458
330
A02
100
AcDbEntity
100
AcDbPolyline
  8
IsoView
 90
3
 70
0
 43
0
 10
1080.525934853
 20
539.858888228
 10
1081.502283401
 20
544.762376787
 10
1081.822687311
 20
546.202815278
  0
LWPOLYLINE
  5
1459
330
A02
100
AcDbEntity
100
AcDbPolyline
  8
IsoView
 90
9
 70
0
 43
0
 10
1083.549327372
 20
553.048504512
 10
1084.957021436
 20
557.846045211
 10
1086.510105239
 20
562.598525099
 10
1088.202546863
 20
567.303191421
 10
1090.029094251
 20
571.957442860
 10
1091.985187709
 20
576.558757852
 10
1094.066888764
 20
581.104632371
 10
1096.270822770
 20
585.592523605
 10
1098.020696315
 20
588.953386630
  0
LWPOLYLINE
  5
145A
330
A02
100
AcDbEntity
100
AcDbPolyline
  8
IsoView
 90
27
 70
0
 43
0
 10
1106.700144226
 20
603.585378322
 10
1109.499155663
 20
607.728326979
 10
1112.409417583
 20
611.793892613
 10
1115.430452629
 20
615.777827939
 10
1118.562091225
 20
619.675412033
 10
1121.804457105
 20
623.481367274
 10
1125.158000392
 20
627.189717719
 10
1128.623415523
 20
630.793726180
 10
1132.201551267
 20
634.285825026
 10
1135.893494541
 20
637.657346265
 10
1139.700511018
 20
640.898328847
 10
1143.623962203
 20
643.997289083
 10
1147.665189198
 20
646.940945466
 10
1151.825346790
 20
649.713890674
 10
1156.105164579
 20
652.298204836
 10
1160.504603499
 20
654.673006009
 10
1165.022440420
 20
656.813775701
 10
1169.655491708
 20
658.691891145
 10
1174.397560492
 20
660.274185194
 10
1179.238052815
 20
661.522569059
 10
1184.160101095
 20
662.394185152
 10
1189.138293386
 20
662.842244705
 10
1194.136187954
 20
662.818454100
 10
1199.104360203
 20
662.277299721
 10
1203.979967518
 20
661.181781642
 10
1208.689346098
 20
659.511345378
 10
1211.491278756
 20
658.186783967
  0
LWPOLYLINE
  5
145B
330
A02
100
AcDbEntity
100
AcDbPolyline
  8
IsoView
 90
2
 70
0
 43
0
 10
1212.977408761
 20
657.370790844
 10
1211.491278756
 20
658.186783967
  0
LWPOLYLINE
  5
145C
330
A02
100
AcDbEntity
100
AcDbPolyline
  8
IsoView
 90
34
 70
0
 43
0
 10
1158.858657483
 20
470.097722522
 10
1162.934449705
 20
472.993406163
 10
1166.902522724
 20
476.035087944
 10
1170.764701313
 20
479.210193816
 10
1174.522697621
 20
482.507983469
 10
1178.178076955
 20
485.919191945
 10
1181.732239141
 20
489.435756608
 10
1185.186408519
 20
493.050606178
 10
1188.541628390
 20
496.757495574
 10
1191.798704430
 20
500.550920018
 10
1194.958161799
 20
504.426034602
 10
1198.020354699
 20
508.378466212
 10
1200.985397434
 20
512.404296303
 10
1203.853164171
 20
516.499993483
 10
1206.623287264
 20
520.662356448
 10
1209.295152186
 20
524.888466099
 10
1211.867888746
 20
529.175644790
 10
1214.340360611
 20
533.521419696
 10
1216.711161884
 20
537.923484239
 10
1218.978545344
 20
542.379696632
 10
1221.140431178
 20
546.888031573
 10
1223.194391368
 20
551.446545676
 10
1225.137617196
 20
556.053348922
 10
1226.966878334
 20
560.706575244
 10
1228.678471765
 20
565.404350868
 10
1230.268158267
 20
570.144758707
 10
1231.731083405
 20
574.925796660
 10
1233.061678989
 20
579.745326925
 10
1234.253565205
 20
584.601006320
 10
1235.299575642
 20
589.490168438
 10
1236.191408536
 20
594.409768636
 10
1236.919529349
 20
599.356223003
 10
1237.472954366
 20
604.325223439
 10
1237.663524212
 20
606.591755581
  0
LWPOLYLINE
  5
145D
330
A02
100
AcDbEntity
100
AcDbPolyline
  8
IsoView
 90
51
 70
0
 43
0
 10
1267.508815829
 20
722.291147636
 10
1263.006458249
 20
724.463862051
 10
1258.378218054
 20
726.353703367
 10
1253.643195763
 20
727.957420777
 10
1248.820424581
 20
729.274049619
 10
1243.928592954
 20
730.305047597
 10
1238.985725383
 20
731.054330086
 10
1234.008853930
 20
731.528196684
 10
1229.013712107
 20
731.735126798
 10
1224.014506299
 20
731.684006006
 10
1219.023918615
 20
731.385446370
 10
1214.053059878
 20
730.850581035
 10
1209.111514543
 20
730.090949297
 10
1204.207433827
 20
729.118185593
 10
1199.347649141
 20
727.943831196
 10
1194.537800977
 20
726.579175104
 10
1189.782487756
 20
725.035088816
 10
1185.085399204
 20
723.321957453
 10
1180.449443884
 20
721.449631063
 10
1175.876871238
 20
719.427386973
 10
1171.369380996
 20
717.263916279
 10
1166.928219203
 20
714.967328009
 10
1162.554257938
 20
712.545171225
 10
1158.248039034
 20
710.004504293
 10
1154.009908087
 20
707.351794561
 10
1149.840022909
 20
704.593030045
 10
1145.738383117
 20
701.733770437
 10
1141.704870143
 20
698.779169233
 10
1137.739281123
 20
695.733997506
 10
1133.841357484
 20
692.602668315
 10
1130.010808981
 20
689.389261032
 10
1126.247333886
 20
686.097545056
 10
1122.550635955
 20
682.731002584
 10
1118.920431271
 20
679.292857976
 10
1115.356382403
 20
675.786176135
 10
1111.858217176
 20
672.213763226
 10
1108.425709578
 20
668.578214542
 10
1105.058664965
 20
664.881951724
 10
1101.756924658
 20
661.127237085
 10
1098.520370037
 20
657.316186634
 10
1095.348926265
 20
653.450781907
 10
1092.242565751
 20
649.532880757
 10
1089.201311441
 20
645.564227200
 10
1086.225240050
 20
641.546460433
 10
1083.314485286
 20
637.481123115
 10
1080.469241145
 20
633.369668996
 10
1077.689765353
 20
629.213469979
 10
1074.976383004
 20
625.013822691
 10
1072.329490475
 20
620.771954628
 10
1069.749559661
 20
616.489029952
 10
1069.713099917
 20
616.427398928
  0
LWPOLYLINE
  5
145E
330
A02
100
AcDbEntity
100
AcDbPolyline
  8
IsoView
 90
2
 70
0
 43
0
 10
1068.060856548
 20
613.600719927
 10
1067.474935126
 20
612.582067935
  0
LWPOLYLINE
  5
145F
330
A02
100
AcDbEntity
100
AcDbPolyline
  8
IsoView
 90
28
 70
0
 43
0
 10
1065.402256467
 20
608.907062317
 10
1063.009275479
 20
604.516945169
 10
1060.685595151
 20
600.089757185
 10
1058.432034703
 20
595.626468635
 10
1056.249502249
 20
591.128021611
 10
1054.138998273
 20
586.595335971
 10
1052.101619609
 20
582.029315237
 10
1050.138563970
 20
577.430852554
 10
1048.251135060
 20
572.800836771
 10
1046.440748325
 20
568.140158756
 10
1044.708937394
 20
563.449718032
 10
1043.057369058
 20
558.730427181
 10
1041.487978513
 20
553.983178070
 10
1040.002707867
 20
549.208944199
 10
1038.603601301
 20
544.408755386
 10
1037.292886544
 20
539.583684507
 10
1036.072984222
 20
534.734861254
 10
1034.946517731
 20
529.863487317
 10
1033.916323544
 20
524.970853242
 10
1032.985461796
 20
520.058357246
 10
1032.157226965
 20
515.127526279
 10
1031.435158367
 20
510.180039652
 10
1030.823050088
 20
505.217755568
 10
1030.324959901
 20
500.242740896
 10
1029.945216493
 20
495.257304518
 10
1029.688424229
 20
490.264034544
 10
1029.559464410
 20
485.265839648
 10
1029.545162003
 20
483.412242387
  0
LWPOLYLINE
  5
1460
330
A02
100
AcDbEntity
100
AcDbPolyline
  8
IsoView
 90
7
 70
0
 43
0
 10
1056.285879587
 20
401.164160221
 10
1059.718596278
 20
397.529704375
 10
1063.360968242
 20
394.105434483
 10
1067.203824093
 20
390.907826140
 10
1071.235765533
 20
387.952240723
 10
1075.443461128
 20
385.252763434
 10
1076.525605770
 20
384.616849685
  0
LWPOLYLINE
  5
1461
330
A02
100
AcDbEntity
100
AcDbPolyline
  8
IsoView
 90
2
 70
0
 43
0
 10
1270.525605770
 20
720.634706354
 10
1267.508815829
 20
722.291147636
  0
LINE
  5
1462
330
A02
100
AcDbEntity
  8
IsoView
100
AcDbLine
 10
1091.170605959
 20
376.161554884
 30
0.000000000
 11
1076.525605770
 21
384.616849685
 31
0.000000000
  0
LINE
  5
1463
330
A02
100
AcDbEntity
  8
IsoView
100
AcDbLine
 10
1285.170605959
 20
712.179411552
 30
0.000000000
 11
1270.525605770
 21
720.634706354
 31
0.000000000
  0
LWPOLYLINE
  5
1464
330
A02
100
AcDbEntity
100
AcDbPolyline
  8
IsoView
 90
2
 70
0
 43
0
 10
1094.187395901
 20
374.505113601
 10
1091.170605960
 20
376.161554883
  0
LWPOLYLINE
  5
1465
330
A02
100
AcDbEntity
100
AcDbPolyline
  8
IsoView
 90
102
 70
0
 43
0
 10
1094.187395901
 20
374.505113601
 10
1098.689753481
 20
372.332399186
 10
1103.317993676
 20
370.442557870
 10
1108.053015967
 20
368.838840460
 10
1112.875787149
 20
367.522211618
 10
1117.767618775
 20
366.491213640
 10
1122.710486347
 20
365.741931151
 10
1127.687357799
 20
365.268064553
 10
1132.682499623
 20
365.061134439
 10
1137.681705431
 20
365.112255231
 10
1142.672293115
 20
365.410814867
 10
1147.643151852
 20
365.945680202
 10
1152.584697186
 20
366.705311940
 10
1157.488777903
 20
367.678075644
 10
1162.348562588
 20
368.852430041
 10
1167.158410753
 20
370.217086133
 10
1171.913723974
 20
371.761172421
 10
1176.610812526
 20
373.474303784
 10
1181.246767846
 20
375.346630174
 10
1185.819340492
 20
377.368874264
 10
1190.326830733
 20
379.532344957
 10
1194.767992526
 20
381.828933228
 10
1199.141953792
 20
384.251090012
 10
1203.448172696
 20
386.791756944
 10
1207.686303643
 20
389.444466676
 10
1211.856188821
 20
392.203231192
 10
1215.957828613
 20
395.062490800
 10
1219.991341587
 20
398.017092004
 10
1223.956930607
 20
401.062263731
 10
1227.854854246
 20
404.193592922
 10
1231.685402749
 20
407.407000205
 10
1235.448877843
 20
410.698716181
 10
1239.145575775
 20
414.065258652
 10
1242.775780458
 20
417.503403261
 10
1246.339829326
 20
421.010085102
 10
1249.837994554
 20
424.582498011
 10
1253.270502151
 20
428.218046695
 10
1256.637546764
 20
431.914309513
 10
1259.939287072
 20
435.669024152
 10
1263.175841693
 20
439.480074603
 10
1266.347285464
 20
443.345479330
 10
1269.453645979
 20
447.263380480
 10
1272.494900289
 20
451.232034037
 10
1275.470971679
 20
455.249800804
 10
1278.381726444
 20
459.315138121
 10
1281.226970584
 20
463.426592241
 10
1284.006446377
 20
467.582791258
 10
1286.719828726
 20
471.782438546
 10
1289.366721255
 20
476.024306609
 10
1291.946652069
 20
480.307231285
 10
1294.459072582
 20
484.630104253
 10
1296.903408355
 20
488.991836753
 10
1299.278999968
 20
493.391387922
 10
1301.585092705
 20
497.827762461
 10
1303.820845249
 20
502.299997764
 10
1305.985326557
 20
506.807157899
 10
1308.077512266
 20
511.348327683
 10
1310.096280569
 20
515.922606770
 10
1312.040407554
 20
520.529103681
 10
1313.908561930
 20
525.166929663
 10
1315.699299106
 20
529.835192308
 10
1317.411054571
 20
534.532988817
 10
1319.042106878
 20
539.259408839
 10
1320.590484480
 20
544.013552520
 10
1322.054243913
 20
548.794424826
 10
1323.431295596
 20
553.600986316
 10
1324.719364099
 20
558.432151147
 10
1325.915978654
 20
563.286772977
 10
1327.018463159
 20
568.163629388
 10
1328.023925792
 20
573.061404559
 10
1328.929248372
 20
577.978669918
 10
1329.731075704
 20
582.913862458
 10
1330.425805184
 20
587.865260415
 10
1331.009577068
 20
592.830955949
 10
1331.478265922
 20
597.808824499
 10
1331.827473925
 20
602.796490494
 10
1332.052526886
 20
607.791289109
 10
1332.148474062
 20
612.790223881
 10
1332.110074822
 20
617.789919745
 10
1331.931520377
 20
622.786559439
 10
1331.606765471
 20
627.775814803
 10
1331.129527504
 20
632.752782206
 10
1330.493234341
 20
637.711904725
 10
1329.691061498
 20
642.646888530
 10
1328.715989455
 20
647.550615383
 10
1327.560886174
 20
652.415054545
 10
1326.218615635
 20
657.231177777
 10
1324.682139384
 20
661.988871059
 10
1322.944716212
 20
666.676877981
 10
1321.000110316
 20
671.282762629
 10
1318.842790859
 20
675.792887943
 10
1316.468233365
 20
680.192468521
 10
1313.872981486
 20
684.465528588
 10
1311.055867368
 20
688.595642817
 10
1308.016834576
 20
692.565252406
 10
1304.757900567
 20
696.356354782
 10
1301.283703426
 20
699.951170688
 10
1297.601452378
 20
703.332512183
 10
1293.720773326
 20
706.484103306
 10
1289.653466015
 20
709.390822119
 10
1285.413201210
 20
712.038841757
 10
1285.170605960
 20
712.179411552
  0
LINE
  5
1466
330
A02
100
AcDbEntity
  8
IsoView
100
AcDbLine
 10
1077.450479711
 20
607.081289886
 30
0.000000000
 11
1105.978545191
 21
590.610603602
 31
0.000000000
  0
LINE
  5
1467
330
A02
100
AcDbEntity
  8
IsoView
100
AcDbLine
 10
1080.450479711
 20
612.277442309
 30
0.000000000
 11
1107.717608577
 21
596.534758118
 31
0.000000000
  0
LINE
  5
1468
330
A02
100
AcDbEntity
  8
IsoView
100
AcDbLine
 10
1079.769004088
 20
610.621619948
 30
0.000000000
 11
1046.829638282
 21
629.639171663
 31
0.000000000
  0
LINE
  5
1469
330
A02
100
AcDbEntity
  8
IsoView
100
AcDbLine
 10
1079.732511254
 20
608.710249723
 30
0.000000000
 11
1046.279711404
 21
628.024232721
 31
0.000000000
  0
LINE
  5
146A
330
A02
100
AcDbEntity
  8
IsoView
100
AcDbLine
 10
1080.157511254
 20
609.446371316
 30
0.000000000
 11
1046.923388659
 21
628.634100942
 31
0.000000000
  0
LINE
  5
146B
330
A02
100
AcDbEntity
  8
IsoView
100
AcDbLine
 10
1079.963257671
 20
610.033995632
 30
0.000000000
 11
1047.023891865
 21
629.051547347
 31
0.000000000
  0
LINE
  5
146C
330
A02
100
AcDbEntity
  8
IsoView
100
AcDbLine
 10
1079.126486877
 20
608.136056669
 30
0.000000000
 11
1045.673687027
 21
627.450039667
 31
0.000000000
  0
LINE
  5
146D
330
A02
100
AcDbEntity
  8
IsoView
100
AcDbLine
 10
1078.520462500
 20
607.561863615
 30
0.000000000
 11
1045.067662650
 21
626.875846613
 31
0.000000000
  0
LINE
  5
146E
330
A02
100
AcDbEntity
  8
IsoView
100
AcDbLine
 10
1073.661630199
 20
603.687592923
 30
0.000000000
 11
1101.808566287
 21
587.436951796
 31
0.000000000
  0
LINE
  5
146F
330
A02
100
AcDbEntity
  8
IsoView
100
AcDbLine
 10
1076.161630199
 20
608.017719942
 30
0.000000000
 11
1077.040918097
 21
607.510062838
 31
0.000000000
  0
LINE
  5
1470
330
A02
100
AcDbEntity
  8
IsoView
100
AcDbLine
 10
1061.247032366
 20
612.875890266
 30
0.000000000
 11
1074.536630199
 21
605.203137380
 31
0.000000000
  0
LWPOLYLINE
  5
1471
330
A02
100
AcDbEntity
100
AcDbPolyline
  8
IsoView
 90
3
 70
0
 43
0
 10
1053.228302975
 20
613.329505476
 10
1058.161382060
 20
613.858888263
 10
1061.247032366
 20
612.875890266
  0
LWPOLYLINE
  5
1472
330
A02
100
AcDbEntity
100
AcDbPolyline
  8
IsoView
 90
2
 70
0
 43
0
 10
1023.430140962
 20
605.562153262
 10
1027.159437191
 20
604.958991954
  0
LINE
  5
1473
330
A02
100
AcDbEntity
  8
IsoView
100
AcDbLine
 10
1023.430140962
 20
605.562153262
 30
0.000000000
 11
1020.675559889
 21
607.152511385
 31
0.000000000
  0
LINE
  5
1474
330
A02
100
AcDbEntity
  8
IsoView
100
AcDbLine
 10
1021.523961518
 20
608.394737285
 30
0.000000000
 11
1021.425559891
 21
608.451549490
 31
0.000000000
  0
LINE
  5
1475
330
A02
100
AcDbEntity
  8
IsoView
100
AcDbLine
 10
1062.243708533
 20
613.870267209
 30
0.000000000
 11
1075.533306367
 21
606.197514322
 31
0.000000000
  0
LINE
  5
1476
330
A02
100
AcDbEntity
  8
IsoView
100
AcDbLine
 10
1062.993708533
 20
615.169305314
 30
0.000000000
 11
1076.283306367
 21
607.496552428
 31
0.000000000
  0
LWPOLYLINE
  5
1477
330
A02
100
AcDbEntity
100
AcDbPolyline
  8
IsoView
 90
3
 70
0
 43
0
 10
1054.224979143
 20
614.323882419
 10
1059.158058227
 20
614.853265205
 10
1062.243708533
 20
613.870267209
  0
LWPOLYLINE
  5
1478
330
A02
100
AcDbEntity
100
AcDbPolyline
  8
IsoView
 90
3
 70
0
 43
0
 10
1053.761129243
 20
615.750361746
 10
1058.688854447
 20
616.401961950
 10
1062.993708533
 20
615.169305314
  0
LINE
  5
1479
330
A02
100
AcDbEntity
  8
IsoView
100
AcDbLine
 10
1028.882719350
 20
607.660621010
 30
0.000000000
 11
1053.761129243
 21
615.750361746
 31
0.000000000
  0
LWPOLYLINE
  5
147A
330
A02
100
AcDbEntity
100
AcDbPolyline
  8
IsoView
 90
2
 70
0
 43
0
 10
1024.426817130
 20
606.556530204
 10
1028.156113359
 20
605.953368896
  0
LWPOLYLINE
  5
147B
330
A02
100
AcDbEntity
100
AcDbPolyline
  8
IsoView
 90
2
 70
0
 43
0
 10
1025.176817130
 20
607.855568310
 10
1028.882719350
 20
607.660621010
  0
LINE
  5
147C
330
A02
100
AcDbEntity
  8
IsoView
100
AcDbLine
 10
1024.426817130
 20
606.556530204
 30
0.000000000
 11
1021.672236057
 21
608.146888328
 31
0.000000000
  0
LINE
  5
147D
330
A02
100
AcDbEntity
  8
IsoView
100
AcDbLine
 10
1025.176817130
 20
607.855568310
 30
0.000000000
 11
1022.422236058
 21
609.445926433
 31
0.000000000
  0
LINE
  5
147E
330
A02
100
AcDbEntity
  8
IsoView
100
AcDbLine
 10
1060.250356199
 20
611.881513324
 30
0.000000000
 11
1073.539954032
 21
604.208760437
 31
0.000000000
  0
LWPOLYLINE
  5
147F
330
A02
100
AcDbEntity
100
AcDbPolyline
  8
IsoView
 90
3
 70
0
 43
0
 10
1052.231626808
 20
612.335128534
 10
1057.164705893
 20
612.864511320
 10
1060.250356199
 20
611.881513324
  0
LINE
  5
1480
330
A02
100
AcDbEntity
  8
IsoView
100
AcDbLine
 10
1027.353216915
 20
604.245387798
 30
0.000000000
 11
1052.231626808
 21
612.335128534
 31
0.000000000
  0
LWPOLYLINE
  5
1481
330
A02
100
AcDbEntity
100
AcDbPolyline
  8
IsoView
 90
3
 70
0
 43
0
 10
1022.433464795
 20
604.567776319
 10
1027.283758442
 20
604.223175410
 10
1027.353216915
 20
604.245387798
  0
LINE
  5
1482
330
A02
100
AcDbEntity
  8
IsoView
100
AcDbLine
 10
1022.433464795
 20
604.567776319
 30
0.000000000
 11
1019.678883722
 21
606.158134443
 31
0.000000000
  0
LINE
  5
1483
330
A02
100
AcDbEntity
  8
IsoView
100
AcDbLine
 10
1020.527285351
 20
607.400360342
 30
0.000000000
 11
1020.428883724
 21
607.457172548
 31
0.000000000
  0
LINE
  5
1484
330
A02
100
AcDbEntity
  8
IsoView
100
AcDbLine
 10
536.968891386
 20
223.509643549
 30
0.000000000
 11
536.910621276
 21
223.543285813
 31
0.000000000
  0
LINE
  5
1485
330
A02
100
AcDbEntity
  8
IsoView
100
AcDbLine
 10
627.847606606
 20
366.993474216
 30
0.000000000
 11
621.760682443
 21
370.507761520
 31
0.000000000
  0
LINE
  5
1486
330
A02
100
AcDbEntity
  8
IsoView
100
AcDbLine
 10
501.621967245
 20
350.875002789
 30
0.000000000
 11
502.217457022
 21
351.218808972
 31
0.000000000
  0
LWPOLYLINE
  5
1487
330
A02
100
AcDbEntity
100
AcDbPolyline
  8
IsoView
 90
2
 70
0
 43
0
 10
506.436614144
 20
345.088882003
 10
505.911180808
 20
346.056689889
  0
LWPOLYLINE
  5
1488
330
A02
100
AcDbEntity
100
AcDbPolyline
  8
IsoView
 90
4
 70
0
 43
0
 10
506.436614144
 20
345.088882003
 10
505.420542446
 20
340.280051149
 10
502.166005173
 20
336.558628727
 10
500.161180808
 20
336.097397746
  0
LINE
  5
1489
330
A02
100
AcDbEntity
  8
IsoView
100
AcDbLine
 10
608.392769835
 20
385.327137774
 30
0.000000000
 11
600.202070096
 21
390.056040473
 31
0.000000000
  0
LINE
  5
148A
330
A02
100
AcDbEntity
  8
IsoView
100
AcDbLine
 10
517.392769835
 20
227.710514285
 30
0.000000000
 11
509.202070096
 21
232.439416985
 31
0.000000000
  0
LWPOLYLINE
  5
148B
330
A02
100
AcDbEntity
100
AcDbPolyline
  8
IsoView
 90
17
 70
0
 43
0
 10
600.202070095
 20
390.056040474
 10
595.693538850
 20
392.205911753
 10
590.908489782
 20
393.639962723
 10
585.966281620
 20
394.371322361
 10
580.970109236
 20
394.450934000
 10
575.997863455
 20
393.949067895
 10
571.102596259
 20
392.940533085
 10
566.317569079
 20
391.495317766
 10
561.662088670
 20
389.674638827
 10
557.146326636
 20
387.530192055
 10
552.774779963
 20
385.104887382
 10
548.548612837
 20
382.434055053
 10
544.467111250
 20
379.546813271
 10
540.528602474
 20
376.467248681
 10
536.731047139
 20
373.215369783
 10
533.072399138
 20
369.807895423
 10
532.118553768
 20
368.873407631
  0
LWPOLYLINE
  5
148C
330
A02
100
AcDbEntity
100
AcDbPolyline
  8
IsoView
 90
7
 70
0
 43
0
 10
509.202070102
 20
232.439416981
 10
505.085961336
 20
235.268983932
 10
501.451512231
 20
238.695932498
 10
498.347032123
 20
242.610330498
 10
495.780000290
 20
246.897336916
 10
493.728508143
 20
251.454362037
 10
492.372478284
 20
255.440880614
  0
LWPOLYLINE
  5
148D
330
A02
100
AcDbEntity
100
AcDbPolyline
  8
IsoView
 90
4
 70
0
 43
0
 10
621.952593585
 20
370.111374552
 10
625.546096530
 20
366.646254347
 10
628.452975553
 20
362.585328183
 10
630.025895155
 20
359.639996240
  0
LWPOLYLINE
  5
148E
330
A02
100
AcDbEntity
100
AcDbPolyline
  8
IsoView
 90
9
 70
0
 43
0
 10
614.002834037
 20
391.377486501
 10
617.810505778
 20
388.145271681
 10
621.074194349
 20
384.363334770
 10
623.783802209
 20
380.165373465
 10
625.966780155
 20
375.670016815
 10
627.668290155
 20
370.970528542
 10
628.937812173
 20
366.135914186
 10
629.822233287
 20
361.215909666
 10
630.024086143
 20
359.685742918
  0
LWPOLYLINE
  5
148F
330
A02
100
AcDbEntity
100
AcDbPolyline
  8
IsoView
 90
5
 70
0
 43
0
 10
533.545756923
 20
217.203483590
 10
528.554453705
 20
216.960747886
 10
523.572602179
 20
217.340249658
 10
518.695902900
 20
218.422137193
 10
514.958046236
 20
219.826881806
  0
LWPOLYLINE
  5
1490
330
A02
100
AcDbEntity
100
AcDbPolyline
  8
IsoView
 90
15
 70
0
 43
0
 10
611.709792767
 20
405.856826600
 10
615.870684382
 20
403.090270001
 10
619.655730988
 20
399.828042075
 10
623.024755825
 20
396.137307663
 10
625.959667112
 20
392.092303926
 10
628.461748383
 20
387.765728050
 10
630.546155828
 20
383.222761881
 10
632.236782693
 20
378.518703061
 10
633.561488854
 20
373.698529292
 10
634.548984344
 20
368.797937707
 10
635.226884256
 20
363.844858672
 10
635.620717581
 20
358.861016130
 10
635.753558638
 20
353.863303601
 10
635.645899076
 20
348.864908177
 10
635.553801642
 20
347.100655154
  0
LWPOLYLINE
  5
1491
330
A02
100
AcDbEntity
100
AcDbPolyline
  8
IsoView
 90
7
 70
0
 43
0
 10
501.272049246
 20
214.573043748
 10
505.748403349
 20
212.352884206
 10
510.466098909
 20
210.706051654
 10
515.346881087
 20
209.633757766
 10
520.317412726
 20
209.114551902
 10
525.315377982
 20
209.110973912
 10
529.512816398
 20
209.474864268
  0
LWPOLYLINE
  5
1492
330
A02
100
AcDbEntity
100
AcDbPolyline
  8
IsoView
 90
28
 70
0
 43
0
 10
611.709792767
 20
405.856826600
 10
607.233438721
 20
408.076986027
 10
602.515742951
 20
409.723818143
 10
597.634961317
 20
410.796114429
 10
592.664429127
 20
411.315314096
 10
587.666463978
 20
411.318896412
 10
582.689935761
 20
410.852566891
 10
577.770788600
 20
409.964659551
 10
572.934042053
 20
408.701803715
 10
568.196258402
 20
407.106701554
 10
563.567819768
 20
405.217231845
 10
559.054768558
 20
403.066380529
 10
554.660196242
 20
400.682578910
 10
550.385291782
 20
398.090140098
 10
546.230032246
 20
395.309856401
 10
542.193648014
 20
392.359559832
 10
538.274969809
 20
389.254563874
 10
534.472669510
 20
386.008047902
 10
530.785423069
 20
382.631389528
 10
527.211959901
 20
379.134508337
 10
523.751172508
 20
375.526054827
 10
520.402170844
 20
371.813601261
 10
517.164301011
 20
368.003819888
 10
514.037166179
 20
364.102621017
 10
511.020645009
 20
360.115266517
 10
508.114909893
 20
356.046464013
 10
505.320446804
 20
351.900445910
 10
504.273824689
 20
350.283553752
  0
LWPOLYLINE
  5
1493
330
A02
100
AcDbEntity
100
AcDbPolyline
  8
IsoView
 90
2
 70
0
 43
0
 10
502.528235694
 20
347.502833152
 10
501.237351279
 20
345.374515339
  0
LWPOLYLINE
  5
1494
330
A02
100
AcDbEntity
100
AcDbPolyline
  8
IsoView
 90
2
 70
0
 43
0
 10
498.242269780
 20
340.175523218
 10
497.715899602
 20
339.220696029
  0
LWPOLYLINE
  5
1495
330
A02
100
AcDbEntity
100
AcDbPolyline
  8
IsoView
 90
7
 70
0
 43
0
 10
496.060883989
 20
336.129716205
 10
493.801520826
 20
331.669471358
 10
491.663010556
 20
327.150041346
 10
489.648488467
 20
322.574002849
 10
487.761625563
 20
317.943871712
 10
486.006682734
 20
313.262155932
 10
484.823977172
 20
309.850164306
  0
LWPOLYLINE
  5
1496
330
A02
100
AcDbEntity
100
AcDbPolyline
  8
IsoView
 90
13
 70
0
 43
0
 10
501.272049246
 20
214.573043748
 10
497.111157759
 20
217.339600355
 10
493.326111426
 20
220.601828681
 10
489.957084785
 20
224.292561424
 10
487.022178589
 20
228.337568737
 10
484.520093614
 20
232.664142350
 10
482.435686197
 20
237.207108528
 10
480.745059364
 20
241.911167354
 10
479.420353144
 20
246.731341123
 10
478.432857620
 20
251.631932696
 10
477.754957404
 20
256.585011696
 10
477.361120557
 20
261.568853983
 10
477.312154288
 20
262.621317613
  0
LINE
  5
1497
330
A02
100
AcDbEntity
  8
IsoView
100
AcDbLine
 10
635.685670642
 20
345.643875478
 30
0.000000000
 11
636.395910632
 21
355.077823389
 31
0.000000000
  0
LWPOLYLINE
  5
1498
330
A02
100
AcDbEntity
100
AcDbPolyline
  8
IsoView
 90
18
 70
0
 43
0
 10
631.226461170
 20
326.110669888
 10
629.837079718
 20
321.307751107
 10
628.317866958
 20
316.544295399
 10
626.674089868
 20
311.822367541
 10
624.910337159
 20
307.143921864
 10
623.030611177
 20
302.510848818
 10
621.038401688
 20
297.925013746
 10
618.936745235
 20
293.388290455
 10
616.728272850
 20
288.902591540
 10
614.415248240
 20
284.469897015
 10
611.999598021
 20
280.092282568
 10
609.482933877
 20
275.771949410
 10
606.866546774
 20
271.511269898
 10
604.151448798
 20
267.312805741
 10
601.338394578
 20
263.179337096
 10
598.427887739
 20
259.113902662
 10
595.420188561
 20
255.119842899
 10
594.430448804
 20
253.848800660
  0
LWPOLYLINE
  5
1499
330
A02
100
AcDbEntity
100
AcDbPolyline
  8
IsoView
 90
7
 70
0
 43
0
 10
631.226461170
 20
326.110669888
 10
632.480089567
 20
330.950783344
 10
633.591138246
 20
335.825585318
 10
634.551774170
 20
340.732224559
 10
635.353040554
 20
345.667370413
 10
635.984632663
 20
350.627056737
 10
636.395816097
 20
355.076567789
  0
LWPOLYLINE
  5
149A
330
A02
100
AcDbEntity
100
AcDbPolyline
  8
IsoView
 90
52
 70
0
 43
0
 10
669.257989776
 20
469.120742110
 10
664.852871191
 20
471.484378251
 10
660.309142430
 20
473.569209742
 10
655.645600431
 20
475.370198488
 10
650.881238427
 20
476.884557329
 10
646.034977634
 20
478.111946856
 10
641.125339622
 20
479.054571356
 10
636.170092637
 20
479.717159612
 10
631.185907175
 20
480.106830844
 10
626.188049154
 20
480.232421321
 10
621.190242973
 20
480.103032014
 10
616.204684281
 20
479.729617040
 10
611.242001735
 20
479.123461131
 10
606.311321151
 20
478.296166553
 10
601.420369837
 20
477.259353832
 10
596.575593659
 20
476.024501901
 10
591.782291239
 20
474.602788863
 10
587.044765154
 20
473.004935690
 10
582.366448043
 20
471.241166251
 10
577.750030328
 20
469.321155476
 10
573.197578614
 20
467.253999421
 10
568.710641106
 20
465.048207473
 10
564.290339668
 20
462.711710571
 10
559.937444316
 20
460.251888516
 10
555.652419501
 20
457.675629831
 10
551.435548379
 20
454.989246826
 10
547.286936057
 20
452.198589343
 10
543.206542424
 20
449.309086195
 10
539.194220153
 20
446.325767829
 10
535.249746843
 20
443.253290299
 10
531.372852118
 20
440.095959634
 10
527.563240394
 20
436.857755948
 10
523.820610020
 20
433.542356833
 10
520.144669361
 20
430.153159733
 10
516.535113767
 20
426.693340983
 10
512.991616480
 20
423.165891595
 10
509.513931083
 20
419.573537564
 10
506.101840489
 20
415.918818876
 10
502.755160358
 20
412.204106540
 10
499.473743567
 20
408.431616448
 10
496.257484220
 20
404.603421965
 10
493.106321314
 20
400.721465397
 10
490.020242182
 20
396.787568451
 10
486.999285792
 20
392.803441790
 10
484.043546001
 20
388.770693799
 10
481.153174827
 20
384.690838642
 10
478.328385820
 20
380.565303699
 10
475.569457594
 20
376.395436460
 10
472.876737576
 20
372.182510954
 10
470.250646052
 20
367.927733776
 10
467.691680567
 20
363.632249784
 10
467.294096576
 20
362.950865225
  0
LWPOLYLINE
  5
149B
330
A02
100
AcDbEntity
100
AcDbPolyline
  8
IsoView
 90
10
 70
0
 43
0
 10
465.532325753
 20
359.883908061
 10
463.100100036
 20
355.515411134
 10
460.736756113
 20
351.109268723
 10
458.443056655
 20
346.666474015
 10
456.219854583
 20
342.187986588
 10
454.068096022
 20
337.674738790
 10
451.988823706
 20
333.127642011
 10
449.983180901
 20
328.547592922
 10
448.052415858
 20
323.935479790
 10
447.950937761
 20
323.687065817
  0
LWPOLYLINE
  5
149C
330
A02
100
AcDbEntity
100
AcDbPolyline
  8
IsoView
 90
35
 70
0
 43
0
 10
435.195179046
 20
284.813359201
 10
434.037746848
 20
279.949248458
 10
432.975680916
 20
275.063432439
 10
432.011936859
 20
270.157279764
 10
431.149707583
 20
265.232277618
 10
430.392434447
 20
260.290054908
 10
429.743818022
 20
255.332408283
 10
429.207827997
 20
250.361331376
 10
428.788711611
 20
245.379047637
 10
428.490999841
 20
240.388047064
 10
428.319510322
 20
235.391127123
 10
428.279345748
 20
230.391438023
 10
428.375973118
 20
225.392534549
 10
428.615268773
 20
220.398441518
 10
429.003343637
 20
215.413718605
 10
429.546611637
 20
210.443533352
 10
430.251762614
 20
205.493741583
 10
431.125716458
 20
200.570972858
 10
432.175554855
 20
195.682718406
 10
433.408425384
 20
190.837417540
 10
434.831440765
 20
186.044545170
 10
436.451543238
 20
181.314690380
 10
438.275286279
 20
176.659601534
 10
440.308635030
 20
172.092218358
 10
442.556738852
 20
167.626671325
 10
445.023627688
 20
163.278211123
 10
447.712106308
 20
159.063198077
 10
450.622521929
 20
154.998316823
 10
453.754342124
 20
151.101517722
 10
457.104437532
 20
147.390748183
 10
460.667069856
 20
143.883575005
 10
464.433987547
 20
140.596834336
 10
468.394620396
 20
137.546343112
 10
472.536350923
 20
134.746699739
 10
475.257989776
 20
133.102885441
  0
LINE
  5
149D
330
A02
100
AcDbEntity
  8
IsoView
100
AcDbLine
 10
683.902989966
 20
460.665447308
 30
0.000000000
 11
669.257989776
 21
469.120742110
 31
0.000000000
  0
LINE
  5
149E
330
A02
100
AcDbEntity
  8
IsoView
100
AcDbLine
 10
489.902989966
 20
124.647590640
 30
0.000000000
 11
475.257989776
 21
133.102885442
 31
0.000000000
  0
LWPOLYLINE
  5
149F
330
A02
100
AcDbEntity
100
AcDbPolyline
  8
IsoView
 90
36
 70
0
 43
0
 10
722.319901944
 20
302.654760291
 10
723.597476240
 20
307.488710255
 10
724.783196261
 20
312.346003938
 10
725.874398663
 20
317.225396551
 10
726.868197372
 20
322.125551155
 10
727.761472416
 20
327.045018736
 10
728.550858722
 20
331.982215844
 10
729.232735188
 20
336.935399480
 10
729.803214467
 20
341.902638862
 10
730.258134015
 20
346.881783719
 10
730.593049127
 20
351.870428768
 10
730.803228907
 20
356.865874082
 10
730.883656355
 20
361.865081146
 10
730.828998819
 20
366.864623846
 10
730.633471225
 20
371.860626472
 10
730.291044776
 20
376.848698248
 10
729.795395228
 20
381.823863640
 10
729.139912222
 20
386.780483754
 10
728.317739352
 20
391.712172204
 10
727.321835111
 20
396.611707580
 10
726.145059855
 20
401.470946038
 10
724.780282440
 20
406.280735888
 10
723.220484176
 20
411.030829941
 10
721.458973861
 20
415.709834733
 10
719.489590289
 20
420.305174391
 10
717.306900411
 20
424.803070940
 10
714.906518971
 20
429.188609709
 10
712.285137302
 20
433.445686171
 10
709.441887989
 20
437.557845214
 10
706.376802579
 20
441.507366739
 10
703.092219034
 20
445.276262279
 10
699.593092009
 20
448.846811082
 10
695.886929449
 20
452.201922212
 10
691.983626144
 20
455.325445010
 10
687.895212543
 20
458.202397760
 10
683.902989966
 20
460.665447308
  0
LWPOLYLINE
  5
14A0
330
A02
100
AcDbEntity
100
AcDbPolyline
  8
IsoView
 90
30
 70
0
 43
0
 10
722.319901944
 20
302.654760291
 10
720.953069270
 20
297.845283180
 10
719.499307207
 20
293.061361633
 10
717.960768098
 20
288.304025009
 10
716.339450097
 20
283.574257106
 10
714.637206550
 20
278.873005890
 10
712.855754490
 20
274.201192324
 10
710.996682326
 20
269.559718490
 10
709.061456767
 20
264.949475118
 10
707.051429056
 20
260.371348655
 10
704.967840537
 20
255.826227989
 10
702.811827630
 20
251.315010935
 10
700.584426224
 20
246.838610558
 10
698.286575548
 20
242.397961454
 10
695.919121543
 20
237.994026053
 10
693.482819757
 20
233.627801039
 10
690.978345564
 20
229.300319443
 10
688.406328887
 20
225.012637362
 10
685.767313268
 20
220.765864252
 10
683.061765480
 20
216.561165351
 10
680.290081653
 20
212.399765902
 10
677.452590836
 20
208.282956960
 10
674.549558231
 20
204.212101580
 10
671.581188188
 20
200.188641464
 10
668.547626979
 20
196.214104151
 10
665.448965432
 20
192.290110813
 10
662.285241470
 20
188.418384786
 10
659.056442606
 20
184.600760898
 10
655.762444926
 20
180.839251800
 10
654.393772293
 20
179.314595857
  0
LWPOLYLINE
  5
14A1
330
A02
100
AcDbEntity
100
AcDbPolyline
  8
IsoView
 90
16
 70
0
 43
0
 10
562.486936271
 20
117.716702756
 10
557.641160191
 20
116.485783111
 10
552.749328738
 20
115.453134379
 10
547.817912646
 20
114.630240049
 10
542.854666664
 20
114.028721820
 10
537.868746265
 20
113.660179482
 10
532.870811590
 20
113.535888136
 10
527.873090522
 20
113.666787006
 10
522.889338319
 20
114.061948910
 10
517.934851770
 20
114.730193004
 10
513.026327028
 20
115.678593437
 10
508.181551467
 20
116.911829722
 10
503.419058587
 20
118.432054696
 10
498.757774292
 20
120.238877522
 10
494.216689899
 20
122.329461788
 10
489.902989966
 20
124.647590639
  0
LINE
  5
14A2
330
A02
100
AcDbEntity
  8
IsoView
100
AcDbLine
 10
475.676935949
 20
353.203624780
 30
0.000000000
 11
503.178476029
 21
337.325603212
 31
0.000000000
  0
LINE
  5
14A3
330
A02
100
AcDbEntity
  8
IsoView
100
AcDbLine
 10
478.676935949
 20
358.399777203
 30
0.000000000
 11
506.270927388
 21
342.468378817
 31
0.000000000
  0
LINE
  5
14A4
330
A02
100
AcDbEntity
  8
IsoView
100
AcDbLine
 10
477.379684253
 20
355.116525051
 30
0.000000000
 11
444.816272870
 21
373.917019379
 31
0.000000000
  0
LINE
  5
14A5
330
A02
100
AcDbEntity
  8
IsoView
100
AcDbLine
 10
477.804684253
 20
355.852646644
 30
0.000000000
 11
445.273002471
 21
374.634821879
 31
0.000000000
  0
LINE
  5
14A6
330
A02
100
AcDbEntity
  8
IsoView
100
AcDbLine
 10
476.415176408
 20
353.600691306
 30
0.000000000
 11
444.252878236
 21
372.169602814
 31
0.000000000
  0
LINE
  5
14A7
330
A02
100
AcDbEntity
  8
IsoView
100
AcDbLine
 10
476.840176408
 20
354.336812899
 30
0.000000000
 11
444.308494626
 21
373.118988134
 31
0.000000000
  0
LINE
  5
14A8
330
A02
100
AcDbEntity
  8
IsoView
100
AcDbLine
 10
476.974187644
 20
356.486876932
 30
0.000000000
 11
445.345010586
 21
374.747990820
 31
0.000000000
  0
LINE
  5
14A9
330
A02
100
AcDbEntity
  8
IsoView
100
AcDbLine
 10
477.389435949
 20
356.169761788
 30
0.000000000
 11
445.309006529
 21
374.691406349
 31
0.000000000
  0
LINE
  5
14AA
330
A02
100
AcDbEntity
  8
IsoView
100
AcDbLine
 10
476.897430331
 20
354.358608179
 30
0.000000000
 11
444.334018947
 21
373.159102507
 31
0.000000000
  0
LINE
  5
14AB
330
A02
100
AcDbEntity
  8
IsoView
100
AcDbLine
 10
477.322430331
 20
355.094729772
 30
0.000000000
 11
444.790748548
 21
373.876905006
 31
0.000000000
  0
LINE
  5
14AC
330
A02
100
AcDbEntity
  8
IsoView
100
AcDbLine
 10
475.659513582
 20
360.080178395
 30
0.000000000
 11
478.368350899
 21
358.516230440
 31
0.000000000
  0
LINE
  5
14AD
330
A02
100
AcDbEntity
  8
IsoView
100
AcDbLine
 10
461.494915749
 20
366.237386824
 30
0.000000000
 11
474.784513582
 21
358.564633938
 31
0.000000000
  0
LWPOLYLINE
  5
14AE
330
A02
100
AcDbEntity
100
AcDbPolyline
  8
IsoView
 90
3
 70
0
 43
0
 10
453.667674865
 20
370.931254344
 10
457.938672471
 20
368.331618064
 10
461.494915749
 20
366.237386824
  0
LINE
  5
14AF
330
A02
100
AcDbEntity
  8
IsoView
100
AcDbLine
 10
432.706067876
 20
383.915050956
 30
0.000000000
 11
434.014625993
 21
383.104518994
 31
0.000000000
  0
LINE
  5
14B0
330
A02
100
AcDbEntity
  8
IsoView
100
AcDbLine
 10
445.955863446
 20
375.708015545
 30
0.000000000
 11
453.667674864
 21
370.931254344
 31
0.000000000
  0
LWPOLYLINE
  5
14B1
330
A02
100
AcDbEntity
100
AcDbPolyline
  8
IsoView
 90
2
 70
0
 43
0
 10
428.762549021
 20
386.279869485
 10
432.706067876
 20
383.915050956
  0
LINE
  5
14B2
330
A02
100
AcDbEntity
  8
IsoView
100
AcDbLine
 10
425.868550935
 20
386.218669252
 30
0.000000000
 11
425.257967949
 21
386.571189503
 31
0.000000000
  0
LINE
  5
14B3
330
A02
100
AcDbEntity
  8
IsoView
100
AcDbLine
 10
428.762549021
 20
386.279869485
 30
0.000000000
 11
426.007967948
 21
387.870227609
 31
0.000000000
  0
LINE
  5
14B4
330
A02
100
AcDbEntity
  8
IsoView
100
AcDbLine
 10
462.217751099
 20
365.758420628
 30
0.000000000
 11
475.507348932
 21
358.085667741
 31
0.000000000
  0
LWPOLYLINE
  5
14B5
330
A02
100
AcDbEntity
100
AcDbPolyline
  8
IsoView
 90
3
 70
0
 43
0
 10
454.390510215
 20
370.452288148
 10
458.661507821
 20
367.852651868
 10
462.217751099
 20
365.758420628
  0
LINE
  5
14B6
330
A02
100
AcDbEntity
  8
IsoView
100
AcDbLine
 10
432.639038676
 20
382.160893013
 30
0.000000000
 11
433.195064953
 21
381.816485635
 31
0.000000000
  0
LINE
  5
14B7
330
A02
100
AcDbEntity
  8
IsoView
100
AcDbLine
 10
433.428903226
 20
383.436084760
 30
0.000000000
 11
434.000369693
 21
383.082113598
 31
0.000000000
  0
LINE
  5
14B8
330
A02
100
AcDbEntity
  8
IsoView
100
AcDbLine
 10
445.941607146
 20
375.685610149
 30
0.000000000
 11
454.390510215
 21
370.452288148
 31
0.000000000
  0
LWPOLYLINE
  5
14B9
330
A02
100
AcDbEntity
100
AcDbPolyline
  8
IsoView
 90
2
 70
0
 43
0
 10
428.735384371
 20
384.501865183
 10
432.639038675
 20
382.160893013
  0
LWPOLYLINE
  5
14BA
330
A02
100
AcDbEntity
100
AcDbPolyline
  8
IsoView
 90
2
 70
0
 43
0
 10
429.485384371
 20
385.800903289
 10
433.428903226
 20
383.436084760
  0
LINE
  5
14BB
330
A02
100
AcDbEntity
  8
IsoView
100
AcDbLine
 10
428.735384371
 20
384.501865183
 30
0.000000000
 11
425.980803299
 21
386.092223306
 31
0.000000000
  0
LINE
  5
14BC
330
A02
100
AcDbEntity
  8
IsoView
100
AcDbLine
 10
429.485384371
 20
385.800903289
 30
0.000000000
 11
426.730803298
 21
387.391261413
 31
0.000000000
  0
LINE
  5
14BD
330
A02
100
AcDbEntity
  8
IsoView
100
AcDbLine
 10
460.772080399
 20
366.716353020
 30
0.000000000
 11
474.061678232
 21
359.043600134
 31
0.000000000
  0
LWPOLYLINE
  5
14BE
330
A02
100
AcDbEntity
100
AcDbPolyline
  8
IsoView
 90
3
 70
0
 43
0
 10
452.944839514
 20
371.410220540
 10
457.215837120
 20
368.810584261
 10
460.772080399
 20
366.716353020
  0
LINE
  5
14BF
330
A02
100
AcDbEntity
  8
IsoView
100
AcDbLine
 10
431.983232526
 20
384.394017152
 30
0.000000000
 11
434.028882292
 21
383.126924390
 31
0.000000000
  0
LINE
  5
14C0
330
A02
100
AcDbEntity
  8
IsoView
100
AcDbLine
 10
445.970119746
 20
375.730420941
 30
0.000000000
 11
452.944839514
 21
371.410220540
 31
0.000000000
  0
LWPOLYLINE
  5
14C1
330
A02
100
AcDbEntity
100
AcDbPolyline
  8
IsoView
 90
2
 70
0
 43
0
 10
428.039713670
 20
386.758835681
 10
431.983232526
 20
384.394017152
  0
LINE
  5
14C2
330
A02
100
AcDbEntity
  8
IsoView
100
AcDbLine
 10
425.145715584
 20
386.697635448
 30
0.000000000
 11
424.535132599
 21
387.050155699
 31
0.000000000
  0
LINE
  5
14C3
330
A02
100
AcDbEntity
  8
IsoView
100
AcDbLine
 10
428.039713670
 20
386.758835681
 30
0.000000000
 11
425.285132597
 21
388.349193805
 31
0.000000000
  0
LINE
  5
14C4
330
A02
100
AcDbEntity
  8
IsoView
100
AcDbLine
 10
-803.376565795
 20
708.257350828
 30
0.000000000
 11
-797.430989130
 21
704.824670540
 31
0.000000000
  0
LINE
  5
14C5
330
A02
100
AcDbEntity
  8
IsoView
100
AcDbLine
 10
-718.526491938
 20
855.221819209
 30
0.000000000
 11
-712.580989087
 21
851.789181537
 31
0.000000000
  0
LINE
  5
14C6
330
A02
100
AcDbEntity
  8
IsoView
100
AcDbLine
 10
-788.526668229
 20
814.980607228
 30
0.000000000
 11
-787.466008057
 21
814.368234792
 31
0.000000000
  0
LINE
  5
14C7
330
A02
100
AcDbEntity
  8
IsoView
100
AcDbLine
 10
-803.526668229
 20
788.999845114
 30
0.000000000
 11
-802.466008057
 21
788.387472679
 31
0.000000000
  0
LINE
  5
14C8
330
A02
100
AcDbEntity
  8
IsoView
100
AcDbLine
 10
-742.701399374
 20
876.280616836
 30
0.000000000
 11
-731.894404545
 21
870.041195462
 31
0.000000000
  0
LINE
  5
14C9
330
A02
100
AcDbEntity
  8
IsoView
100
AcDbLine
 10
-833.701399374
 20
718.663993347
 30
0.000000000
 11
-822.894404545
 21
712.424571973
 31
0.000000000
  0
LWPOLYLINE
  5
14CA
330
A02
100
AcDbEntity
100
AcDbPolyline
  8
IsoView
 90
23
 70
0
 43
0
 10
-742.701399375
 20
876.280616836
 10
-747.209930620
 20
878.430488115
 10
-751.994979688
 20
879.864539085
 10
-756.937187850
 20
880.595898723
 10
-761.933360234
 20
880.675510362
 10
-766.905606015
 20
880.173644258
 10
-771.800873214
 20
879.165109462
 10
-776.585900422
 20
877.719894231
 10
-781.241380935
 20
875.899215553
 10
-785.757143230
 20
873.754769327
 10
-790.128689755
 20
871.329464405
 10
-794.354856568
 20
868.658631574
 10
-798.436358345
 20
865.771390056
 10
-802.374867425
 20
862.691825858
 10
-806.172421924
 20
859.439946000
 10
-809.831069897
 20
856.032471588
 10
-813.352692286
 20
852.483512899
 10
-816.738828245
 20
848.805023568
 10
-819.990607755
 20
845.007216436
 10
-823.108703473
 20
841.098885805
 10
-826.093289829
 20
837.087659852
 10
-828.944002297
 20
832.980201588
 10
-830.651467944
 20
830.375928716
  0
LWPOLYLINE
  5
14CB
330
A02
100
AcDbEntity
100
AcDbPolyline
  8
IsoView
 90
26
 70
0
 43
0
 10
-830.651467944
 20
830.375928716
 10
-833.282675084
 20
826.124505355
 10
-835.776275066
 20
821.790936055
 10
-838.129657234
 20
817.379650450
 10
-840.339471411
 20
812.894727974
 10
-842.401584039
 20
808.340012773
 10
-844.310934837
 20
803.719188475
 10
-846.061432182
 20
799.035892772
 10
-847.645816830
 20
794.293842228
 10
-849.055485225
 20
789.496976761
 10
-850.280262118
 20
784.649636987
 10
-851.308104968
 20
779.756792075
 10
-852.124811396
 20
774.824360226
 10
-852.713611433
 20
769.859628762
 10
-853.054654644
 20
764.871835418
 10
-853.124499509
 20
759.872996627
 10
-852.895563305
 20
754.879065206
 10
-852.335557219
 20
749.911558385
 10
-851.407294271
 20
744.999806758
 10
-850.069133333
 20
740.183939600
 10
-848.276886671
 20
735.518519105
 10
-845.988199281
 20
731.076236785
 10
-843.170907787
 20
726.949814254
 10
-839.815170153
 20
723.249032222
 10
-835.946655393
 20
720.089081446
 10
-833.701399375
 20
718.663993347
  0
LWPOLYLINE
  5
14CC
330
A02
100
AcDbEntity
100
AcDbPolyline
  8
IsoView
 90
4
 70
0
 43
0
 10
-718.310891172
 20
854.775780266
 10
-714.745954701
 20
851.281159289
 10
-711.867808703
 20
847.199711056
 10
-710.402700581
 20
844.435703586
  0
LWPOLYLINE
  5
14CD
330
A02
100
AcDbEntity
100
AcDbPolyline
  8
IsoView
 90
4
 70
0
 43
0
 10
-802.882521790
 20
708.293655215
 10
-798.073629280
 20
706.953617834
 10
-793.099920279
 20
706.501774573
 10
-789.973546122
 20
706.614956308
  0
LWPOLYLINE
  5
14CE
330
A02
100
AcDbEntity
100
AcDbPolyline
  8
IsoView
 90
9
 70
0
 43
0
 10
-726.425761699
 20
876.173193847
 10
-722.618089958
 20
872.940979027
 10
-719.354401387
 20
869.159042116
 10
-716.644793348
 20
864.961080917
 10
-714.461820164
 20
860.465722002
 10
-712.760304542
 20
855.766235839
 10
-711.490781732
 20
850.931621588
 10
-710.606344043
 20
846.011619930
 10
-710.404521911
 20
844.481759867
  0
LWPOLYLINE
  5
14CF
330
A02
100
AcDbEntity
100
AcDbPolyline
  8
IsoView
 90
9
 70
0
 43
0
 10
-825.470549500
 20
704.622589152
 10
-820.767533484
 20
702.941156104
 10
-815.860435758
 20
702.005687348
 10
-810.870090696
 20
701.758078551
 10
-805.885509086
 20
702.115247786
 10
-800.964877070
 20
702.991436098
 10
-796.143218808
 20
704.309310913
 10
-791.440161190
 20
706.003387091
 10
-790.013884261
 20
706.593746390
  0
LWPOLYLINE
  5
14D0
330
A02
100
AcDbEntity
100
AcDbPolyline
  8
IsoView
 90
15
 70
0
 43
0
 10
-728.718802969
 20
890.652533946
 10
-724.557911354
 20
887.885977347
 10
-720.772864748
 20
884.623749421
 10
-717.403839911
 20
880.933015008
 10
-714.468928624
 20
876.888011271
 10
-711.966847365
 20
872.561435387
 10
-709.882436564
 20
868.018470717
 10
-708.191813254
 20
863.314410658
 10
-706.867105283
 20
858.494237341
 10
-705.879612949
 20
853.593645164
 10
-705.201723234
 20
848.640564758
 10
-704.807888892
 20
843.656722138
 10
-704.675032462
 20
838.659010162
 10
-704.782698754
 20
833.660614915
 10
-704.874805775
 20
831.896249272
  0
LWPOLYLINE
  5
14D1
330
A02
100
AcDbEntity
100
AcDbPolyline
  8
IsoView
 90
15
 70
0
 43
0
 10
-839.156546490
 20
699.368751094
 10
-834.680192387
 20
697.148591552
 10
-829.962496827
 20
695.501759000
 10
-825.081714649
 20
694.429465112
 10
-820.111183010
 20
693.910259248
 10
-815.113217754
 20
693.906681258
 10
-810.136689540
 20
694.373010887
 10
-805.217542373
 20
695.260918182
 10
-800.380795845
 20
696.523774084
 10
-795.643012359
 20
698.118876726
 10
-791.014574043
 20
700.008347215
 10
-786.501522554
 20
702.159197979
 10
-782.106948811
 20
704.542996931
 10
-777.832044759
 20
707.135436402
 10
-776.350123408
 20
708.097379380
  0
LWPOLYLINE
  5
14D2
330
A02
100
AcDbEntity
100
AcDbPolyline
  8
IsoView
 90
28
 70
0
 43
0
 10
-728.718802969
 20
890.652533946
 10
-733.195157014
 20
892.872693373
 10
-737.912852785
 20
894.519525488
 10
-742.793634419
 20
895.591821775
 10
-747.764166609
 20
896.111021441
 10
-752.762131758
 20
896.114603757
 10
-757.738659975
 20
895.648274237
 10
-762.657807139
 20
894.760366914
 10
-767.494553721
 20
893.497511208
 10
-772.232337517
 20
891.902409470
 10
-776.860776542
 20
890.012940710
 10
-781.373828581
 20
887.862091121
 10
-785.768401095
 20
885.478289915
 10
-790.043304122
 20
882.885848744
 10
-794.198562776
 20
880.105563714
 10
-798.234947433
 20
877.155267717
 10
-802.153625958
 20
874.050272174
 10
-805.955922489
 20
870.803751839
 10
-809.643166680
 20
867.427090870
 10
-813.216635061
 20
863.930215022
 10
-816.677423165
 20
860.321762222
 10
-820.026421404
 20
856.609305577
 10
-823.264287255
 20
852.799520813
 10
-826.391421046
 20
848.898321092
 10
-829.407944545
 20
844.910968347
 10
-832.313679903
 20
840.842166040
 10
-835.108127018
 20
836.696137257
 10
-836.058629133
 20
835.229239683
  0
LWPOLYLINE
  5
14D3
330
A02
100
AcDbEntity
100
AcDbPolyline
  8
IsoView
 90
31
 70
0
 43
0
 10
-839.156546490
 20
699.368751094
 10
-843.317437977
 20
702.135307700
 10
-847.102484310
 20
705.397536027
 10
-850.471510951
 20
709.088268769
 10
-853.406417147
 20
713.133276082
 10
-855.908502098
 20
717.459849711
 10
-857.992912996
 20
722.002814330
 10
-859.683536264
 20
726.706874406
 10
-861.008244302
 20
731.527047705
 10
-861.995737135
 20
736.427639785
 10
-862.673627684
 20
741.380720077
 10
-863.067461409
 20
746.364562731
 10
-863.200314812
 20
751.362274805
 10
-863.092649264
 20
756.360670075
 10
-862.762483128
 20
761.349372270
 10
-862.225644508
 20
766.320131954
 10
-861.495980248
 20
771.266305109
 10
-860.585568412
 20
776.182452365
 10
-859.504922808
 20
781.064031310
 10
-858.263259115
 20
785.907179896
 10
-856.868635318
 20
790.708534992
 10
-855.328059221
 20
795.465083013
 10
-853.647632427
 20
800.174053280
 10
-851.832664828
 20
804.832831803
 10
-849.887767759
 20
809.438889875
 10
-847.816929639
 20
813.989722720
 10
-845.623577090
 20
818.482794561
 10
-843.310623867
 20
822.915487161
 10
-840.880509398
 20
827.285049307
 10
-838.335228323
 20
831.588544928
 10
-836.058629133
 20
835.229239683
  0
LWPOLYLINE
  5
14D4
330
A02
100
AcDbEntity
100
AcDbPolyline
  8
IsoView
 90
2
 70
0
 43
0
 10
-735.315254073
 20
767.530181635
 10
-737.058291770
 20
767.842261545
  0
LWPOLYLINE
  5
14D5
330
A02
100
AcDbEntity
100
AcDbPolyline
  8
IsoView
 90
2
 70
0
 43
0
 10
-733.794825241
 20
774.747307622
 10
-735.537862914
 20
775.059387528
  0
LWPOLYLINE
  5
14D6
330
A02
100
AcDbEntity
100
AcDbPolyline
  8
IsoView
 90
2
 70
0
 43
0
 10
-731.349355409
 20
772.768454946
 10
-729.251667088
 20
771.587778811
  0
LWPOLYLINE
  5
14D7
330
A02
100
AcDbEntity
100
AcDbPolyline
  8
IsoView
 90
2
 70
0
 43
0
 10
-735.317075873
 20
766.510383006
 10
-732.835681368
 20
765.113739261
  0
LWPOLYLINE
  5
14D8
330
A02
100
AcDbEntity
100
AcDbPolyline
  8
IsoView
 90
4
 70
0
 43
0
 10
-735.316703664
 20
766.510197078
 10
-739.363032283
 20
769.370500356
 10
-738.914769267
 20
773.983044444
 10
-735.456635257
 20
775.044844228
  0
LWPOLYLINE
  5
14D9
330
A02
100
AcDbEntity
100
AcDbPolyline
  8
IsoView
 90
55
 70
0
 43
0
 10
-656.525605770
 20
945.461154654
 10
-652.276077534
 20
942.828028123
 10
-648.198696119
 20
939.935459334
 10
-644.307223114
 20
936.797207863
 10
-640.613568885
 20
933.428328756
 10
-637.127487978
 20
929.845038559
 10
-633.856332208
 20
926.064479568
 10
-630.804890454
 20
922.104403925
 10
-627.975332537
 20
917.982808314
 10
-625.367638983
 20
913.717331541
 10
-622.980790319
 20
909.324409772
 10
-620.811397827
 20
904.820081805
 10
-618.855002970
 20
900.219194695
 10
-617.106120799
 20
895.535452762
 10
-615.558551297
 20
890.781358315
 10
-614.205576351
 20
885.968233104
 10
-613.040164748
 20
881.106254922
 10
-612.055183145
 20
876.204510394
 10
-611.243493730
 20
871.271084209
 10
-610.598062980
 20
866.313143806
 10
-610.112046780
 20
861.337026944
 10
-609.778849889
 20
856.348329104
 10
-609.592164842
 20
851.351987315
 10
-609.545985554
 20
846.352358333
 10
-609.634578630
 20
841.353288645
 10
-609.852619111
 20
836.358179632
 10
-610.195093611
 20
831.370047256
 10
-610.657280846
 20
826.391571226
 10
-611.234750995
 20
821.425139238
 10
-611.923361013
 20
816.472886813
 10
-612.719247062
 20
811.536732946
 10
-613.618815016
 20
806.618411887
 10
-614.618729768
 20
801.719501411
 10
-615.715903882
 20
796.841447947
 10
-616.907430949
 20
791.985575139
 10
-618.190548200
 20
787.153093117
 10
-619.562770640
 20
782.345150841
 10
-621.021791688
 20
777.562830422
 10
-622.565469064
 20
772.807158456
 10
-624.191814271
 20
768.079116694
 10
-625.898983051
 20
763.379651632
 10
-627.685266742
 20
758.709683229
 10
-629.549084475
 20
754.070112895
 10
-631.488976140
 20
749.461830906
 10
-633.503596066
 20
744.885723341
 10
-635.591707362
 20
740.342678690
 10
-637.752176875
 20
735.833594204
 10
-639.983970715
 20
731.359382090
 10
-642.286150312
 20
726.920975652
 10
-644.657868975
 20
722.519335446
 10
-647.098368913
 20
718.155455545
 10
-649.606978703
 20
713.830370001
 10
-652.183111173
 20
709.545159583
 10
-654.826261680
 20
705.300958899
 10
-655.751751595
 20
703.849349954
  0
LWPOLYLINE
  5
14DA
330
A02
100
AcDbEntity
100
AcDbPolyline
  8
IsoView
 90
49
 70
0
 43
0
 10
-655.751751595
 20
703.849349954
 10
-658.484170706
 20
699.662063841
 10
-661.282613657
 20
695.518612280
 10
-664.146762160
 20
691.420305301
 10
-667.076367486
 20
687.368531538
 10
-670.071246506
 20
683.364764919
 10
-673.131277927
 20
679.410571848
 10
-676.256398656
 20
675.507618958
 10
-679.446600227
 20
671.657681506
 10
-682.701925187
 20
667.862652490
 10
-686.022463395
 20
664.124552598
 10
-689.408348094
 20
660.445541055
 10
-692.859751689
 20
656.827927501
 10
-696.376881076
 20
653.274184997
 10
-699.959972396
 20
649.786964279
 10
-703.609317362
 20
646.369144196
 10
-707.325236896
 20
643.023832034
 10
-711.108016203
 20
639.754320510
 10
-714.957955360
 20
636.564173029
 10
-718.875355103
 20
633.457246455
 10
-722.860498982
 20
630.437714124
 10
-726.913632113
 20
627.510089714
 10
-731.034935900
 20
624.679251572
 10
-735.224497994
 20
621.950466943
 10
-739.482276734
 20
619.329415283
 10
-743.808059626
 20
616.822210232
 10
-748.201461659
 20
614.435505662
 10
-752.661847981
 20
612.176491526
 10
-757.188244279
 20
610.052871975
 10
-761.779283096
 20
608.072923004
 10
-766.433117036
 20
606.245505604
 10
-771.147318683
 20
604.580065016
 10
-775.918767267
 20
603.086610419
 10
-780.743523473
 20
601.775669117
 10
-785.616704453
 20
600.658248948
 10
-790.532340346
 20
599.745726171
 10
-795.483232007
 20
599.049685776
 10
-800.460826570
 20
598.581762395
 10
-805.455106645
 20
598.353404733
 10
-810.454508407
 20
598.375739806
 10
-815.445909624
 20
598.658674503
 10
-820.414664874
 20
599.211072147
 10
-825.344630694
 20
600.040940352
 10
-830.218438970
 20
601.153980398
 10
-835.017827898
 20
602.553411536
 10
-839.723995394
 20
604.239905809
 10
-844.317940385
 20
606.211639421
 10
-848.780757379
 20
608.464451949
 10
-850.525605770
 20
609.443297985
  0
LINE
  5
14DB
330
A02
100
AcDbEntity
  8
IsoView
100
AcDbLine
 10
-671.170605959
 20
953.916449455
 30
0.000000000
 11
-656.525605770
 21
945.461154654
 31
0.000000000
  0
LINE
  5
14DC
330
A02
100
AcDbEntity
  8
IsoView
100
AcDbLine
 10
-865.170605959
 20
617.898592787
 30
0.000000000
 11
-850.525605770
 21
609.443297985
 31
0.000000000
  0
LWPOLYLINE
  5
14DD
330
A02
100
AcDbEntity
100
AcDbPolyline
  8
IsoView
 90
49
 70
0
 43
0
 10
-865.944460135
 20
859.510397487
 10
-863.212041024
 20
863.697683600
 10
-860.413598073
 20
867.841135161
 10
-857.549449570
 20
871.939442139
 10
-854.619844244
 20
875.991215903
 10
-851.624965224
 20
879.994982522
 10
-848.564933803
 20
883.949175593
 10
-845.439813073
 20
887.852128482
 10
-842.249611503
 20
891.702065935
 10
-838.994286543
 20
895.497094951
 10
-835.673748335
 20
899.235194843
 10
-832.287863636
 20
902.914206386
 10
-828.836460041
 20
906.531819940
 10
-825.319330654
 20
910.085562444
 10
-821.736239333
 20
913.572783162
 10
-818.086894368
 20
916.990603245
 10
-814.370974834
 20
920.335915407
 10
-810.588195527
 20
923.605426931
 10
-806.738256370
 20
926.795574411
 10
-802.820856627
 20
929.902500986
 10
-798.835712748
 20
932.922033317
 10
-794.782579616
 20
935.849657727
 10
-790.661275830
 20
938.680495869
 10
-786.471713736
 20
941.409280498
 10
-782.213934996
 20
944.030332158
 10
-777.888152104
 20
946.537537209
 10
-773.494750071
 20
948.924241779
 10
-769.034363748
 20
951.183255915
 10
-764.507967451
 20
953.306875466
 10
-759.916928633
 20
955.286824437
 10
-755.263094694
 20
957.114241837
 10
-750.548893047
 20
958.779682425
 10
-745.777444463
 20
960.273137022
 10
-740.952688257
 20
961.584078324
 10
-736.079507276
 20
962.701498493
 10
-731.163871384
 20
963.614021270
 10
-726.212979723
 20
964.310061665
 10
-721.235385159
 20
964.777985046
 10
-716.241105085
 20
965.006342708
 10
-711.241703323
 20
964.984007635
 10
-706.250302106
 20
964.701072938
 10
-701.281546856
 20
964.148675293
 10
-696.351581035
 20
963.318807089
 10
-691.477772760
 20
962.205767043
 10
-686.678383832
 20
960.806335905
 10
-681.972216336
 20
959.119841631
 10
-677.378271345
 20
957.148108020
 10
-672.915454351
 20
954.895295492
 10
-671.170605960
 20
953.916449456
  0
LWPOLYLINE
  5
14DE
330
A02
100
AcDbEntity
100
AcDbPolyline
  8
IsoView
 90
55
 70
0
 43
0
 10
-865.944460135
 20
859.510397487
 10
-868.610586937
 20
855.280592459
 10
-871.209849143
 20
851.009372256
 10
-873.741770475
 20
846.697891983
 10
-876.205792617
 20
842.347250319
 10
-878.601273618
 20
837.958496797
 10
-880.927485919
 20
833.532638662
 10
-883.183613965
 20
829.070647418
 10
-885.368751376
 20
824.573465157
 10
-887.481897672
 20
820.042010740
 10
-889.521954504
 20
815.477185934
 10
-891.487721364
 20
810.879881580
 10
-893.377890741
 20
806.250983882
 10
-895.191042677
 20
801.591380915
 10
-896.925638675
 20
796.901969437
 10
-898.580014922
 20
792.183662129
 10
-900.152374745
 20
787.437395371
 10
-901.640780267
 20
782.664137696
 10
-903.043143176
 20
777.864899057
 10
-904.357214540
 20
773.040741111
 10
-905.580573613
 20
768.192788692
 10
-906.710555790
 20
763.322229100
 10
-907.744289013
 20
758.430341478
 10
-908.678767633
 20
753.518532061
 10
-909.510742854
 20
748.588330593
 10
-910.236710646
 20
743.641414311
 10
-910.852900766
 20
738.679635093
 10
-911.355266762
 20
733.705050001
 10
-911.739477644
 20
728.719955565
 10
-912.000912062
 20
723.726926165
 10
-912.134656126
 20
718.728856744
 10
-912.135504570
 20
713.729010041
 10
-911.997863876
 20
708.731071736
 10
-911.715810760
 20
703.739215548
 10
-911.283143113
 20
698.758170256
 10
-910.693361577
 20
693.793295440
 10
-909.939702453
 20
688.850663534
 10
-909.015189537
 20
683.937146311
 10
-907.912709802
 20
679.060502869
 10
-906.625116884
 20
674.229464987
 10
-905.145325750
 20
669.453826779
 10
-903.466488414
 20
664.744510582
 10
-901.582201804
 20
660.113609720
 10
-899.486707726
 20
655.574415788
 10
-897.175159971
 20
651.141391567
 10
-894.643757806
 20
646.830185928
 10
-891.890643590
 20
642.657120687
 10
-888.915487658
 20
638.639398183
 10
-885.719570488
 20
634.795008093
 10
-882.306784481
 20
631.141826281
 10
-878.683614662
 20
627.697241305
 10
-874.859012711
 20
624.477818666
 10
-870.844177159
 20
621.499035492
 10
-866.652265205
 20
618.775110743
 10
-865.170605960
 20
617.898592787
  0
LWPOLYLINE
  5
14DF
330
A02
100
AcDbEntity
100
AcDbPolyline
  8
IsoView
 90
20
 70
0
 43
0
 10
-704.032687518
 20
839.873498674
 10
-704.502541913
 20
834.895918347
 10
-705.152648933
 20
829.938621450
 10
-705.971261270
 20
825.006320345
 10
-706.948211893
 20
820.102901039
 10
-708.074641805
 20
815.231628202
 10
-709.342968819
 20
810.395344507
 10
-710.746461635
 20
805.596528928
 10
-712.279159200
 20
800.837393845
 10
-713.935879860
 20
796.119990825
 10
-715.712108870
 20
791.446266921
 10
-717.603908437
 20
786.818110096
 10
-719.607845493
 20
782.237387168
 10
-721.720933580
 20
777.705976791
 10
-723.940586117
 20
773.225799356
 10
-726.264579030
 20
768.798845342
 10
-728.691021155
 20
764.427203395
 10
-731.218331275
 20
760.113089305
 10
-733.845220921
 20
755.858877035
 10
-734.471703674
 20
754.876166459
  0
LWPOLYLINE
  5
14E0
330
A02
100
AcDbEntity
100
AcDbPolyline
  8
IsoView
 90
16
 70
0
 43
0
 10
-734.471703674
 20
754.876166459
 10
-737.220108103
 20
750.699430180
 10
-740.066246735
 20
746.588673173
 10
-743.009717582
 20
742.547043023
 10
-746.050351753
 20
738.578000865
 10
-749.188208506
 20
734.685372871
 10
-752.423573325
 20
730.873412047
 10
-755.756958679
 20
727.146873307
 10
-759.189107061
 20
723.511105677
 10
-762.720995782
 20
719.972166801
 10
-766.353821478
 20
716.536943925
 10
-770.088919104
 20
713.213234549
 10
-773.927845558
 20
710.010045580
 10
-777.872289716
 20
706.937772575
 10
-781.924027281
 20
704.008509910
 10
-782.837554239
 20
703.379465629
  0
LINE
  5
14E1
330
A02
100
AcDbEntity
  8
IsoView
100
AcDbLine
 10
-649.743503890
 20
713.599404168
 30
0.000000000
 11
-646.315141291
 21
711.620038099
 31
0.000000000
  0
LINE
  5
14E2
330
A02
100
AcDbEntity
  8
IsoView
100
AcDbLine
 10
-648.114376312
 20
716.384890576
 30
0.000000000
 11
-639.472060039
 21
711.395246950
 31
0.000000000
  0
LINE
  5
14E3
330
A02
100
AcDbEntity
  8
IsoView
100
AcDbLine
 10
-649.557105800
 20
713.914853027
 30
0.000000000
 11
-645.538162090
 21
711.594514794
 31
0.000000000
  0
LINE
  5
14E4
330
A02
100
AcDbEntity
  8
IsoView
100
AcDbLine
 10
-648.526713993
 20
715.673735596
 30
0.000000000
 11
-641.215341482
 21
711.452512708
 31
0.000000000
  0
LINE
  5
14E5
330
A02
100
AcDbEntity
  8
IsoView
100
AcDbLine
 10
-649.371072368
 20
714.230512422
 30
0.000000000
 11
-644.761182888
 21
711.568991490
 31
0.000000000
  0
LINE
  5
14E6
330
A02
100
AcDbEntity
  8
IsoView
100
AcDbLine
 10
-648.940886529
 20
714.963639970
 30
0.000000000
 11
-642.958622924
 21
711.509778467
 31
0.000000000
  0
LINE
  5
14E7
330
A02
100
AcDbEntity
  8
IsoView
100
AcDbLine
 10
-642.044412336
 20
713.920078623
 30
0.000000000
 11
-647.664846152
 21
717.165037600
 31
0.000000000
  0
LWPOLYLINE
  5
14E8
330
A02
100
AcDbEntity
100
AcDbPolyline
  8
IsoView
 90
3
 70
0
 43
0
 10
-635.514848762
 20
711.265254913
 10
-640.207855345
 20
712.975369994
 10
-642.044412336
 20
713.920078623
  0
LINE
  5
14E9
330
A02
100
AcDbEntity
  8
IsoView
100
AcDbLine
 10
-643.019245707
 20
713.839889851
 30
0.000000000
 11
-647.942605700
 21
716.682393069
 31
0.000000000
  0
LWPOLYLINE
  5
14EA
330
A02
100
AcDbEntity
100
AcDbPolyline
  8
IsoView
 90
3
 70
0
 43
0
 10
-636.930248005
 20
711.311749937
 10
-641.597297817
 20
713.090742126
 10
-643.019245707
 20
713.839889851
  0
LINE
  5
14EB
330
A02
100
AcDbEntity
  8
IsoView
100
AcDbLine
 10
-641.069578966
 20
714.000267395
 30
0.000000000
 11
-647.387928496
 21
717.648168197
 31
0.000000000
  0
LINE
  5
14EC
330
A02
100
AcDbEntity
  8
IsoView
100
AcDbLine
 10
-640.319578966
 20
715.299305501
 30
0.000000000
 11
-646.646193626
 21
718.951978178
 31
0.000000000
  0
LWPOLYLINE
  5
14ED
330
A02
100
AcDbEntity
100
AcDbPolyline
  8
IsoView
 90
3
 70
0
 43
0
 10
-634.071453392
 20
711.217840234
 10
-638.790184928
 20
712.856244212
 10
-641.069578966
 20
714.000267395
  0
LWPOLYLINE
  5
14EE
330
A02
100
AcDbEntity
100
AcDbPolyline
  8
IsoView
 90
3
 70
0
 43
0
 10
-631.981836424
 20
712.268587910
 10
-636.779939298
 20
713.656341728
 10
-640.319578966
 20
715.299305501
  0
LINE
  5
14EF
330
A02
100
AcDbEntity
  8
IsoView
100
AcDbLine
 10
-625.401739688
 20
710.933045296
 30
0.000000000
 11
-631.981836424
 21
712.268587910
 31
0.000000000
  0
LINE
  5
14F0
330
A02
100
AcDbEntity
  8
IsoView
100
AcDbLine
 10
960.130927371
 20
214.407493157
 30
0.000000000
 11
945.988791748
 21
222.572458966
 31
0.000000000
  0
LINE
  5
14F1
330
A02
100
AcDbEntity
  8
IsoView
100
AcDbLine
 10
1043.063798952
 20
394.561954621
 30
0.000000000
 11
1028.921663328
 21
402.726920430
 31
0.000000000
  0
LINE
  5
14F2
330
A02
100
AcDbEntity
  8
IsoView
100
AcDbLine
 10
961.290057099
 20
357.384912179
 30
0.000000000
 11
956.925333012
 21
359.904886805
 31
0.000000000
  0
LINE
  5
14F3
330
A02
100
AcDbEntity
  8
IsoView
100
AcDbLine
 10
955.144349772
 20
365.100325803
 30
0.000000000
 11
958.679883678
 21
363.059084351
 31
0.000000000
  0
LINE
  5
14F4
330
A02
100
AcDbEntity
  8
IsoView
100
AcDbLine
 10
975.528363026
 20
353.331610264
 30
0.000000000
 11
979.491531458
 21
351.043473903
 31
0.000000000
  0
LINE
  5
14F5
330
A02
100
AcDbEntity
  8
IsoView
100
AcDbLine
 10
565.366399077
 20
214.032494634
 30
0.000000000
 11
579.508534701
 21
205.867528825
 31
0.000000000
  0
LINE
  5
14F6
330
A02
100
AcDbEntity
  8
IsoView
100
AcDbLine
 10
663.560006713
 20
-453.384613131
 30
0.000000000
 11
667.095540619
 21
-455.425854584
 31
0.000000000
  0
LINE
  5
14F7
330
A02
100
AcDbEntity
  8
IsoView
100
AcDbLine
 10
644.732641883
 20
213.983330565
 30
0.000000000
 11
649.097365970
 21
211.463355939
 31
0.000000000
  0
LINE
  5
14F8
330
A02
100
AcDbEntity
  8
IsoView
100
AcDbLine
 10
624.348628628
 20
225.752046105
 30
0.000000000
 11
627.884162534
 21
223.710804652
 31
0.000000000
  0
LINE
  5
14F9
330
A02
100
AcDbEntity
  8
IsoView
100
AcDbLine
 10
670.969226954
 20
-440.852232547
 30
0.000000000
 11
666.604502867
 21
-438.332257920
 31
0.000000000
  0
LINE
  5
14FA
330
A02
100
AcDbEntity
  8
IsoView
100
AcDbLine
 10
691.353240208
 20
-452.620948086
 30
0.000000000
 11
687.817706302
 21
-450.579706634
 31
0.000000000
  0
LINE
  5
14FB
330
A02
100
AcDbEntity
  8
IsoView
100
AcDbLine
 10
621.988431529
 20
239.915206271
 30
0.000000000
 11
618.533400173
 21
241.909969555
 31
0.000000000
  0
LINE
  5
14FC
330
A02
100
AcDbEntity
  8
IsoView
100
AcDbLine
 10
642.372444784
 20
228.146490732
 30
0.000000000
 11
639.746603608
 21
229.662520841
 31
0.000000000
  0
LINE
  5
14FD
330
A02
100
AcDbEntity
  8
IsoView
100
AcDbLine
 10
-201.648445799
 20
771.676559187
 30
0.000000000
 11
-215.790581423
 21
779.841524996
 31
0.000000000
  0
LINE
  5
14FE
330
A02
100
AcDbEntity
  8
IsoView
100
AcDbLine
 10
-157.639372908
 20
952.276280760
 30
0.000000000
 11
-171.781508531
 21
960.441246569
 31
0.000000000
  0
LINE
  5
14FF
330
A02
100
AcDbEntity
  8
IsoView
100
AcDbLine
 10
-274.495126738
 20
169.851428775
 30
0.000000000
 11
-278.859850826
 21
172.371403401
 31
0.000000000
  0
LINE
  5
1500
330
A02
100
AcDbEntity
  8
IsoView
100
AcDbLine
 10
-216.708605176
 20
881.025372479
 30
0.000000000
 11
-218.796900161
 21
882.231050150
 31
0.000000000
  0
LINE
  5
1501
330
A02
100
AcDbEntity
  8
IsoView
100
AcDbLine
 10
-235.645379509
 20
891.958524238
 30
0.000000000
 11
-240.010103596
 21
894.478498864
 31
0.000000000
  0
LINE
  5
1502
330
A02
100
AcDbEntity
  8
IsoView
100
AcDbLine
 10
-281.967599432
 20
189.916127884
 30
0.000000000
 11
-278.432065526
 21
187.874886432
 31
0.000000000
  0
LINE
  5
1503
330
A02
100
AcDbEntity
  8
IsoView
100
AcDbLine
 10
-261.583586178
 20
178.147412344
 30
0.000000000
 11
-257.218862090
 21
175.627437718
 31
0.000000000
  0
LINE
  5
1504
330
A02
100
AcDbEntity
  8
IsoView
100
AcDbLine
 10
-242.440841386
 20
899.815024471
 30
0.000000000
 11
-238.905307480
 21
897.773783019
 31
0.000000000
  0
LINE
  5
1505
330
A02
100
AcDbEntity
  8
IsoView
100
AcDbLine
 10
-222.056828132
 20
888.046308932
 30
0.000000000
 11
-217.692104045
 21
885.526334305
 31
0.000000000
  0
LINE
  5
1506
330
A02
100
AcDbEntity
  8
IsoView
100
AcDbLine
 10
-606.580536310
 20
660.596190012
 30
0.000000000
 11
-592.438400686
 21
652.431224203
 31
0.000000000
  0
LINE
  5
1507
330
A02
100
AcDbEntity
  8
IsoView
100
AcDbLine
 10
-353.106062850
 20
133.587815807
 30
0.000000000
 11
-349.570528944
 21
131.546574355
 31
0.000000000
  0
LINE
  5
1508
330
A02
100
AcDbEntity
  8
IsoView
100
AcDbLine
 10
-521.924574999
 20
684.880313397
 30
0.000000000
 11
-517.559850912
 21
682.360338770
 31
0.000000000
  0
LINE
  5
1509
330
A02
100
AcDbEntity
  8
IsoView
100
AcDbLine
 10
-542.308588254
 20
696.649028936
 30
0.000000000
 11
-538.773054348
 21
694.607787484
 31
0.000000000
  0
LINE
  5
150A
330
A02
100
AcDbEntity
  8
IsoView
100
AcDbLine
 10
-348.136742406
 20
148.373601859
 30
0.000000000
 11
-352.501466494
 21
150.893576485
 31
0.000000000
  0
LINE
  5
150B
330
A02
100
AcDbEntity
  8
IsoView
100
AcDbLine
 10
-327.752729152
 20
136.604886319
 30
0.000000000
 11
-331.288263058
 21
138.646127771
 31
0.000000000
  0
LINE
  5
150C
330
A02
100
AcDbEntity
  8
IsoView
100
AcDbLine
 10
-97.133408061
 20
248.713833718
 30
0.000000000
 11
-102.083155529
 21
251.571571751
 31
0.000000000
  0
LINE
  5
150D
330
A02
100
AcDbEntity
  8
IsoView
100
AcDbLine
 10
-120.467931840
 20
262.186027303
 30
0.000000000
 11
-125.417679308
 21
265.043765337
 31
0.000000000
  0
LINE
  5
150E
330
A02
100
AcDbEntity
  8
IsoView
100
AcDbLine
 10
-240.126600777
 20
613.064923913
 30
0.000000000
 11
-245.076348245
 21
615.922661947
 31
0.000000000
  0
LINE
  5
150F
330
A02
100
AcDbEntity
  8
IsoView
100
AcDbLine
 10
919.532661503
 20
-338.258595220
 30
0.000000000
 11
914.582914035
 21
-335.400857187
 31
0.000000000
  0
LINE
  5
1510
330
A02
100
AcDbEntity
  8
IsoView
100
AcDbLine
 10
896.198137724
 20
-324.786401635
 30
0.000000000
 11
891.248390256
 21
-321.928663602
 31
0.000000000
  0
LINE
  5
1511
330
A02
100
AcDbEntity
  8
IsoView
100
AcDbLine
 10
882.940832312
 20
49.732333751
 30
0.000000000
 11
877.991084844
 21
52.590071784
 31
0.000000000
  0
LINE
  5
1512
330
A02
100
AcDbEntity
  8
IsoView
100
AcDbLine
 10
509.410728415
 20
-542.382740452
 30
0.000000000
 11
514.360475883
 21
-545.240478486
 31
0.000000000
  0
LINE
  5
1513
330
A02
100
AcDbEntity
  8
IsoView
100
AcDbLine
 10
597.777175710
 20
-71.430452841
 30
0.000000000
 11
602.726923178
 21
-74.288190874
 31
0.000000000
  0
LINE
  5
1514
330
A02
100
AcDbEntity
  8
IsoView
100
AcDbLine
 10
-507.255341149
 20
44.589688486
 30
0.000000000
 11
-502.305593680
 21
41.731950453
 31
0.000000000
  0
LINE
  5
1515
330
A02
100
AcDbEntity
  8
IsoView
100
AcDbLine
 10
-506.755592702
 20
436.657029889
 30
0.000000000
 11
-501.805845234
 21
433.799291855
 31
0.000000000
  0
LWPOLYLINE
  5
1516
330
A02
100
AcDbEntity
100
AcDbPolyline
  8
IsoView
 90
7
 70
0
 43
0
 10
-206.802660963
 20
1276.520381225
 10
-201.868244963
 20
1277.313555863
 10
-196.876985727
 20
1277.554096223
 10
-191.896335861
 20
1277.160310624
 10
-187.023444289
 20
1276.061277426
 10
-182.381421087
 20
1274.218033296
 10
-180.655230534
 20
1273.294321214
  0
LWPOLYLINE
  5
1517
330
A02
100
AcDbEntity
100
AcDbPolyline
  8
IsoView
 90
2
 70
0
 43
0
 10
-180.655230534
 20
1273.294321214
 10
-180.095671137
 20
1272.963213851
  0
LINE
  5
1518
330
A02
100
AcDbEntity
  8
IsoView
100
AcDbLine
 10
-180.095671107
 20
1272.963213833
 30
0.000000000
 11
-169.288676277
 21
1266.723792459
 31
0.000000000
  0
LINE
  5
1519
330
A02
100
AcDbEntity
  8
IsoView
100
AcDbLine
 10
-167.485182803
 20
1260.701675250
 30
0.000000000
 11
-179.230615872
 21
1267.482904194
 31
0.000000000
  0
LINE
  5
151A
330
A02
100
AcDbEntity
  8
IsoView
100
AcDbLine
 10
-179.394726406
 20
1262.796725674
 30
0.000000000
 11
-168.205780601
 21
1256.336784802
 31
0.000000000
  0
LWPOLYLINE
  5
151B
330
A02
100
AcDbEntity
100
AcDbPolyline
  8
IsoView
 90
4
 70
0
 43
0
 10
-179.394726352
 20
1262.796725614
 10
-176.359821934
 20
1258.829259981
 10
-173.922077597
 20
1254.468052900
 10
-172.882718816
 20
1252.096093056
  0
LWPOLYLINE
  5
151C
330
A02
100
AcDbEntity
100
AcDbPolyline
  8
IsoView
 90
8
 70
0
 43
0
 10
-172.882719107
 20
1252.096093224
 10
-171.274687910
 20
1247.364240240
 10
-170.144163635
 20
1242.495549087
 10
-169.436971980
 20
1237.547175014
 10
-169.104898379
 20
1232.559261665
 10
-169.106729765
 20
1227.560091647
 10
-169.407899223
 20
1222.569846072
 10
-169.602144713
 20
1220.610807317
  0
LINE
  5
151D
330
A02
100
AcDbEntity
  8
IsoView
100
AcDbLine
 10
-169.602144714
 20
1220.610807318
 30
0.000000000
 11
-156.487044442
 21
1213.038800646
 31
0.000000000
  0
LINE
  5
151E
330
A02
100
AcDbEntity
  8
IsoView
100
AcDbLine
 10
-166.967401588
 20
1214.653621076
 30
0.000000000
 11
-155.130931217
 21
1207.819831721
 31
0.000000000
  0
LINE
  5
151F
330
A02
100
AcDbEntity
  8
IsoView
100
AcDbLine
 10
-164.852529920
 20
1207.296583560
 30
0.000000000
 11
-154.045535090
 21
1201.057162186
 31
0.000000000
  0
LWPOLYLINE
  5
1520
330
A02
100
AcDbEntity
100
AcDbPolyline
  8
IsoView
 90
6
 70
0
 43
0
 10
-286.367565476
 20
1133.518719475
 10
-284.247875078
 20
1128.993247739
 10
-281.594167303
 20
1124.759732061
 10
-278.384023877
 20
1120.932103668
 10
-274.630642456
 20
1117.636664071
 10
-271.655192511
 20
1115.677755624
  0
LWPOLYLINE
  5
1521
330
A02
100
AcDbEntity
100
AcDbPolyline
  8
IsoView
 90
33
 70
0
 43
0
 10
-271.655192511
 20
1115.677755624
 10
-267.139796201
 20
1113.543383952
 10
-262.341655703
 20
1112.154988597
 10
-257.389978837
 20
1111.492226686
 10
-252.393249099
 20
1111.493924762
 10
-247.430284674
 20
1112.080453585
 10
-242.552572126
 20
1113.170850521
 10
-237.791051219
 20
1114.691843675
 10
-233.162861130
 20
1116.580916759
 10
-228.676477361
 20
1118.786239942
 10
-224.335186051
 20
1121.265351654
 10
-220.139305939
 20
1123.983560758
 10
-216.087579460
 20
1126.912473304
 10
-212.177999945
 20
1130.028708185
 10
-208.408321998
 20
1133.312883483
 10
-204.776371988
 20
1136.748817216
 10
-201.280233721
 20
1140.322897004
 10
-197.918359236
 20
1144.023583925
 10
-194.689635554
 20
1147.841020806
 10
-191.593426582
 20
1151.766720988
 10
-188.629602208
 20
1155.793318781
 10
-185.798563469
 20
1159.914367739
 10
-183.101282069
 20
1164.124183503
 10
-180.539331463
 20
1168.417702950
 10
-178.114922374
 20
1172.790361148
 10
-175.830959392
 20
1177.237988116
 10
-173.691110736
 20
1181.756712142
 10
-171.699894192
 20
1186.342864442
 10
-169.862783033
 20
1190.992879782
 10
-168.186336520
 20
1195.703186765
 10
-166.678360560
 20
1200.470079965
 10
-165.348105260
 20
1205.289563562
 10
-164.852529920
 20
1207.296583560
  0
LWPOLYLINE
  5
1522
330
A02
100
AcDbEntity
100
AcDbPolyline
  8
IsoView
 90
42
 70
0
 43
0
 10
-181.961866244
 20
1272.707358186
 10
-186.433030926
 20
1274.932502983
 10
-191.206280462
 20
1276.403475795
 10
-196.148045030
 20
1277.135139350
 10
-201.144345729
 20
1277.187105912
 10
-206.111711580
 20
1276.640163433
 10
-210.995482572
 20
1275.577612847
 10
-215.762844824
 20
1274.075214929
 10
-220.395674699
 20
1272.197652345
 10
-224.885041784
 20
1269.998470589
 10
-229.227487827
 20
1267.521421984
 10
-233.422660525
 20
1264.802148345
 10
-237.471856080
 20
1261.869757202
 10
-241.377136193
 20
1258.748150558
 10
-245.140797842
 20
1255.457093775
 10
-248.765056523
 20
1252.013057496
 10
-252.251857385
 20
1248.429875692
 10
-255.602762037
 20
1244.719259852
 10
-258.818879147
 20
1240.891202490
 10
-261.900819127
 20
1236.954296206
 10
-264.848660591
 20
1232.915988531
 10
-267.661920588
 20
1228.782788139
 10
-270.339523199
 20
1224.560434462
 10
-272.879762516
 20
1220.254040175
 10
-275.280256710
 20
1215.868214189
 10
-277.537890144
 20
1211.407171648
 10
-279.648740290
 20
1206.874836744
 10
-281.607985789
 20
1202.274944101
 10
-283.409791230
 20
1197.611144835
 10
-285.047163179
 20
1192.887124515
 10
-286.511770678
 20
1188.106742099
 10
-287.793721762
 20
1183.274202034
 10
-288.881285717
 20
1178.394276449
 10
-289.760548985
 20
1173.472601707
 10
-290.414991603
 20
1168.516084668
 10
-290.824972405
 20
1163.533470671
 10
-290.967118627
 20
1158.536149936
 10
-290.813636715
 20
1153.539314042
 10
-290.331611756
 20
1148.563619731
 10
-289.482473461
 20
1143.637564102
 10
-288.222028990
 20
1138.800785169
 10
-286.885201260
 20
1135.032373824
  0
LWPOLYLINE
  5
1523
330
A02
100
AcDbEntity
100
AcDbPolyline
  8
IsoView
 90
2
 70
0
 43
0
 10
-180.095671137
 20
1272.963213851
 10
-181.961866272
 20
1272.707358221
  0
LWPOLYLINE
  5
1524
330
A02
100
AcDbEntity
100
AcDbPolyline
  8
IsoView
 90
2
 70
0
 43
0
 10
-181.350997918
 20
1262.615965986
 10
-179.394730609
 20
1262.796727774
  0
LWPOLYLINE
  5
1525
330
A02
100
AcDbEntity
100
AcDbPolyline
  8
IsoView
 90
4
 70
0
 43
0
 10
-174.928508561
 20
1252.062433126
 10
-177.073959257
 20
1256.575082209
 10
-179.809214542
 20
1260.755315933
 10
-181.350998115
 20
1262.615966338
  0
LWPOLYLINE
  5
1526
330
A02
100
AcDbEntity
100
AcDbPolyline
  8
IsoView
 90
8
 70
0
 43
0
 10
-171.693033418
 20
1221.009975868
 10
-171.284122215
 20
1225.992580519
 10
-171.167015918
 20
1230.990421226
 10
-171.374919685
 20
1235.985109937
 10
-171.947672175
 20
1240.950922942
 10
-172.932378083
 20
1245.851303105
 10
-174.382964064
 20
1250.633930609
 10
-174.928508561
 20
1252.062433126
  0
LWPOLYLINE
  5
1527
330
A02
100
AcDbEntity
100
AcDbPolyline
  8
IsoView
 90
2
 70
0
 43
0
 10
-169.602144684
 20
1220.610807593
 10
-171.693033405
 20
1221.009981455
  0
LWPOLYLINE
  5
1528
330
A02
100
AcDbEntity
100
AcDbPolyline
  8
IsoView
 90
2
 70
0
 43
0
 10
-166.912149509
 20
1207.874044173
 10
-164.852521107
 20
1207.296617153
  0
LWPOLYLINE
  5
1529
330
A02
100
AcDbEntity
100
AcDbPolyline
  8
IsoView
 90
37
 70
0
 43
0
 10
-286.885201260
 20
1135.032373824
 10
-284.762162311
 20
1130.508554401
 10
-282.097862990
 20
1126.281824279
 10
-278.869874180
 20
1122.469422398
 10
-275.093189359
 20
1119.200967559
 10
-270.833129013
 20
1116.594417070
 10
-266.201384697
 20
1114.725913268
 10
-261.332137275
 20
1113.611472254
 10
-256.352035699
 20
1113.212136736
 10
-251.360980735
 20
1113.455394709
 10
-246.428052051
 20
1114.257475031
 10
-241.596570623
 20
1115.537882926
 10
-236.891562025
 20
1117.225957843
 10
-232.326211177
 20
1119.262424342
 10
-227.906478021
 20
1121.598595799
 10
-223.634114520
 20
1124.194783848
 10
-219.508549311
 20
1127.018635038
 10
-215.528037943
 20
1130.043665304
 10
-211.690356378
 20
1133.248057176
 10
-207.993216245
 20
1136.613703984
 10
-204.434512570
 20
1140.125460668
 10
-201.012471647
 20
1143.770558717
 10
-197.725740330
 20
1147.538148273
 10
-194.573442072
 20
1151.418937638
 10
-191.555215424
 20
1155.404906943
 10
-188.671244979
 20
1159.489078121
 10
-185.922291348
 20
1163.665327408
 10
-183.309724795
 20
1167.928229681
 10
-180.835566105
 20
1172.272926102
 10
-178.502537817
 20
1176.695008063
 10
-176.314128909
 20
1181.190411306
 10
-174.274676346
 20
1185.755314519
 10
-172.389467478
 20
1190.386036537
 10
-170.664868175
 20
1195.078925623
 10
-169.108482733
 20
1199.830232824
 10
-167.729353130
 20
1204.635959037
 10
-166.912149833
 20
1207.874044564
  0
LWPOLYLINE
  5
152A
330
A02
100
AcDbEntity
100
AcDbPolyline
  8
IsoView
 90
39
 70
0
 43
0
 10
-281.631590602
 20
1148.648764896
 10
-283.206331530
 20
1153.391141262
 10
-284.247654352
 20
1158.279294281
 10
-284.823891911
 20
1163.244378156
 10
-284.994111072
 20
1168.240275402
 10
-284.807269294
 20
1173.235842369
 10
-284.303250414
 20
1178.209613379
 10
-283.514367331
 20
1183.146352880
 10
-282.466794278
 20
1188.034835405
 10
-281.181769755
 20
1192.866405181
 10
-279.676555524
 20
1197.634023710
 10
-277.965183628
 20
1202.331621971
 10
-276.059032366
 20
1206.953642506
 10
-273.967268437
 20
1211.494698607
 10
-271.697185504
 20
1215.949303091
 10
-269.254462745
 20
1220.311634134
 10
-266.643361460
 20
1224.575314142
 10
-263.866873775
 20
1228.733181946
 10
-260.926834777
 20
1232.777039860
 10
-257.824008147
 20
1236.697355839
 10
-254.558155657
 20
1240.482897227
 10
-251.128103390
 20
1244.120265879
 10
-247.531823563
 20
1247.593294184
 10
-243.766562723
 20
1250.882246572
 10
-239.829069752
 20
1253.962750550
 10
-235.716019304
 20
1256.804355686
 10
-231.424804319
 20
1259.368593918
 10
-226.955013166
 20
1261.606412574
 10
-222.311153851
 20
1263.454940493
 10
-217.507569144
 20
1264.833910142
 10
-212.576887425
 20
1265.643112243
 10
-207.583061375
 20
1265.764680393
 10
-202.636870811
 20
1265.077764160
 10
-197.902747678
 20
1263.493617238
 10
-193.576470083
 20
1261.003992850
 10
-189.828525303
 20
1257.706390092
 10
-186.750934255
 20
1253.773852536
 10
-184.350084762
 20
1249.393351952
 10
-184.203367511
 20
1249.067652886
  0
LWPOLYLINE
  5
152B
330
A02
100
AcDbEntity
100
AcDbPolyline
  8
IsoView
 90
2
 70
0
 43
0
 10
-184.203367511
 20
1249.067652886
 10
-183.679392211
 20
1247.829108771
  0
LWPOLYLINE
  5
152C
330
A02
100
AcDbEntity
100
AcDbPolyline
  8
IsoView
 90
39
 70
0
 43
0
 10
-183.679392211
 20
1247.829108771
 10
-182.104651283
 20
1243.086732405
 10
-181.063328461
 20
1238.198579386
 10
-180.487090902
 20
1233.233495511
 10
-180.316871740
 20
1228.237598265
 10
-180.503713519
 20
1223.242031298
 10
-181.007732399
 20
1218.268260288
 10
-181.796615482
 20
1213.331520787
 10
-182.844188535
 20
1208.443038262
 10
-184.129213058
 20
1203.611468486
 10
-185.634427289
 20
1198.843849957
 10
-187.345799185
 20
1194.146251696
 10
-189.251950447
 20
1189.524231161
 10
-191.343714376
 20
1184.983175060
 10
-193.613797308
 20
1180.528570576
 10
-196.056520068
 20
1176.166239533
 10
-198.667621353
 20
1171.902559525
 10
-201.444109038
 20
1167.744691721
 10
-204.384148036
 20
1163.700833808
 10
-207.486974666
 20
1159.780517829
 10
-210.752827156
 20
1155.994976440
 10
-214.182879423
 20
1152.357607788
 10
-217.779159250
 20
1148.884579483
 10
-221.544420090
 20
1145.595627095
 10
-225.481913061
 20
1142.515123117
 10
-229.594963509
 20
1139.673517981
 10
-233.886178494
 20
1137.109279749
 10
-238.355969647
 20
1134.871461093
 10
-242.999828962
 20
1133.022933175
 10
-247.803413669
 20
1131.643963525
 10
-252.734095388
 20
1130.834761425
 10
-257.727921438
 20
1130.713193274
 10
-262.674112002
 20
1131.400109508
 10
-267.408235135
 20
1132.984256429
 10
-271.734512730
 20
1135.473880817
 10
-275.482457509
 20
1138.771483575
 10
-278.560048558
 20
1142.704021131
 10
-280.960898051
 20
1147.084521715
 10
-281.631590602
 20
1148.648764896
  0
LWPOLYLINE
  5
152D
330
A02
100
AcDbEntity
100
AcDbPolyline
  8
IsoView
 90
34
 70
0
 43
0
 10
-191.061251769
 20
1244.028380978
 10
-193.458045815
 20
1248.409639921
 10
-196.619251831
 20
1252.272682495
 10
-200.523348228
 20
1255.379894449
 10
-205.025062815
 20
1257.531010376
 10
-209.888500889
 20
1258.651837676
 10
-214.879210391
 20
1258.811810656
 10
-219.831012049
 20
1258.153555686
 10
-224.649437062
 20
1256.830260456
 10
-229.289017407
 20
1254.972278859
 10
-233.731464592
 20
1252.681302889
 10
-237.972111431
 20
1250.034636315
 10
-242.012828388
 20
1247.091317017
 10
-245.856934308
 20
1243.895205272
 10
-249.508666618
 20
1240.480766942
 10
-252.972260683
 20
1236.875500789
 10
-256.250232516
 20
1233.100596856
 10
-259.344037303
 20
1229.173280286
 10
-262.253924799
 20
1225.107781905
 10
-264.978780840
 20
1220.915998098
 10
-267.515828202
 20
1216.607941801
 10
-269.860431906
 20
1212.192201960
 10
-272.006228621
 20
1207.676522388
 10
-273.944573904
 20
1203.068010088
 10
-275.664194964
 20
1198.373534005
 10
-277.150677741
 20
1193.600166392
 10
-278.385822429
 20
1188.755754035
 10
-279.346555092
 20
1183.849652955
 10
-280.003767744
 20
1178.893911966
 10
-280.320546679
 20
1173.905055124
 10
-280.250053148
 20
1168.906984069
 10
-279.733153009
 20
1163.935730115
 10
-278.696334711
 20
1159.047221197
 10
-277.363888142
 20
1155.076591502
  0
LWPOLYLINE
  5
152E
330
A02
100
AcDbEntity
100
AcDbPolyline
  8
IsoView
 90
2
 70
0
 43
0
 10
-191.061251769
 20
1244.028380977
 10
-190.597110596
 20
1242.931269493
  0
LWPOLYLINE
  5
152F
330
A02
100
AcDbEntity
100
AcDbPolyline
  8
IsoView
 90
35
 70
0
 43
0
 10
-190.597110595
 20
1242.931269493
 10
-189.058096164
 20
1238.177961766
 10
-188.111019573
 20
1233.271115831
 10
-187.670952558
 20
1228.292373565
 10
-187.666813692
 20
1223.293742964
 10
-188.041588611
 20
1218.308864446
 10
-188.750214023
 20
1213.360184382
 10
-189.757172396
 20
1208.463341269
 10
-191.034424335
 20
1203.629845530
 10
-192.559786482
 20
1198.868749021
 10
-194.315703978
 20
1194.187720772
 10
-196.288334806
 20
1189.593774589
 10
-198.466870673
 20
1185.093795534
 10
-200.843034937
 20
1180.694956671
 10
-203.410712948
 20
1176.405086855
 10
-206.165681545
 20
1172.233034649
 10
-209.105412170
 20
1168.189067396
 10
-212.228926132
 20
1164.285345543
 10
-215.536680537
 20
1160.536520055
 10
-219.030457672
 20
1156.960515987
 10
-222.713215484
 20
1153.579590153
 10
-226.588824034
 20
1150.421788303
 10
-230.661545942
 20
1147.522979166
 10
-234.934984235
 20
1144.929702908
 10
-239.409954751
 20
1142.703101065
 10
-244.080236792
 20
1140.924048839
 10
-248.924325055
 20
1139.698839035
 10
-253.890488793
 20
1139.162234889
 10
-258.873978233
 20
1139.468681790
 10
-263.695872465
 20
1140.755112175
 10
-268.115609657
 20
1143.069847668
 10
-271.905795582
 20
1146.315347068
 10
-274.941711955
 20
1150.278115105
 10
-277.219307815
 20
1154.722897746
 10
-277.363888141
 20
1155.076591502
  0
LWPOLYLINE
  5
1530
330
A02
100
AcDbEntity
100
AcDbPolyline
  8
IsoView
 90
3
 70
0
 43
0
 10
-153.494174485
 20
1255.368254159
 10
-157.087683392
 20
1258.837584553
 10
-160.061406494
 20
1261.002035603
  0
LWPOLYLINE
  5
1531
330
A02
100
AcDbEntity
100
AcDbPolyline
  8
IsoView
 90
2
 70
0
 43
0
 10
-166.701221651
 20
1264.186857062
 10
-167.617356165
 20
1264.482246730
  0
LWPOLYLINE
  5
1532
330
A02
100
AcDbEntity
100
AcDbPolyline
  8
IsoView
 90
5
 70
0
 43
0
 10
-237.129829178
 20
1100.442933111
 10
-242.091403712
 20
1101.027638661
 10
-246.912226154
 20
1102.335292066
 10
-251.463578404
 20
1104.391866386
 10
-255.338389465
 20
1106.948458527
  0
LWPOLYLINE
  5
1533
330
A02
100
AcDbEntity
100
AcDbPolyline
  8
IsoView
 90
3
 70
0
 43
0
 10
-169.929996797
 20
1270.419519354
 10
-174.894311305
 20
1270.984498108
 10
-176.736676447
 20
1271.031942956
  0
LWPOLYLINE
  5
1534
330
A02
100
AcDbEntity
100
AcDbPolyline
  8
IsoView
 90
2
 70
0
 43
0
 10
-156.111249872
 20
1264.464356442
 10
-158.867639659
 20
1266.309051706
  0
LWPOLYLINE
  5
1535
330
A02
100
AcDbEntity
100
AcDbPolyline
  8
IsoView
 90
2
 70
0
 43
0
 10
-165.546015007
 20
1269.322449776
 10
-169.929996797
 20
1270.419519354
  0
LWPOLYLINE
  5
1536
330
A02
100
AcDbEntity
100
AcDbPolyline
  8
IsoView
 90
6
 70
0
 43
0
 10
-267.736676447
 20
1113.415319468
 10
-264.960129745
 20
1109.261130731
 10
-261.654271794
 20
1105.515461124
 10
-257.837767698
 20
1102.292646357
 10
-253.571523656
 20
1099.694886085
 10
-251.736226873
 20
1098.836952363
  0
LWPOLYLINE
  5
1537
330
A02
100
AcDbEntity
100
AcDbPolyline
  8
IsoView
 90
3
 70
0
 43
0
 10
-170.883289130
 20
1273.785751162
 10
-166.043205383
 20
1272.548034971
 10
-164.910471304
 20
1272.147826194
  0
LWPOLYLINE
  5
1538
330
A02
100
AcDbEntity
100
AcDbPolyline
  8
IsoView
 90
4
 70
0
 43
0
 10
-182.346199883
 20
1274.203457347
 10
-177.353003694
 20
1274.409254439
 10
-172.370945282
 20
1274.026345345
 10
-170.883289130
 20
1273.785751162
  0
LWPOLYLINE
  5
1539
330
A02
100
AcDbEntity
100
AcDbPolyline
  8
IsoView
 90
6
 70
0
 43
0
 10
-259.359502345
 20
1100.134103541
 10
-263.373148895
 20
1103.107914837
 10
-266.909183377
 20
1106.636973920
 10
-269.932655301
 20
1110.614828053
 10
-272.444311555
 20
1114.934942729
 10
-273.288061502
 20
1116.687576850
  0
LWPOLYLINE
  5
153A
330
A02
100
AcDbEntity
100
AcDbPolyline
  8
IsoView
 90
3
 70
0
 43
0
 10
-284.529577969
 20
1129.114827325
 10
-283.043467684
 20
1124.342447865
 10
-282.370946342
 20
1122.578629950
  0
LWPOLYLINE
  5
153B
330
A02
100
AcDbEntity
100
AcDbPolyline
  8
IsoView
 90
9
 70
0
 43
0
 10
-164.635816938
 20
1273.368831085
 10
-168.927103896
 20
1275.925663184
 10
-173.552582797
 20
1277.812243762
 10
-178.401744184
 20
1279.014342276
 10
-183.368509761
 20
1279.559773436
 10
-188.365511383
 20
1279.504283572
 10
-193.328630937
 20
1278.915680738
 10
-198.214720944
 20
1277.862198990
 10
-198.729324199
 20
1277.725261752
  0
LWPOLYLINE
  5
153C
330
A02
100
AcDbEntity
100
AcDbPolyline
  8
IsoView
 90
7
 70
0
 43
0
 10
-282.370946342
 20
1122.578629950
 10
-280.272820890
 20
1118.042618937
 10
-277.687344917
 20
1113.766331982
 10
-274.592629599
 20
1109.843695485
 10
-270.992165509
 20
1106.380399789
 10
-266.925324121
 20
1103.479679144
 10
-263.424380660
 20
1101.636293530
  0
LWPOLYLINE
  5
153D
330
A02
100
AcDbEntity
100
AcDbPolyline
  8
IsoView
 90
4
 70
0
 43
0
 10
-151.694050031
 20
1259.919555905
 10
-153.783251042
 20
1264.459876979
 10
-156.340520462
 20
1268.753377348
 10
-157.848204565
 20
1270.841057710
  0
LWPOLYLINE
  5
153E
330
A02
100
AcDbEntity
100
AcDbPolyline
  8
IsoView
 90
20
 70
0
 43
0
 10
-161.199588703
 20
1274.642854435
 10
-164.983552303
 20
1277.904848074
 10
-169.193786333
 20
1280.593732754
 10
-173.748259157
 20
1282.646448997
 10
-178.546243344
 20
1284.039342956
 10
-183.486441292
 20
1284.788406416
 10
-188.481464197
 20
1284.938878120
 10
-193.464260543
 20
1284.551225818
 10
-198.387740620
 20
1283.689536291
 10
-203.221043268
 20
1282.414404268
 10
-207.945147930
 20
1280.779670006
 10
-212.549115166
 20
1278.831575180
 10
-217.027279720
 20
1276.609147067
 10
-221.377299225
 20
1274.145074389
 10
-225.598849654
 20
1271.466691105
 10
-229.692771883
 20
1268.596896477
 10
-233.660520112
 20
1265.554950349
 10
-237.503807927
 20
1262.357134362
 10
-241.224382171
 20
1259.017291064
 10
-241.792105794
 20
1258.485888408
  0
LWPOLYLINE
  5
153F
330
A02
100
AcDbEntity
100
AcDbPolyline
  8
IsoView
 90
13
 70
0
 43
0
 10
-289.399192597
 20
1176.027986647
 10
-290.458929714
 20
1171.141860458
 10
-291.336143080
 20
1166.219722430
 10
-292.018268543
 20
1161.266820232
 10
-292.490696944
 20
1156.289589569
 10
-292.736427711
 20
1151.296097648
 10
-292.735678695
 20
1146.296649718
 10
-292.465473151
 20
1141.304622195
 10
-291.899256809
 20
1136.337605119
 10
-291.006659241
 20
1131.418951657
 10
-289.753623214
 20
1126.579824062
 10
-288.103304215
 20
1121.861748408
 10
-288.085665277
 20
1121.817833596
  0
LWPOLYLINE
  5
1540
330
A02
100
AcDbEntity
100
AcDbPolyline
  8
IsoView
 90
3
 70
0
 43
0
 10
-151.694050031
 20
1259.919555905
 10
-150.039790459
 20
1255.202864419
 10
-149.922438285
 20
1254.810552665
  0
LWPOLYLINE
  5
1541
330
A02
100
AcDbEntity
100
AcDbPolyline
  8
IsoView
 90
13
 70
0
 43
0
 10
-240.281421289
 20
1098.304203182
 10
-245.186566317
 20
1097.343148558
 10
-250.159329598
 20
1096.841842042
 10
-255.156705339
 20
1096.864040249
 10
-260.116401985
 20
1097.471902007
 10
-264.955395374
 20
1098.715353666
 10
-269.574551134
 20
1100.618224076
 10
-273.871421936
 20
1103.166342879
 10
-277.758240532
 20
1106.304927199
 10
-281.176915473
 20
1109.948497147
 10
-284.103931939
 20
1113.998395345
 10
-286.545098813
 20
1118.359117372
 10
-288.085665277
 20
1121.817833596
  0
LWPOLYLINE
  5
1542
330
A02
100
AcDbEntity
100
AcDbPolyline
  8
IsoView
 90
4
 70
0
 43
0
 10
-167.355307867
 20
1283.959116680
 10
-171.865794638
 20
1286.107393826
 10
-176.627537131
 20
1287.620179103
 10
-178.963463067
 20
1288.119985492
  0
LWPOLYLINE
  5
1543
330
A02
100
AcDbEntity
100
AcDbPolyline
  8
IsoView
 90
47
 70
0
 43
0
 10
-178.963463067
 20
1288.119985492
 10
-183.924539410
 20
1288.718430567
 10
-188.922021725
 20
1288.751930708
 10
-193.897609601
 20
1288.278247152
 10
-198.810431522
 20
1287.356814456
 10
-203.633558692
 20
1286.043254900
 10
-208.350231301
 20
1284.386934339
 10
-212.950684838
 20
1282.430393113
 10
-217.429777433
 20
1280.209729508
 10
-221.785324355
 20
1277.755367559
 10
-226.016969405
 20
1275.092909573
 10
-230.125435238
 20
1272.243936140
 10
-234.112031072
 20
1269.226702899
 10
-237.978331599
 20
1266.056724917
 10
-241.725968453
 20
1262.747257388
 10
-245.356495147
 20
1259.309687334
 10
-248.871299635
 20
1255.753851758
 10
-252.271547460
 20
1252.088296177
 10
-255.558144225
 20
1248.320485367
 10
-258.731709889
 20
1244.456976005
 10
-261.792559855
 20
1240.503559033
 10
-264.740689380
 20
1236.465378010
 10
-267.575758898
 20
1232.347028461
 10
-270.297078467
 20
1228.152642306
 10
-272.903589957
 20
1223.885960649
 10
-275.393845813
 20
1219.550397727
 10
-277.765983304
 20
1215.149098371
 10
-280.017693196
 20
1210.684991127
 10
-282.146181647
 20
1206.160839033
 10
-284.148124015
 20
1201.579290076
 10
-286.019609005
 20
1196.942929476
 10
-287.756071286
 20
1192.254336262
 10
-289.352210336
 20
1187.516147092
 10
-290.801892814
 20
1182.731131031
 10
-292.098035225
 20
1177.902280120
 10
-293.232463091
 20
1173.032922152
 10
-294.195742286
 20
1168.126864384
 10
-294.976977876
 20
1163.188580111
 10
-295.563575911
 20
1158.223454675
 10
-295.940964969
 20
1153.238113807
 10
-296.092277841
 20
1148.240866051
 10
-295.998001982
 20
1143.242302604
 10
-295.635624143
 20
1138.256112181
 10
-294.979327026
 20
1133.300183215
 10
-293.999854900
 20
1128.398073536
 10
-292.664766272
 20
1123.580909506
 10
-291.238164636
 20
1119.617343059
  0
LWPOLYLINE
  5
1544
330
A02
100
AcDbEntity
100
AcDbPolyline
  8
IsoView
 90
7
 70
0
 43
0
 10
-291.238164636
 20
1119.617343059
 10
-289.157151720
 20
1115.073093860
 10
-286.625742773
 20
1110.764047716
 10
-283.623178000
 20
1106.769679796
 10
-280.147586178
 20
1103.180086815
 10
-276.224458797
 20
1100.086576052
 10
-274.241253000
 20
1098.827229093
  0
LWPOLYLINE
  5
1545
330
A02
100
AcDbEntity
100
AcDbPolyline
  8
IsoView
 90
56
 70
0
 43
0
 10
-152.890375864
 20
1265.956135604
 10
-154.968819411
 20
1270.501612249
 10
-157.492117687
 20
1274.815488003
 10
-160.480817647
 20
1278.820346262
 10
-163.937436937
 20
1282.428352986
 10
-167.838297242
 20
1285.550066528
 10
-172.129622517
 20
1288.108301665
 10
-176.731875777
 20
1290.052650550
 10
-181.552154144
 20
1291.367898996
 10
-186.499245745
 20
1292.072455267
 10
-191.494931999
 20
1292.208960700
 10
-196.478784175
 20
1291.832643736
 10
-201.407692919
 20
1291.001796640
 10
-206.252778670
 20
1289.771839120
 10
-210.995742560
 20
1288.192467309
 10
-215.625674997
 20
1286.306802020
 10
-220.136613394
 20
1284.151603301
 10
-224.525800710
 20
1281.757948396
 10
-228.792491838
 20
1279.152042276
 10
-232.937153710
 20
1276.356002182
 10
-236.960936120
 20
1273.388552496
 10
-240.865324320
 20
1270.265613569
 10
-244.651912011
 20
1267.000789295
 10
-248.322253479
 20
1263.605766193
 10
-251.877767397
 20
1260.090638508
 10
-255.319674110
 20
1256.464172897
 10
-258.648954321
 20
1252.734024416
 10
-261.866321141
 20
1248.906913528
 10
-264.972200069
 20
1244.988772017
 10
-267.966713222
 20
1240.984864154
 10
-270.849665218
 20
1236.899888221
 10
-273.620528870
 20
1232.738062485
 10
-276.278429247
 20
1228.503198995
 10
-278.822124962
 20
1224.198767962
 10
-281.249985659
 20
1219.827955071
 10
-283.559964688
 20
1215.393713824
 10
-285.749565937
 20
1210.898814792
 10
-287.815803648
 20
1206.345893652
 10
-289.755153873
 20
1201.737499940
 10
-291.563495978
 20
1197.076148642
 10
-293.236042296
 20
1192.364377111
 10
-294.767253626
 20
1187.604810394
 10
-296.150737845
 20
1182.800238846
 10
-297.379128382
 20
1177.953713158
 10
-298.443938778
 20
1173.068663654
 10
-299.335389123
 20
1168.149053151
 10
-300.042199974
 20
1163.199576167
 10
-300.551349864
 20
1158.225922105
 10
-300.847794369
 20
1153.235126773
 10
-300.914149419
 20
1148.236045708
 10
-300.730351506
 20
1143.239994466
 10
-300.273327356
 20
1138.261614811
 10
-299.516742811
 20
1133.320038174
 10
-298.430966899
 20
1128.440419633
 10
-296.983496437
 20
1123.655883871
 10
-296.006840958
 20
1121.045245850
  0
LWPOLYLINE
  5
1546
330
A02
100
AcDbEntity
100
AcDbPolyline
  8
IsoView
 90
56
 70
0
 43
0
 10
-152.890375864
 20
1265.956135604
 10
-151.226464529
 20
1261.242691026
 10
-149.943189752
 20
1256.411396132
 10
-149.006929881
 20
1251.500799186
 10
-148.386356355
 20
1246.540232786
 10
-148.053279231
 20
1241.551971270
 10
-147.982828599
 20
1236.552993822
 10
-148.153300832
 20
1231.556346315
 10
-148.545860399
 20
1226.572163889
 10
-149.144199478
 20
1221.608429016
 10
-149.934205844
 20
1216.671531491
 10
-150.903661199
 20
1211.766683043
 10
-152.041977282
 20
1206.898226235
 10
-153.339969896
 20
1202.069866791
 10
-154.789667747
 20
1197.284850443
 10
-156.384151861
 20
1192.546099596
 10
-158.117421229
 20
1187.856320907
 10
-159.984280621
 20
1183.218091879
 10
-161.980247041
 20
1178.633932489
 10
-164.101471804
 20
1174.106366366
 10
-166.344675681
 20
1169.637975022
 10
-168.707095030
 20
1165.231447896
 10
-171.186437127
 20
1160.889630546
 10
-173.780843243
 20
1156.615572997
 10
-176.488858193
 20
1152.412580123
 10
-179.309405267
 20
1148.284265951
 10
-182.241765520
 20
1144.234613835
 10
-185.285560424
 20
1140.268044680
 10
-188.440736798
 20
1136.389495763
 10
-191.707552789
 20
1132.604513133
 10
-195.086563285
 20
1128.919361263
 10
-198.578602638
 20
1125.341154474
 10
-202.184761678
 20
1121.878015735
 10
-205.906354649
 20
1118.539269847
 10
-209.744869613
 20
1115.335679663
 10
-213.701892721
 20
1112.279735941
 10
-217.778991855
 20
1109.386013414
 10
-221.977537831
 20
1106.671607255
 10
-226.298430232
 20
1104.156664147
 10
-230.741678601
 20
1101.865018284
 10
-235.305766367
 20
1099.824929947
 10
-239.986694012
 20
1098.069893622
 10
-244.776563286
 20
1096.639417496
 10
-249.661541877
 20
1095.579550954
 10
-254.619082782
 20
1094.942721241
 10
-259.614461525
 20
1094.786129940
 10
-264.597190613
 20
1095.167661547
 10
-269.498774207
 20
1096.138341511
 10
-274.234260586
 20
1097.731523170
 10
-278.709954397
 20
1099.951546880
 10
-282.837001575
 20
1102.767208880
 10
-286.546137701
 20
1106.114702644
 10
-289.796918600
 20
1109.909517931
 10
-292.578103568
 20
1114.061461456
 10
-294.901277317
 20
1118.486572943
 10
-296.006840958
 20
1121.045245850
  0
LWPOLYLINE
  5
1547
330
A02
100
AcDbEntity
100
AcDbPolyline
  8
IsoView
 90
78
 70
0
 43
0
 10
-237.180034602
 20
998.728944170
 10
-232.181596779
 20
998.817839696
 10
-227.196962838
 20
999.200812230
 10
-222.240876677
 20
999.857555701
 10
-217.325034294
 20
1000.768241879
 10
-212.458536241
 20
1001.913975531
 10
-207.648331698
 20
1003.277061269
 10
-202.899622879
 20
1004.841131381
 10
-198.216216047
 20
1006.591177362
 10
-193.600816485
 20
1008.513518804
 10
-189.055270819
 20
1010.595734496
 10
-184.580762933
 20
1012.826573171
 10
-180.177970582
 20
1015.195855618
 10
-175.847189556
 20
1017.694375667
 10
-171.588431551
 20
1020.313804593
 10
-167.401500991
 20
1023.046601529
 10
-163.286055143
 20
1025.885931103
 10
-159.241651043
 20
1028.825588739
 10
-155.267782079
 20
1031.859933502
 10
-151.363906458
 20
1034.983828099
 10
-147.529469338
 20
1038.192585504
 10
-143.763920026
 20
1041.481921572
 10
-140.066725323
 20
1044.847913051
 10
-136.437379896
 20
1048.286960393
 10
-132.875414334
 20
1051.795754789
 10
-129.380401426
 20
1055.371248964
 10
-125.951961085
 20
1059.010631242
 10
-122.589764227
 20
1062.711302493
 10
-119.293535895
 20
1066.470855612
 10
-116.063057798
 20
1070.287057198
 10
-112.898170469
 20
1074.157831164
 10
-109.798775145
 20
1078.081244047
 10
-106.764835486
 20
1082.055491773
 10
-103.796379234
 20
1086.078887731
 10
-100.893499862
 20
1090.149851947
 10
-98.056358294
 20
1094.266901246
 10
-95.285184749
 20
1098.428640251
 10
-92.580280737
 20
1102.633753112
 10
-89.942021287
 20
1106.880995850
 10
-87.370857408
 20
1111.169189231
 10
-84.867318857
 20
1115.497212074
 10
-82.432017238
 20
1119.863994911
 10
-80.065649471
 20
1124.268513921
 10
-77.769001692
 20
1128.709785062
 10
-75.542953613
 20
1133.186858322
 10
-73.388483401
 20
1137.698812016
 10
-71.306673133
 20
1142.244747050
 10
-69.298714891
 20
1146.823781060
 10
-67.365917553
 20
1151.435042354
 10
-65.509714374
 20
1156.077663537
 10
-63.731671430
 20
1160.750774717
 10
-62.033497023
 20
1165.453496178
 10
-60.417052150
 20
1170.184930352
 10
-58.884362165
 20
1174.944152941
 10
-57.437629747
 20
1179.730202988
 10
-56.079249324
 20
1184.542071655
 10
-54.811823120
 20
1189.378689452
 10
-53.638178974
 20
1194.238911557
 10
-52.561390118
 20
1199.121500864
 10
-51.584797108
 20
1204.025108258
 10
-50.712032075
 20
1208.948249542
 10
-49.947045481
 20
1213.889278342
 10
-49.294135530
 20
1218.846354107
 10
-48.757980304
 20
1223.817404225
 10
-48.343672652
 20
1228.800078988
 10
-48.056757655
 20
1233.791697948
 10
-47.903272298
 20
1238.789185861
 10
-47.889786612
 20
1243.788996147
 10
-48.023445015
 20
1248.787019377
 10
-48.312005844
 20
1253.778473987
 10
-48.763875957
 20
1258.757776107
 10
-49.388135753
 20
1263.718385239
 10
-50.194547863
 20
1268.652622700
 10
-51.193539899
 20
1273.551460502
 10
-52.396148013
 20
1278.404280117
 10
-53.813903567
 20
1283.198603965
 10
-55.458640175
 20
1287.919808289
 10
-56.236195929
 20
1289.917265424
  0
LWPOLYLINE
  5
1548
330
A02
100
AcDbEntity
100
AcDbPolyline
  8
IsoView
 90
12
 70
0
 43
0
 10
-94.479436930
 20
1342.474859032
 10
-90.250118332
 20
1339.810190889
 10
-86.237649377
 20
1336.828920233
 10
-82.461297482
 20
1333.553619495
 10
-78.935085201
 20
1330.010315686
 10
-75.667654211
 20
1326.226938024
 10
-72.662603334
 20
1322.231858506
 10
-69.919161373
 20
1318.052688560
 10
-67.433033093
 20
1313.715407441
 10
-65.197277309
 20
1309.243821823
 10
-63.203118303
 20
1304.659307439
 10
-63.114678924
 20
1304.440153324
  0
LWPOLYLINE
  5
1549
330
A02
100
AcDbEntity
100
AcDbPolyline
  8
IsoView
 90
89
 70
0
 43
0
 10
-63.114678924
 20
1304.440153324
 10
-61.362889946
 20
1299.757591742
 10
-59.831761985
 20
1294.998244810
 10
-58.510607471
 20
1290.176336680
 10
-57.388875213
 20
1285.304129214
 10
-56.456351279
 20
1280.392157296
 10
-55.703287021
 20
1275.449456612
 10
-55.120472937
 20
1270.483773933
 10
-54.699273649
 20
1265.501755314
 10
-54.431635864
 20
1260.509111067
 10
-54.310078273
 20
1255.510758330
 10
-54.327669909
 20
1250.510943087
 10
-54.478001656
 20
1245.513343930
 10
-54.755154157
 20
1240.521159941
 10
-55.153664357
 20
1235.537184953
 10
-55.668492160
 20
1230.563870248
 10
-56.294988143
 20
1225.603377493
 10
-57.028862901
 20
1220.657623484
 10
-57.866158335
 20
1215.728318021
 10
-58.803221034
 20
1210.816996051
 10
-59.836677758
 20
1205.925045010
 10
-60.963412994
 20
1201.053728155
 10
-62.180548472
 20
1196.204204565
 10
-63.485424540
 20
1191.377546330
 10
-64.875583249
 20
1186.574753416
 10
-66.348753024
 20
1181.796766577
 10
-67.902834787
 20
1177.044478625
 10
-69.535889395
 20
1172.318744359
 10
-71.246126289
 20
1167.620389340
 10
-73.031893227
 20
1162.950217738
 10
-74.891667010
 20
1158.309019394
 10
-76.824045106
 20
1153.697576248
 10
-78.827738079
 20
1149.116668240
 10
-80.901562762
 20
1144.567078807
 10
-83.044436091
 20
1140.049600045
 10
-85.255369543
 20
1135.565037639
 10
-87.533464125
 20
1131.114215618
 10
-89.877905860
 20
1126.697981008
 10
-92.287961719
 20
1122.317208445
 10
-94.762975972
 20
1117.972804799
 10
-97.302366901
 20
1113.665713882
 10
-99.905623855
 20
1109.396921276
 10
-102.572304605
 20
1105.167459342
 10
-105.302032977
 20
1100.978412480
 10
-108.094496715
 20
1096.830922675
 10
-110.949445575
 20
1092.726195416
 10
-113.866689581
 20
1088.665506028
 10
-116.846097451
 20
1084.650206517
 10
-119.887595134
 20
1080.681732983
 10
-122.991164431
 20
1076.761613706
 10
-126.156841663
 20
1072.891477982
 10
-129.384716332
 20
1069.073065843
 10
-132.674929731
 20
1065.308238755
 10
-136.027673429
 20
1061.598991457
 10
-139.443187556
 20
1057.947465070
 10
-142.921758803
 20
1054.355961672
 10
-146.463718003
 20
1050.826960530
 10
-150.069437166
 20
1047.363136197
 10
-153.739325779
 20
1043.967378757
 10
-157.473826156
 20
1040.642816469
 10
-161.273407548
 20
1037.392841150
 10
-165.138558683
 20
1034.221136638
 10
-169.069778271
 20
1031.131710720
 10
-173.067562944
 20
1028.128930953
 10
-177.132391928
 20
1025.217564805
 10
-181.264707563
 20
1022.402824584
 10
-185.464890589
 20
1019.690417569
 10
-189.733228804
 20
1017.086601735
 10
-194.069877380
 20
1014.598247312
 10
-198.474808688
 20
1012.232904199
 10
-202.947749008
 20
1009.998874889
 10
-207.488098899
 20
1007.905291927
 10
-212.094833414
 20
1005.962198034
 10
-216.766377683
 20
1004.180625633
 10
-221.500452904
 20
1002.572670515
 10
-226.293887541
 20
1001.151551632
 10
-231.142388967
 20
999.931645164
 10
-236.040272365
 20
998.928476186
 10
-240.980147197
 20
998.158645317
 10
-245.952567925
 20
997.639661399
 10
-250.945666059
 20
997.389645687
 10
-255.944795726
 20
997.426870793
 10
-260.932244488
 20
997.769102616
 10
-265.887082389
 20
998.432730755
 10
-270.785238636
 20
999.431707009
 10
-275.599896358
 20
1000.776363293
 10
-280.302269124
 20
1002.472241933
 10
-284.862760854
 20
1004.519123672
 10
-288.479436930
 20
1006.457002363
  0
LWPOLYLINE
  5
154A
330
A02
100
AcDbEntity
100
AcDbPolyline
  8
IsoView
 90
12
 70
0
 43
0
 10
-109.124437120
 20
1350.930153833
 10
-104.895118521
 20
1348.265485691
 10
-100.882649567
 20
1345.284215035
 10
-97.106297671
 20
1342.008914297
 10
-93.580085391
 20
1338.465610488
 10
-90.312654400
 20
1334.682232826
 10
-87.307603524
 20
1330.687153308
 10
-84.564161563
 20
1326.507983362
 10
-82.078033283
 20
1322.170702243
 10
-79.842277498
 20
1317.699116625
 10
-77.848118492
 20
1313.114602241
 10
-77.759679113
 20
1312.895448126
  0
LWPOLYLINE
  5
154B
330
A02
100
AcDbEntity
100
AcDbPolyline
  8
IsoView
 90
89
 70
0
 43
0
 10
-77.759679113
 20
1312.895448126
 10
-76.007890135
 20
1308.212886544
 10
-74.476762174
 20
1303.453539611
 10
-73.155607660
 20
1298.631631481
 10
-72.033875402
 20
1293.759424016
 10
-71.101351469
 20
1288.847452098
 10
-70.348287210
 20
1283.904751414
 10
-69.765473127
 20
1278.939068735
 10
-69.344273839
 20
1273.957050116
 10
-69.076636054
 20
1268.964405869
 10
-68.955078463
 20
1263.966053132
 10
-68.972670099
 20
1258.966237889
 10
-69.123001846
 20
1253.968638732
 10
-69.400154347
 20
1248.976454743
 10
-69.798664547
 20
1243.992479755
 10
-70.313492350
 20
1239.019165050
 10
-70.939988333
 20
1234.058672295
 10
-71.673863090
 20
1229.112918285
 10
-72.511158524
 20
1224.183612823
 10
-73.448221223
 20
1219.272290853
 10
-74.481677948
 20
1214.380339812
 10
-75.608413184
 20
1209.509022957
 10
-76.825548662
 20
1204.659499367
 10
-78.130424730
 20
1199.832841131
 10
-79.520583439
 20
1195.030048218
 10
-80.993753214
 20
1190.252061378
 10
-82.547834976
 20
1185.499773427
 10
-84.180889584
 20
1180.774039161
 10
-85.891126478
 20
1176.075684142
 10
-87.676893416
 20
1171.405512540
 10
-89.536667199
 20
1166.764314196
 10
-91.469045295
 20
1162.152871050
 10
-93.472738268
 20
1157.571963042
 10
-95.546562951
 20
1153.022373609
 10
-97.689436280
 20
1148.504894846
 10
-99.900369732
 20
1144.020332441
 10
-102.178464314
 20
1139.569510420
 10
-104.522906049
 20
1135.153275810
 10
-106.932961909
 20
1130.772503246
 10
-109.407976162
 20
1126.428099601
 10
-111.947367091
 20
1122.121008684
 10
-114.550624044
 20
1117.852216078
 10
-117.217304795
 20
1113.622754144
 10
-119.947033166
 20
1109.433707282
 10
-122.739496905
 20
1105.286217477
 10
-125.594445764
 20
1101.181490218
 10
-128.511689770
 20
1097.120800829
 10
-131.491097640
 20
1093.105501318
 10
-134.532595323
 20
1089.137027785
 10
-137.636164621
 20
1085.216908508
 10
-140.801841852
 20
1081.346772784
 10
-144.029716522
 20
1077.528360645
 10
-147.319929921
 20
1073.763533557
 10
-150.672673618
 20
1070.054286259
 10
-154.088187746
 20
1066.402759871
 10
-157.566758993
 20
1062.811256474
 10
-161.108718193
 20
1059.282255332
 10
-164.714437356
 20
1055.818430999
 10
-168.384325969
 20
1052.422673559
 10
-172.118826345
 20
1049.098111271
 10
-175.918407738
 20
1045.848135952
 10
-179.783558872
 20
1042.676431440
 10
-183.714778460
 20
1039.587005522
 10
-187.712563134
 20
1036.584225755
 10
-191.777392117
 20
1033.672859607
 10
-195.909707752
 20
1030.858119386
 10
-200.109890778
 20
1028.145712371
 10
-204.378228993
 20
1025.541896537
 10
-208.714877569
 20
1023.053542114
 10
-213.119808878
 20
1020.688199001
 10
-217.592749197
 20
1018.454169691
 10
-222.133099089
 20
1016.360586729
 10
-226.739833603
 20
1014.417492836
 10
-231.411377872
 20
1012.635920435
 10
-236.145453094
 20
1011.027965317
 10
-240.938887731
 20
1009.606846433
 10
-245.787389156
 20
1008.386939966
 10
-250.685272555
 20
1007.383770988
 10
-255.625147387
 20
1006.613940119
 10
-260.597568114
 20
1006.094956200
 10
-265.590666248
 20
1005.844940488
 10
-270.589795915
 20
1005.882165595
 10
-275.577244677
 20
1006.224397418
 10
-280.532082578
 20
1006.888025557
 10
-285.430238825
 20
1007.887001811
 10
-290.244896548
 20
1009.231658095
 10
-294.947269314
 20
1010.927536734
 10
-299.507761044
 20
1012.974418473
 10
-303.124437119
 20
1014.912297165
  0
LWPOLYLINE
  5
154C
330
A02
100
AcDbEntity
100
AcDbPolyline
  8
IsoView
 90
94
 70
0
 43
0
 10
-341.367678122
 20
1067.469890773
 10
-343.113360060
 20
1072.154676525
 10
-344.626965141
 20
1076.919580257
 10
-345.920372001
 20
1081.748969117
 10
-347.005270772
 20
1086.629481196
 10
-347.892927850
 20
1091.549735238
 10
-348.594041498
 20
1096.500052637
 10
-349.118663472
 20
1101.472203888
 10
-349.476166838
 20
1106.459184467
 10
-349.675244908
 20
1111.455020818
 10
-349.723930234
 20
1116.454604701
 10
-349.629625784
 20
1121.453553071
 10
-349.399142813
 20
1126.448090227
 10
-349.038741739
 20
1131.434949049
 10
-348.554173558
 20
1136.411288360
 10
-347.950720262
 20
1141.374623795
 10
-347.233233316
 20
1146.322769929
 10
-346.406169681
 20
1151.253791755
 10
-345.473625136
 20
1156.165963889
 10
-344.439364854
 20
1161.057736192
 10
-343.306851276
 20
1165.927704683
 10
-342.079269420
 20
1170.774586831
 10
-340.759549783
 20
1175.597200480
 10
-339.350389017
 20
1180.394445765
 10
-337.854268568
 20
1185.165289512
 10
-336.273471462
 20
1189.908751697
 10
-334.610097401
 20
1194.623893590
 10
-332.866076342
 20
1199.309807309
 10
-331.043180699
 20
1203.965606512
 10
-329.143036308
 20
1208.590418030
 10
-327.167132278
 20
1213.183374259
 10
-325.116829831
 20
1217.743606150
 10
-322.993370242
 20
1222.270236673
 10
-320.797881963
 20
1226.762374633
 10
-318.531387005
 20
1231.219108738
 10
-316.194806656
 20
1235.639501817
 10
-313.788966606
 20
1240.022585118
 10
-311.314601518
 20
1244.367352581
 10
-308.772359123
 20
1248.672755038
 10
-306.162803866
 20
1252.937694236
 10
-303.486420157
 20
1257.161016625
 10
-300.743615280
 20
1261.341506828
 10
-297.934721978
 20
1265.477880711
 10
-295.060000773
 20
1269.568777963
 10
-292.119642065
 20
1273.612754108
 10
-289.113768025
 20
1277.608271822
 10
-286.042434370
 20
1281.553691473
 10
-282.905632031
 20
1285.447260738
 10
-279.703288800
 20
1289.287103163
 10
-276.435271016
 20
1293.071205513
 10
-273.101385360
 20
1296.797403731
 10
-269.701380882
 20
1300.463367303
 10
-266.234951359
 20
1304.066581800
 10
-262.701738144
 20
1307.604329332
 10
-259.101333691
 20
1311.073666623
 10
-255.433286000
 20
1314.471400362
 10
-251.697104266
 20
1317.794059447
 10
-247.892266114
 20
1321.037863693
 10
-244.018226907
 20
1324.198688520
 10
-240.074431724
 20
1327.272025091
 10
-236.060330782
 20
1330.252935316
 10
-231.975399307
 20
1333.136001119
 10
-227.819163089
 20
1335.915267353
 10
-223.591231339
 20
1338.584177770
 10
-219.291338875
 20
1341.135503592
 10
-214.919400193
 20
1343.561264415
 10
-210.475578643
 20
1345.852641628
 10
-205.960374690
 20
1347.999885169
 10
-201.374738106
 20
1349.992215550
 10
-196.720209862
 20
1351.817724764
 10
-191.999100324
 20
1353.463282173
 10
-187.214710837
 20
1354.914455122
 10
-182.371605477
 20
1356.155459054
 10
-177.475937924
 20
1357.169158598
 10
-172.535833883
 20
1357.937149404
 10
-167.561820786
 20
1358.439959635
 10
-162.567281925
 20
1358.657418160
 10
-157.568890344
 20
1358.569239659
 10
-152.586949491
 20
1358.155868851
 10
-147.645537314
 20
1357.399598835
 10
-142.772329433
 20
1356.285925223
 10
-137.997982801
 20
1354.805019068
 10
-133.355012839
 20
1352.953113498
 10
-128.876201448
 20
1350.733536548
 10
-124.592710207
 20
1348.157129367
 10
-120.532191347
 20
1345.241890518
 10
-116.717227950
 20
1342.011863571
 10
-113.164364096
 20
1338.495469615
 10
-109.883831312
 20
1334.723601193
 10
-106.879908160
 20
1330.727799328
 10
-104.151731467
 20
1326.538748752
 10
-101.694338836
 20
1322.185201815
 10
-99.499749662
 20
1317.693331284
 10
-97.911538214
 20
1313.978535511
  0
LWPOLYLINE
  5
154D
330
A02
100
AcDbEntity
100
AcDbPolyline
  8
IsoView
 90
94
 70
0
 43
0
 10
-97.911538214
 20
1313.978535511
 10
-96.165856276
 20
1309.293749759
 10
-94.652251195
 20
1304.528846027
 10
-93.358844335
 20
1299.699457167
 10
-92.273945564
 20
1294.818945088
 10
-91.386288486
 20
1289.898691046
 10
-90.685174837
 20
1284.948373647
 10
-90.160552863
 20
1279.976222396
 10
-89.803049497
 20
1274.989241817
 10
-89.603971427
 20
1269.993405467
 10
-89.555286101
 20
1264.993821583
 10
-89.649590552
 20
1259.994873213
 10
-89.880073523
 20
1255.000336057
 10
-90.240474597
 20
1250.013477235
 10
-90.725042777
 20
1245.037137924
 10
-91.328496073
 20
1240.073802489
 10
-92.045983019
 20
1235.125656355
 10
-92.873046655
 20
1230.194634529
 10
-93.805591200
 20
1225.282462395
 10
-94.839851482
 20
1220.390690092
 10
-95.972365060
 20
1215.520721601
 10
-97.199946915
 20
1210.673839453
 10
-98.519666552
 20
1205.851225804
 10
-99.928827319
 20
1201.053980519
 10
-101.424947768
 20
1196.283136772
 10
-103.005744874
 20
1191.539674587
 10
-104.669118935
 20
1186.824532694
 10
-106.413139994
 20
1182.138618975
 10
-108.236035637
 20
1177.482819772
 10
-110.136180027
 20
1172.858008254
 10
-112.112084058
 20
1168.265052025
 10
-114.162386505
 20
1163.704820134
 10
-116.285846093
 20
1159.178189611
 10
-118.481334372
 20
1154.686051651
 10
-120.747829331
 20
1150.229317546
 10
-123.084409679
 20
1145.808924467
 10
-125.490249730
 20
1141.425841166
 10
-127.964614818
 20
1137.081073703
 10
-130.506857212
 20
1132.775671246
 10
-133.116412470
 20
1128.510732048
 10
-135.792796178
 20
1124.287409659
 10
-138.535601055
 20
1120.106919456
 10
-141.344494358
 20
1115.970545573
 10
-144.219215562
 20
1111.879648321
 10
-147.159574271
 20
1107.835672176
 10
-150.165448310
 20
1103.840154462
 10
-153.236781965
 20
1099.894734811
 10
-156.373584305
 20
1096.001165546
 10
-159.575927535
 20
1092.161323121
 10
-162.843945320
 20
1088.377220772
 10
-166.177830976
 20
1084.651022553
 10
-169.577835453
 20
1080.985058981
 10
-173.044264976
 20
1077.381844484
 10
-176.577478192
 20
1073.844096952
 10
-180.177882645
 20
1070.374759661
 10
-183.845930335
 20
1066.977025922
 10
-187.582112070
 20
1063.654366837
 10
-191.386950222
 20
1060.410562591
 10
-195.260989428
 20
1057.249737764
 10
-199.204784612
 20
1054.176401193
 10
-203.218885553
 20
1051.195490969
 10
-207.303817029
 20
1048.312425165
 10
-211.460053247
 20
1045.533158931
 10
-215.687984997
 20
1042.864248514
 10
-219.987877461
 20
1040.312922692
 10
-224.359816143
 20
1037.887161869
 10
-228.803637693
 20
1035.595784656
 10
-233.318841646
 20
1033.448541115
 10
-237.904478230
 20
1031.456210734
 10
-242.559006474
 20
1029.630701520
 10
-247.280116011
 20
1027.985144111
 10
-252.064505499
 20
1026.533971162
 10
-256.907610859
 20
1025.292967231
 10
-261.803278411
 20
1024.279267686
 10
-266.743382453
 20
1023.511276880
 10
-271.717395549
 20
1023.008466649
 10
-276.711934410
 20
1022.791008124
 10
-281.710325991
 20
1022.879186625
 10
-286.692266844
 20
1023.292557433
 10
-291.633679022
 20
1024.048827449
 10
-296.506886903
 20
1025.162501061
 10
-301.281233535
 20
1026.643407216
 10
-305.924203496
 20
1028.495312786
 10
-310.403014888
 20
1030.714889736
 10
-314.686506129
 20
1033.291296917
 10
-318.747024989
 20
1036.206535766
 10
-322.561988385
 20
1039.436562714
 10
-326.114852239
 20
1042.952956669
 10
-329.395385024
 20
1046.724825091
 10
-332.399308175
 20
1050.720626956
 10
-335.127484868
 20
1054.909677532
 10
-337.584877500
 20
1059.263224469
 10
-339.779466674
 20
1063.755095000
 10
-341.367678122
 20
1067.469890773
  0
LWPOLYLINE
  5
154E
330
A02
100
AcDbEntity
100
AcDbPolyline
  8
IsoView
 90
86
 70
0
 43
0
 10
-338.674330919
 20
1082.247276253
 10
-340.409152063
 20
1086.935988410
 10
-341.891703340
 20
1091.710561516
 10
-343.136134889
 20
1096.552735030
 10
-344.156289001
 20
1101.447136971
 10
-344.965397050
 20
1106.380873794
 10
-345.575906540
 20
1111.343145280
 10
-345.999398851
 20
1116.324900866
 10
-346.246567451
 20
1121.318542567
 10
-346.327234544
 20
1126.317673384
 10
-346.250390696
 20
1131.316887008
 10
-346.024246953
 20
1136.311593491
 10
-345.656292540
 20
1141.297875405
 10
-345.153353718
 20
1146.272369429
 10
-344.521651109
 20
1151.232168908
 10
-343.766853916
 20
1156.174743592
 10
-342.894130253
 20
1161.097873384
 10
-341.908193239
 20
1165.999593497
 10
-340.813342848
 20
1170.878148879
 10
-339.613503642
 20
1175.731956174
 10
-338.312258673
 20
1180.559571809
 10
-336.912879812
 20
1185.359665063
 10
-335.418354851
 20
1190.130995180
 10
-333.831411671
 20
1194.872391781
 10
-332.154539779
 20
1199.582737948
 10
-330.390009480
 20
1204.260955464
 10
-328.539888944
 20
1208.905991813
 10
-326.606059389
 20
1213.516808556
 10
-324.590228582
 20
1218.092370823
 10
-322.493942842
 20
1222.631637655
 10
-320.318597703
 20
1227.133552981
 10
-318.065447378
 20
1231.597037053
 10
-315.735613165
 20
1236.020978176
 10
-313.330090882
 20
1240.404224563
 10
-310.849757458
 20
1244.745576209
 10
-308.295376756
 20
1249.043776614
 10
-305.667604717
 20
1253.297504264
 10
-302.966993893
 20
1257.505363710
 10
-300.193997459
 20
1261.665876127
 10
-297.348972749
 20
1265.777469212
 10
-294.432184409
 20
1269.838466267
 10
-291.443807215
 20
1273.847074305
 10
-288.383928658
 20
1277.801371003
 10
-285.252551349
 20
1281.699290283
 10
-282.049595371
 20
1285.538606307
 10
-278.774900662
 20
1289.316915627
 10
-275.428229596
 20
1293.031617164
 10
-272.009269896
 20
1296.679889708
 10
-268.517638123
 20
1300.258666515
 10
-264.952883989
 20
1303.764606560
 10
-261.314495831
 20
1307.194061911
 10
-257.601907707
 20
1310.543040629
 10
-253.814508649
 20
1313.807164505
 10
-249.951654836
 20
1316.981620838
 10
-246.012685613
 20
1320.061107405
 10
-241.996944629
 20
1323.039769635
 10
-237.903807671
 20
1325.911128986
 10
-233.732719345
 20
1328.668001461
 10
-229.483241312
 20
1331.302405297
 10
-225.155115643
 20
1333.805457069
 10
-220.748347865
 20
1336.167255919
 10
-216.263315541
 20
1338.376756497
 10
-211.700909681
 20
1340.421632720
 10
-207.062718011
 20
1342.288136901
 10
-202.351260681
 20
1343.960962725
 10
-197.570290247
 20
1345.423126423
 10
-192.725167599
 20
1346.655889109
 10
-187.823322690
 20
1347.638755011
 10
-182.874800994
 20
1348.349595390
 10
-177.892880373
 20
1348.764964677
 10
-172.894714775
 20
1348.860689497
 10
-167.901918536
 20
1348.612813653
 10
-162.940950982
 20
1347.998958327
 10
-158.043109572
 20
1347.000089259
 10
-153.243921080
 20
1345.602561801
 10
-148.581775393
 20
1343.800156615
 10
-144.095804619
 20
1341.595681715
 10
-139.823249612
 20
1339.001691253
 10
-135.796782353
 20
1336.040026794
 10
-132.042336800
 20
1332.740197805
 10
-128.577871942
 20
1329.136950087
 10
-125.413204633
 20
1325.267561259
 10
-122.550753068
 20
1321.169377956
 10
-119.986854149
 20
1316.877924942
 10
-117.713294786
 20
1312.425691420
 10
-115.763519063
 20
1307.952991248
  0
LWPOLYLINE
  5
154F
330
A02
100
AcDbEntity
100
AcDbPolyline
  8
IsoView
 90
86
 70
0
 43
0
 10
-115.763519063
 20
1307.952991248
 10
-114.028697918
 20
1303.264279090
 10
-112.546146642
 20
1298.489705984
 10
-111.301715092
 20
1293.647532470
 10
-110.281560980
 20
1288.753130530
 10
-109.472452931
 20
1283.819393707
 10
-108.861943441
 20
1278.857122220
 10
-108.438451131
 20
1273.875366634
 10
-108.191282531
 20
1268.881724933
 10
-108.110615437
 20
1263.882594117
 10
-108.187459286
 20
1258.883380492
 10
-108.413603029
 20
1253.888674009
 10
-108.781557442
 20
1248.902392095
 10
-109.284496263
 20
1243.927898072
 10
-109.916198873
 20
1238.968098592
 10
-110.670996066
 20
1234.025523908
 10
-111.543719729
 20
1229.102394116
 10
-112.529656742
 20
1224.200674003
 10
-113.624507134
 20
1219.322118621
 10
-114.824346339
 20
1214.468311326
 10
-116.125591309
 20
1209.640695691
 10
-117.524970170
 20
1204.840602437
 10
-119.019495131
 20
1200.069272320
 10
-120.606438310
 20
1195.327875719
 10
-122.283310203
 20
1190.617529553
 10
-124.047840502
 20
1185.939312036
 10
-125.897961038
 20
1181.294275687
 10
-127.831790593
 20
1176.683458945
 10
-129.847621399
 20
1172.107896677
 10
-131.943907139
 20
1167.568629845
 10
-134.119252279
 20
1163.066714519
 10
-136.372402603
 20
1158.603230447
 10
-138.702236817
 20
1154.179289324
 10
-141.107759100
 20
1149.796042937
 10
-143.588092524
 20
1145.454691292
 10
-146.142473225
 20
1141.156490886
 10
-148.770245265
 20
1136.902763236
 10
-151.470856088
 20
1132.694903790
 10
-154.243852523
 20
1128.534391373
 10
-157.088877232
 20
1124.422798288
 10
-160.005665573
 20
1120.361801234
 10
-162.994042766
 20
1116.353193195
 10
-166.053921324
 20
1112.398896497
 10
-169.185298632
 20
1108.500977218
 10
-172.388254611
 20
1104.661661193
 10
-175.662949319
 20
1100.883351873
 10
-179.009620386
 20
1097.168650336
 10
-182.428580086
 20
1093.520377792
 10
-185.920211858
 20
1089.941600985
 10
-189.484965993
 20
1086.435660940
 10
-193.123354150
 20
1083.006205589
 10
-196.835942275
 20
1079.657226871
 10
-200.623341332
 20
1076.393102995
 10
-204.486195146
 20
1073.218646662
 10
-208.425164368
 20
1070.139160095
 10
-212.440905353
 20
1067.160497866
 10
-216.534042311
 20
1064.289138515
 10
-220.705130636
 20
1061.532266039
 10
-224.954608669
 20
1058.897862203
 10
-229.282734339
 20
1056.394810431
 10
-233.689502116
 20
1054.033011581
 10
-238.174534441
 20
1051.823511003
 10
-242.736940301
 20
1049.778634780
 10
-247.375131971
 20
1047.912130599
 10
-252.086589301
 20
1046.239304775
 10
-256.867559735
 20
1044.777141077
 10
-261.712682383
 20
1043.544378391
 10
-266.614527292
 20
1042.561512489
 10
-271.563048988
 20
1041.850672110
 10
-276.544969609
 20
1041.435302823
 10
-281.543135207
 20
1041.339578003
 10
-286.535931445
 20
1041.587453847
 10
-291.496899000
 20
1042.201309173
 10
-296.394740410
 20
1043.200178241
 10
-301.193928901
 20
1044.597705699
 10
-305.856074589
 20
1046.400110885
 10
-310.342045363
 20
1048.604585786
 10
-314.614600370
 20
1051.198576247
 10
-318.641067628
 20
1054.160240706
 10
-322.395513182
 20
1057.460069695
 10
-325.859978040
 20
1061.063317413
 10
-329.024645349
 20
1064.932706241
 10
-331.887096914
 20
1069.030889545
 10
-334.450995832
 20
1073.322342558
 10
-336.724555196
 20
1077.774576081
 10
-338.674330919
 20
1082.247276253
  0
LWPOLYLINE
  5
1550
330
A02
100
AcDbEntity
100
AcDbPolyline
  8
IsoView
 90
78
 70
0
 43
0
 10
-331.152740735
 20
1095.835384048
 10
-332.873125449
 20
1100.529257938
 10
-334.314616405
 20
1105.316268562
 10
-335.494683447
 20
1110.174436964
 10
-336.430268659
 20
1115.085634189
 10
-337.137381543
 20
1120.034961863
 10
-337.630892479
 20
1125.010186107
 10
-337.924456613
 20
1130.001246974
 10
-338.030518887
 20
1134.999846728
 10
-337.960366282
 20
1139.999111018
 10
-337.724204958
 20
1144.993313320
 10
-337.331248113
 20
1149.977652311
 10
-336.789805922
 20
1154.948072541
 10
-336.107372539
 20
1159.901120044
 10
-335.290707455
 20
1164.833825924
 10
-334.345909995
 20
1169.743612218
 10
-333.278486549
 20
1174.628215465
 10
-332.093410692
 20
1179.485624339
 10
-330.795176597
 20
1184.314028445
 10
-329.387846292
 20
1189.111775989
 10
-327.875091344
 20
1193.877338490
 10
-326.260229564
 20
1198.609281086
 10
-324.546257284
 20
1203.306237283
 10
-322.735877724
 20
1207.966887203
 10
-320.831525903
 20
1212.589938586
 10
-318.835390509
 20
1217.174109921
 10
-316.749433081
 20
1221.718115209
 10
-314.575404840
 20
1226.220649914
 10
-312.314861426
 20
1230.680377760
 10
-309.969175805
 20
1235.095918024
 10
-307.539549542
 20
1239.465833075
 10
-305.027022652
 20
1243.788615873
 10
-302.432482177
 20
1248.062677180
 10
-299.756669658
 20
1252.286332253
 10
-297.000187631
 20
1256.457786762
 10
-294.163505293
 20
1260.575121662
 10
-291.246963459
 20
1264.636276767
 10
-288.250778942
 20
1268.639032697
 10
-285.175048517
 20
1272.580990872
 10
-282.019752599
 20
1276.459551163
 10
-278.784758851
 20
1280.271886754
 10
-275.469825918
 20
1284.014915706
 10
-272.074607594
 20
1287.685268631
 10
-268.598657748
 20
1291.279251772
 10
-265.041436492
 20
1294.792804682
 10
-261.402318167
 20
1298.221451545
 10
-257.680601962
 20
1301.560245028
 10
-253.875526192
 20
1304.803701375
 10
-249.986287652
 20
1307.945725261
 10
-246.012067924
 20
1310.979522723
 10
-241.952069140
 20
1313.897500314
 10
-237.805562601
 20
1316.691148527
 10
-233.571954767
 20
1319.350907540
 10
-229.250876692
 20
1321.866013666
 10
-224.842304939
 20
1324.224325647
 10
-220.346724558
 20
1326.412131579
 10
-215.765347776
 20
1328.413940231
 10
-211.100405507
 20
1330.212265761
 10
-206.355532149
 20
1331.787423412
 10
-201.536266110
 20
1333.117367321
 10
-196.650686624
 20
1334.177621757
 10
-191.710197236
 20
1334.941384883
 10
-186.730440630
 20
1335.379918036
 10
-181.732279223
 20
1335.463365735
 10
-176.742693554
 20
1335.162162973
 10
-171.795340508
 20
1334.449142493
 10
-166.930409248
 20
1333.302312658
 10
-162.193390969
 20
1331.708014633
 10
-157.632540835
 20
1329.663841280
 10
-153.295203460
 20
1327.180480266
 10
-149.223678369
 20
1324.281751968
 10
-145.451628151
 20
1321.002626620
 10
-142.001917784
 20
1317.385702372
 10
-138.886246496
 20
1313.477103117
 10
-136.106316883
 20
1309.322763633
 10
-133.655914723
 20
1304.965702933
 10
-131.523245015
 20
1300.444432071
 10
-130.797850403
 20
1298.702366581
  0
LWPOLYLINE
  5
1551
330
A02
100
AcDbEntity
100
AcDbPolyline
  8
IsoView
 90
78
 70
0
 43
0
 10
-130.797850403
 20
1298.702366581
 10
-129.077465689
 20
1294.008492692
 10
-127.635974733
 20
1289.221482067
 10
-126.455907691
 20
1284.363313665
 10
-125.520322480
 20
1279.452116440
 10
-124.813209595
 20
1274.502788766
 10
-124.319698659
 20
1269.527564522
 10
-124.026134525
 20
1264.536503655
 10
-123.920072251
 20
1259.537903901
 10
-123.990224856
 20
1254.538639611
 10
-124.226386180
 20
1249.544437310
 10
-124.619343026
 20
1244.560098318
 10
-125.160785216
 20
1239.589678088
 10
-125.843218599
 20
1234.636630585
 10
-126.659883683
 20
1229.703924705
 10
-127.604681143
 20
1224.794138411
 10
-128.672104589
 20
1219.909535164
 10
-129.857180446
 20
1215.052126290
 10
-131.155414541
 20
1210.223722184
 10
-132.562744846
 20
1205.425974640
 10
-134.075499794
 20
1200.660412139
 10
-135.690361574
 20
1195.928469544
 10
-137.404333855
 20
1191.231513346
 10
-139.214713414
 20
1186.570863426
 10
-141.119065235
 20
1181.947812043
 10
-143.115200629
 20
1177.363640708
 10
-145.201158057
 20
1172.819635420
 10
-147.375186298
 20
1168.317100715
 10
-149.635729712
 20
1163.857372869
 10
-151.981415333
 20
1159.441832605
 10
-154.411041596
 20
1155.071917554
 10
-156.923568486
 20
1150.749134756
 10
-159.518108961
 20
1146.475073450
 10
-162.193921480
 20
1142.251418376
 10
-164.950403507
 20
1138.079963867
 10
-167.787085845
 20
1133.962628967
 10
-170.703627679
 20
1129.901473862
 10
-173.699812196
 20
1125.898717932
 10
-176.775542621
 20
1121.956759757
 10
-179.930838539
 20
1118.078199466
 10
-183.165832287
 20
1114.265863875
 10
-186.480765220
 20
1110.522834923
 10
-189.875983544
 20
1106.852481998
 10
-193.351933390
 20
1103.258498857
 10
-196.909154647
 20
1099.744945947
 10
-200.548272971
 20
1096.316299084
 10
-204.269989176
 20
1092.977505602
 10
-208.075064946
 20
1089.734049254
 10
-211.964303486
 20
1086.592025368
 10
-215.938523214
 20
1083.558227906
 10
-219.998521998
 20
1080.640250315
 10
-224.145028537
 20
1077.846602103
 10
-228.378636371
 20
1075.186843090
 10
-232.699714447
 20
1072.671736963
 10
-237.108286200
 20
1070.313424982
 10
-241.603866580
 20
1068.125619050
 10
-246.185243362
 20
1066.123810399
 10
-250.850185631
 20
1064.325484868
 10
-255.595058989
 20
1062.750327217
 10
-260.414325028
 20
1061.420383309
 10
-265.299904514
 20
1060.360128873
 10
-270.240393902
 20
1059.596365747
 10
-275.220150508
 20
1059.157832593
 10
-280.218311915
 20
1059.074384894
 10
-285.207897584
 20
1059.375587656
 10
-290.155250630
 20
1060.088608136
 10
-295.020181890
 20
1061.235437971
 10
-299.757200169
 20
1062.829735996
 10
-304.318050304
 20
1064.873909350
 10
-308.655387678
 20
1067.357270364
 10
-312.726912770
 20
1070.255998661
 10
-316.498962987
 20
1073.535124009
 10
-319.948673354
 20
1077.152048257
 10
-323.064344642
 20
1081.060647513
 10
-325.844274255
 20
1085.214986996
 10
-328.294676415
 20
1089.572047697
 10
-330.427346123
 20
1094.093318558
 10
-331.152740735
 20
1095.835384048
  0
LWPOLYLINE
  5
1552
330
A02
100
AcDbEntity
100
AcDbPolyline
  8
IsoView
 90
43
 70
0
 43
0
 10
-301.442438036
 20
1226.576254226
 10
-299.083826402
 20
1230.984875324
 10
-296.628821179
 20
1235.340554819
 10
-294.078739398
 20
1239.641261416
 10
-291.434668816
 20
1243.884830561
 10
-288.697480275
 20
1248.068940409
 10
-285.867838221
 20
1252.191085962
 10
-282.946209727
 20
1256.248550714
 10
-279.932872304
 20
1260.238375121
 10
-276.827920838
 20
1264.157321108
 10
-273.631274042
 20
1268.001831696
 10
-270.342680860
 20
1271.767984683
 10
-266.961727400
 20
1275.451439114
 10
-263.487845141
 20
1279.047373031
 10
-259.920321390
 20
1282.550410686
 10
-256.258313341
 20
1285.954537060
 10
-252.500867580
 20
1289.252997089
 10
-248.646947605
 20
1292.438176533
 10
-244.695472922
 20
1295.501460896
 10
-240.645374748
 20
1298.433068295
 10
-236.495675337
 20
1301.221851812
 10
-232.245600806
 20
1303.855066779
 10
-227.894741235
 20
1306.318099186
 10
-223.443277142
 20
1308.594153488
 10
-218.892298408
 20
1310.663903013
 10
-214.244250254
 20
1312.505115766
 10
-209.503550103
 20
1314.092286213
 10
-204.677426130
 20
1315.396334235
 10
-199.777025979
 20
1316.384481668
 10
-194.818818531
 20
1317.020488686
 10
-189.826238591
 20
1317.265521378
 10
-184.831373106
 20
1317.079997197
 10
-179.876240920
 20
1316.426737569
 10
-175.012927392
 20
1315.275514574
 10
-170.301693217
 20
1313.608495832
 10
-165.806506294
 20
1311.425266916
 10
-161.588434382
 20
1308.745549472
 10
-157.698596939
 20
1305.608137556
 10
-154.172948765
 20
1302.066069991
 10
-151.030415891
 20
1298.179710118
 10
-148.274338920
 20
1294.010012330
 10
-145.895968489
 20
1289.613585951
 10
-143.997314473
 20
1285.337404825
  0
LWPOLYLINE
  5
1553
330
A02
100
AcDbEntity
100
AcDbPolyline
  8
IsoView
 90
68
 70
0
 43
0
 10
-143.997314472
 20
1285.337404826
 10
-142.298468539
 20
1280.635950596
 10
-140.917774614
 20
1275.831244005
 10
-139.832185697
 20
1270.951238974
 10
-139.019667014
 20
1266.018297353
 10
-138.459769352
 20
1261.050246235
 10
-138.133864787
 20
1256.061304601
 10
-138.025180067
 20
1251.062851721
 10
-138.118718073
 20
1246.064044656
 10
-138.401124164
 20
1241.072305801
 10
-138.860531284
 20
1236.093704295
 10
-139.486402995
 20
1231.133253299
 10
-140.269384594
 20
1226.195141736
 10
-141.201167034
 20
1221.282915400
 10
-142.274365355
 20
1216.399619189
 10
-143.482411573
 20
1211.547909498
 10
-144.819461178
 20
1206.730143746
 10
-146.280311951
 20
1201.948452361
 10
-147.860333747
 20
1197.204797304
 10
-149.555407883
 20
1192.501020272
 10
-151.361874890
 20
1187.838883039
 10
-153.276489517
 20
1183.220101797
 10
-155.296381999
 20
1178.646377037
 10
-157.419024743
 20
1174.119420146
 10
-159.642203696
 20
1169.640977723
 10
-161.963993771
 20
1165.212854420
 10
-164.382737774
 20
1160.836935031
 10
-166.897028382
 20
1156.515206463
 10
-169.505692752
 20
1152.249780166
 10
-172.207779394
 20
1148.042915615
 10
-175.002546998
 20
1143.897045405
 10
-177.889454874
 20
1139.814802592
 10
-180.868154729
 20
1135.799050932
 10
-183.938483435
 20
1131.852918777
 10
-187.100456444
 20
1127.979837488
 10
-190.354261428
 20
1124.183585372
 10
-193.700251614
 20
1120.468338318
 10
-197.138938170
 20
1116.838728560
 10
-200.670980728
 20
1113.299913249
 10
-204.297174874
 20
1109.857654854
 10
-208.018434955
 20
1106.518415824
 10
-211.835769953
 20
1103.289470386
 10
-215.750249256
 20
1100.179036878
 10
-219.762953942
 20
1097.196434521
 10
-223.874907358
 20
1094.352268997
 10
-228.086976342
 20
1091.658651397
 10
-232.399730911
 20
1089.129454767
 10
-236.813245518
 20
1086.780610983
 10
-241.326818647
 20
1084.630447063
 10
-245.938579507
 20
1082.700052474
 10
-250.644941455
 20
1081.013654803
 10
-255.439853368
 20
1079.598956030
 10
-260.313797846
 20
1078.487340148
 10
-265.252499617
 20
1077.713799671
 10
-270.235359213
 20
1077.316344209
 10
-275.233745088
 20
1077.334567583
 10
-280.209488662
 20
1077.807019184
 10
-285.114214410
 20
1078.767165220
 10
-289.890368723
 20
1080.238174071
 10
-294.474698751
 20
1082.227528935
 10
-298.804186653
 20
1084.723216008
 10
-302.823194065
 20
1087.693262787
 10
-306.489618839
 20
1091.089263074
 10
-309.778109534
 20
1094.852773253
 10
-312.679770311
 20
1098.922363268
 10
-315.199257032
 20
1103.239346710
 10
-317.350780085
 20
1107.751306304
 10
-317.953276666
 20
1109.200345803
  0
LWPOLYLINE
  5
1554
330
A02
100
AcDbEntity
100
AcDbPolyline
  8
IsoView
 90
26
 70
0
 43
0
 10
-317.953276666
 20
1109.200345803
 10
-319.652122599
 20
1113.901800033
 10
-321.032816524
 20
1118.706506624
 10
-322.118405441
 20
1123.586511655
 10
-322.930924124
 20
1128.519453276
 10
-323.490821786
 20
1133.487504393
 10
-323.816726351
 20
1138.476446027
 10
-323.925411070
 20
1143.474898908
 10
-323.831873065
 20
1148.473705973
 10
-323.549466974
 20
1153.465444827
 10
-323.090059854
 20
1158.444046334
 10
-322.464188143
 20
1163.404497330
 10
-321.681206544
 20
1168.342608893
 10
-320.749424103
 20
1173.254835228
 10
-319.676225783
 20
1178.138131439
 10
-318.468179564
 20
1182.989841131
 10
-317.131129960
 20
1187.807606883
 10
-315.670279186
 20
1192.589298267
 10
-314.090257390
 20
1197.332953325
 10
-312.395183254
 20
1202.036730356
 10
-310.588716247
 20
1206.698867590
 10
-308.674101620
 20
1211.317648832
 10
-306.654209138
 20
1215.891373592
 10
-304.531566395
 20
1220.418330482
 10
-302.308387441
 20
1224.896772905
 10
-301.442438036
 20
1226.576254226
  0
LWPOLYLINE
  5
1555
330
A02
100
AcDbEntity
100
AcDbPolyline
  8
IsoView
 90
64
 70
0
 43
0
 10
-310.116951408
 20
1113.468719686
 10
-311.804750267
 20
1118.174006063
 10
-313.154478561
 20
1122.987398454
 10
-314.192326772
 20
1127.877702776
 10
-314.943140069
 20
1132.820355936
 10
-315.429755663
 20
1137.796076838
 10
-315.672767641
 20
1142.789709758
 10
-315.690535226
 20
1147.789286625
 10
-315.499316695
 20
1152.785289757
 10
-315.113458508
 20
1157.770081571
 10
-314.545599840
 20
1162.737466806
 10
-313.806871493
 20
1167.682357106
 10
-312.907079090
 20
1172.600513575
 10
-311.854866661
 20
1177.488348254
 10
-310.657860022
 20
1182.342770024
 10
-309.322791004
 20
1187.161063959
 10
-307.855604358
 20
1191.940795868
 10
-306.261549329
 20
1196.679735830
 10
-304.545257925
 20
1201.375796014
 10
-302.710811700
 20
1206.026979211
 10
-300.761798685
 20
1210.631335337
 10
-298.701361884
 20
1215.186923768
 10
-296.532240559
 20
1219.691779794
 10
-294.256805330
 20
1224.143883848
 10
-291.877087977
 20
1228.541132320
 10
-289.394806697
 20
1232.881308994
 10
-286.811387464
 20
1237.162056185
 10
-284.127982046
 20
1241.380844719
 10
-281.345483203
 20
1245.534941914
 10
-278.464537505
 20
1249.621376651
 10
-275.485556258
 20
1253.636900572
 10
-272.408724987
 20
1257.577944301
 10
-269.234012018
 20
1261.440567437
 10
-265.961176771
 20
1265.220400794
 10
-262.589778565
 20
1268.912579145
 10
-259.119186959
 20
1272.511662286
 10
-255.548595029
 20
1276.011541834
 10
-251.877037519
 20
1279.405330590
 10
-248.103416589
 20
1282.685230656
 10
-244.226539016
 20
1285.842375711
 10
-240.245170363
 20
1288.866642059
 10
-236.158114027
 20
1291.746422256
 10
-231.964326506
 20
1294.468354623
 10
-227.663085181
 20
1297.017002135
 10
-223.254231793
 20
1299.374475969
 10
-218.738524307
 20
1301.520003922
 10
-214.118142066
 20
1303.429454904
 10
-209.397403498
 20
1305.074852460
 10
-204.583768541
 20
1306.423950170
 10
-199.689200006
 20
1307.440009688
 10
-194.731928276
 20
1308.082026712
 10
-189.738563404
 20
1308.305786506
 10
-184.746274308
 20
1308.066252013
 10
-179.804374276
 20
1307.321762024
 10
-174.974206667
 20
1306.040115223
 10
-170.326068024
 20
1304.205654529
 10
-165.932595688
 20
1301.825198613
 10
-161.859761470
 20
1298.930083882
 10
-158.158385265
 20
1295.572761751
 10
-154.859252624
 20
1291.818996939
 10
-151.973055315
 20
1287.738731811
 10
-149.494038974
 20
1283.398598029
 10
-147.405172117
 20
1278.857440918
 10
-147.221737791
 20
1278.406348117
  0
LWPOLYLINE
  5
1556
330
A02
100
AcDbEntity
100
AcDbPolyline
  8
IsoView
 90
10
 70
0
 43
0
 10
-147.221737791
 20
1278.406348117
 10
-145.533938932
 20
1273.701061741
 10
-144.184210638
 20
1268.887669349
 10
-143.146362427
 20
1263.997365027
 10
-142.395549130
 20
1259.054711867
 10
-141.908933536
 20
1254.078990965
 10
-141.665921557
 20
1249.085358046
 10
-141.648153973
 20
1244.085781178
 10
-141.839372504
 20
1239.089778046
 10
-141.986518678
 20
1236.887203052
  0
LWPOLYLINE
  5
1557
330
A02
100
AcDbEntity
100
AcDbPolyline
  8
IsoView
 90
23
 70
0
 43
0
 10
-220.791385399
 20
1100.393170007
 10
-224.975090566
 20
1097.655758565
 10
-229.266201115
 20
1095.090080874
 10
-233.664941443
 20
1092.713777427
 10
-238.170658576
 20
1090.547329317
 10
-242.781333732
 20
1088.614530561
 10
-247.492887535
 20
1086.942975863
 10
-252.298207671
 20
1085.564495729
 10
-257.185824028
 20
1084.515406040
 10
-262.138181880
 20
1083.836338258
 10
-267.129555173
 20
1083.571282048
 10
-272.123852465
 20
1083.765345301
 10
-277.072934752
 20
1084.460739698
 10
-281.916513879
 20
1085.690855483
 10
-286.584907057
 20
1087.473198205
 10
-291.005333072
 20
1089.803230279
 10
-295.110797097
 20
1092.651863434
 10
-298.848772029
 20
1095.968350078
 10
-302.186511443
 20
1099.687784100
 10
-305.111545789
 20
1103.740255440
 10
-307.628294370
 20
1108.058581061
 10
-309.752949345
 20
1112.583073830
 10
-310.116951408
 20
1113.468719686
  0
LWPOLYLINE
  5
1558
330
A02
100
AcDbEntity
100
AcDbPolyline
  8
IsoView
 90
4
 70
0
 43
0
 10
-147.365628095
 20
1264.480881076
 10
-149.440837210
 20
1269.027899381
 10
-151.953928477
 20
1273.347822006
 10
-154.368666145
 20
1276.684284272
  0
LWPOLYLINE
  5
1559
330
A02
100
AcDbEntity
100
AcDbPolyline
  8
IsoView
 90
11
 70
0
 43
0
 10
-261.450071248
 20
1091.218237249
 10
-256.474376654
 20
1090.753865154
 10
-251.477106816
 20
1090.828011490
 10
-246.509974972
 20
1091.384949171
 10
-241.609111987
 20
1092.368657587
 10
-236.798360661
 20
1093.727188534
 10
-232.092624485
 20
1095.414533982
 10
-227.500633933
 20
1097.390985091
 10
-223.027010165
 20
1099.622731138
 10
-218.673720868
 20
1102.081154700
 10
-216.803969180
 20
1103.223640072
  0
LWPOLYLINE
  5
155A
330
A02
100
AcDbEntity
100
AcDbPolyline
  8
IsoView
 90
8
 70
0
 43
0
 10
-142.444076635
 20
1232.018561803
 10
-142.385977243
 20
1237.017757076
 10
-142.574884867
 20
1242.013632554
 10
-143.033252124
 20
1246.991908437
 10
-143.786652410
 20
1251.933998346
 10
-144.863813711
 20
1256.815562896
 10
-146.296226923
 20
1261.604680271
 10
-147.365628095
 20
1264.480881076
  0
LWPOLYLINE
  5
155B
330
A02
100
AcDbEntity
100
AcDbPolyline
  8
IsoView
 90
2
 70
0
 43
0
 10
-72.310614216
 20
1115.055019004
 10
-72.107986012
 20
1114.656992365
  0
LWPOLYLINE
  5
155C
330
A02
100
AcDbEntity
100
AcDbPolyline
  8
IsoView
 90
2
 70
0
 43
0
 10
-51.152469818
 20
1126.866738746
 10
-51.151969359
 20
1127.315779738
  0
LWPOLYLINE
  5
155D
330
A02
100
AcDbEntity
100
AcDbPolyline
  8
IsoView
 90
2
 70
0
 43
0
 10
-51.151969359
 20
1127.315779738
 10
-51.767490936
 20
1128.136305275
  0
LWPOLYLINE
  5
155E
330
A02
100
AcDbEntity
100
AcDbPolyline
  8
IsoView
 90
2
 70
0
 43
0
 10
-47.228938330
 20
1127.511170521
 10
-47.972711468
 20
1127.044424692
  0
LWPOLYLINE
  5
155F
330
A02
100
AcDbEntity
100
AcDbPolyline
  8
IsoView
 90
2
 70
0
 43
0
 10
-47.256005253
 20
1128.361004676
 10
-47.242227506
 20
1128.353614243
  0
LWPOLYLINE
  5
1560
330
A02
100
AcDbEntity
100
AcDbPolyline
  8
IsoView
 90
2
 70
0
 43
0
 10
-47.242227506
 20
1128.353614243
 10
-47.228938330
 20
1127.511170521
  0
LWPOLYLINE
  5
1561
330
A02
100
AcDbEntity
100
AcDbPolyline
  8
IsoView
 90
2
 70
0
 43
0
 10
-72.830430518
 20
1113.343173394
 10
-72.830930977
 20
1112.894132402
  0
LWPOLYLINE
  5
1562
330
A02
100
AcDbEntity
100
AcDbPolyline
  8
IsoView
 90
2
 70
0
 43
0
 10
-72.830930977
 20
1112.894132402
 10
-72.991487292
 20
1112.908497196
  0
LWPOLYLINE
  5
1563
330
A02
100
AcDbEntity
100
AcDbPolyline
  8
IsoView
 90
2
 70
0
 43
0
 10
-73.076493117
 20
1113.804687125
 10
-72.830430518
 20
1113.343173394
  0
LWPOLYLINE
  5
1564
330
A02
100
AcDbEntity
100
AcDbPolyline
  8
IsoView
 90
2
 70
0
 43
0
 10
-52.035470638
 20
1125.567284569
 10
-51.874914323
 20
1125.552919775
  0
LWPOLYLINE
  5
1565
330
A02
100
AcDbEntity
100
AcDbPolyline
  8
IsoView
 90
2
 70
0
 43
0
 10
-51.874914323
 20
1125.552919775
 10
-51.874413864
 20
1126.001960767
  0
LWPOLYLINE
  5
1566
330
A02
100
AcDbEntity
100
AcDbPolyline
  8
IsoView
 90
2
 70
0
 43
0
 10
-51.874413864
 20
1126.001960767
 10
-52.489935442
 20
1126.822486305
  0
LWPOLYLINE
  5
1567
330
A02
100
AcDbEntity
100
AcDbPolyline
  8
IsoView
 90
2
 70
0
 43
0
 10
-47.951382835
 20
1126.197351550
 10
-48.700894264
 20
1125.733366734
  0
LWPOLYLINE
  5
1568
330
A02
100
AcDbEntity
100
AcDbPolyline
  8
IsoView
 90
2
 70
0
 43
0
 10
-47.978449759
 20
1127.047185705
 10
-47.964672011
 20
1127.039795272
  0
LWPOLYLINE
  5
1569
330
A02
100
AcDbEntity
100
AcDbPolyline
  8
IsoView
 90
2
 70
0
 43
0
 10
-47.964672011
 20
1127.039795272
 10
-47.951382835
 20
1126.197351550
  0
LWPOLYLINE
  5
156A
330
A02
100
AcDbEntity
100
AcDbPolyline
  8
IsoView
 90
2
 70
0
 43
0
 10
-48.700894264
 20
1125.733366734
 10
-48.714672011
 20
1125.740757167
  0
LWPOLYLINE
  5
156B
330
A02
100
AcDbEntity
100
AcDbPolyline
  8
IsoView
 90
2
 70
0
 43
0
 10
-48.714672011
 20
1125.740757167
 10
-48.725841304
 20
1125.747601880
  0
LWPOLYLINE
  5
156C
330
A02
100
AcDbEntity
100
AcDbPolyline
  8
IsoView
 90
2
 70
0
 43
0
 10
-71.546410873
 20
1116.302615459
 10
-71.385541507
 20
1115.970811336
  0
LWPOLYLINE
  5
156D
330
A02
100
AcDbEntity
100
AcDbPolyline
  8
IsoView
 90
2
 70
0
 43
0
 10
-50.430025312
 20
1128.180557716
 10
-50.429524853
 20
1128.629598709
  0
LWPOLYLINE
  5
156E
330
A02
100
AcDbEntity
100
AcDbPolyline
  8
IsoView
 90
2
 70
0
 43
0
 10
-50.429524853
 20
1128.629598709
 10
-51.045046431
 20
1129.450124246
  0
LWPOLYLINE
  5
156F
330
A02
100
AcDbEntity
100
AcDbPolyline
  8
IsoView
 90
2
 70
0
 43
0
 10
-51.045046431
 20
1129.450124246
 10
-51.205602746
 20
1129.464489040
  0
LWPOLYLINE
  5
1570
330
A02
100
AcDbEntity
100
AcDbPolyline
  8
IsoView
 90
2
 70
0
 43
0
 10
-51.205602746
 20
1129.464489040
 10
-51.267597121
 20
1129.315689258
  0
LWPOLYLINE
  5
1571
330
A02
100
AcDbEntity
100
AcDbPolyline
  8
IsoView
 90
2
 70
0
 43
0
 10
-46.506493825
 20
1128.824989492
 10
-47.250266962
 20
1128.358243663
  0
LWPOLYLINE
  5
1572
330
A02
100
AcDbEntity
100
AcDbPolyline
  8
IsoView
 90
2
 70
0
 43
0
 10
-46.533560748
 20
1129.674823646
 10
-46.519783000
 20
1129.667433214
  0
LWPOLYLINE
  5
1573
330
A02
100
AcDbEntity
100
AcDbPolyline
  8
IsoView
 90
2
 70
0
 43
0
 10
-46.519783000
 20
1129.667433214
 10
-46.506493825
 20
1128.824989492
  0
LWPOLYLINE
  5
1574
330
A02
100
AcDbEntity
100
AcDbPolyline
  8
IsoView
 90
2
 70
0
 43
0
 10
1102.542783788
 20
599.522444603
 10
1103.923519629
 20
600.218649631
  0
LWPOLYLINE
  5
1575
330
A02
100
AcDbEntity
100
AcDbPolyline
  8
IsoView
 90
5
 70
0
 43
0
 10
1103.923519629
 20
600.218649631
 10
1108.038829520
 20
598.545760049
 10
1107.868656001
 20
593.638945742
 10
1105.453601534
 20
589.295347382
 10
1101.855647071
 20
586.596359733
  0
LWPOLYLINE
  5
1576
330
A02
100
AcDbEntity
100
AcDbPolyline
  8
IsoView
 90
2
 70
0
 43
0
 10
1101.855647071
 20
586.596359733
 10
1100.976362939
 20
586.373225330
  0
LWPOLYLINE
  5
1577
330
A02
100
AcDbEntity
100
AcDbPolyline
  8
IsoView
 90
2
 70
0
 43
0
 10
1100.976362939
 20
586.373225330
 10
1099.981560601
 20
586.365143357
  0
LWPOLYLINE
  5
1578
330
A02
100
AcDbEntity
100
AcDbPolyline
  8
IsoView
 90
2
 70
0
 43
0
 10
1107.178796801
 20
597.570654133
 10
1105.558746075
 20
597.781177965
  0
LWPOLYLINE
  5
1579
330
A02
100
AcDbEntity
100
AcDbPolyline
  8
IsoView
 90
2
 70
0
 43
0
 10
1111.611604967
 20
483.326385963
 10
1110.469686225
 20
483.953381410
  0
LWPOLYLINE
  5
157A
330
A02
100
AcDbEntity
100
AcDbPolyline
  8
IsoView
 90
2
 70
0
 43
0
 10
1110.469686225
 20
483.953381410
 10
1107.372840297
 20
486.003218609
  0
LWPOLYLINE
  5
157B
330
A02
100
AcDbEntity
100
AcDbPolyline
  8
IsoView
 90
7
 70
0
 43
0
 10
1200.327767212
 20
642.196999983
 10
1195.725856078
 20
644.138062509
 10
1190.875794985
 20
645.333369357
 10
1185.903088019
 20
645.815998571
 10
1180.908767868
 20
645.653997971
 10
1175.964014353
 20
644.928619564
 10
1175.322255663
 20
644.796064729
  0
LWPOLYLINE
  5
157C
330
A02
100
AcDbEntity
100
AcDbPolyline
  8
IsoView
 90
47
 70
0
 43
0
 10
1111.611604968
 20
483.326385963
 10
1116.213527935
 20
481.385354663
 10
1121.063620005
 20
480.190177827
 10
1126.036342665
 20
479.707706547
 10
1131.030661068
 20
479.869793093
 10
1135.975418232
 20
480.595152600
 10
1140.825191099
 20
481.804304282
 10
1145.553221676
 20
483.426701798
 10
1150.145038051
 20
485.402719700
 10
1154.593786518
 20
487.683119769
 10
1158.897132974
 20
490.227600319
 10
1163.055279093
 20
493.003237834
 10
1167.069734303
 20
495.983065078
 10
1170.942607513
 20
499.144827445
 10
1174.676155561
 20
502.470037041
 10
1178.272508394
 20
505.943226025
 10
1181.733504026
 20
509.551357364
 10
1185.060589307
 20
513.283360118
 10
1188.254759192
 20
517.129761543
 10
1191.316517462
 20
521.082393773
 10
1194.245848075
 20
525.134157677
 10
1197.042190123
 20
529.278830346
 10
1199.704411595
 20
533.510905604
 10
1202.230778458
 20
537.825459176
 10
1204.618910072
 20
542.218034935
 10
1206.865695694
 20
546.684556488
 10
1208.967243735
 20
551.221217745
 10
1210.918802401
 20
555.824382692
 10
1212.714644218
 20
560.490487681
 10
1214.347923432
 20
565.215931218
 10
1215.810499987
 20
569.996942778
 10
1217.092722357
 20
574.829419280
 10
1218.183159942
 20
579.708713379
 10
1219.068274396
 20
584.629351010
 10
1219.732018816
 20
589.584645559
 10
1220.155355731
 20
594.566161120
 10
1220.315692727
 20
599.562955742
 10
1220.186250347
 20
604.560505449
 10
1219.735344478
 20
609.539162404
 10
1218.925862503
 20
614.471955530
 10
1217.715275809
 20
619.321549379
 10
1216.056769859
 20
624.036257405
 10
1213.902776124
 20
628.545449405
 10
1211.212636947
 20
632.755840993
 10
1207.965694481
 20
636.552225098
 10
1204.177946927
 20
639.808038589
 10
1201.469685560
 20
641.570004101
  0
LWPOLYLINE
  5
157D
330
A02
100
AcDbEntity
100
AcDbPolyline
  8
IsoView
 90
2
 70
0
 43
0
 10
1201.469685560
 20
641.570004101
 10
1200.327767211
 20
642.196999983
  0
LWPOLYLINE
  5
157E
330
A02
100
AcDbEntity
100
AcDbPolyline
  8
IsoView
 90
10
 70
0
 43
0
 10
1146.705656082
 20
625.270468675
 10
1151.009489251
 20
627.813437097
 10
1155.491784288
 20
630.026046525
 10
1160.147533759
 20
631.844315664
 10
1164.961432585
 20
633.186626814
 10
1169.899124779
 20
633.951357631
 10
1174.893853747
 20
634.019746894
 10
1179.831063408
 20
633.271798920
 10
1184.542921861
 20
631.622860084
 10
1185.549836039
 20
631.126488977
  0
LWPOLYLINE
  5
157F
330
A02
100
AcDbEntity
100
AcDbPolyline
  8
IsoView
 90
2
 70
0
 43
0
 10
1110.892783323
 20
485.074394066
 10
1108.055349642
 20
486.758902784
  0
LWPOLYLINE
  5
1580
330
A02
100
AcDbEntity
100
AcDbPolyline
  8
IsoView
 90
22
 70
0
 43
0
 10
1116.167847185
 20
599.597701839
 10
1119.063520288
 20
603.673583334
 10
1122.093411100
 20
607.650692212
 10
1125.257383706
 20
611.521967744
 10
1128.555845656
 20
615.279289245
 10
1131.989716663
 20
618.913241752
 10
1135.560389039
 20
622.412824019
 10
1139.269669492
 20
625.765080553
 10
1143.119685922
 20
628.954633946
 10
1147.112732790
 20
631.963087095
 10
1151.251011988
 20
634.768257778
 10
1155.536198551
 20
637.343202834
 10
1159.968715712
 20
639.654992497
 10
1164.546533457
 20
641.663223251
 10
1169.263202869
 20
643.318345691
 10
1174.104718413
 20
644.560105375
 10
1179.044744312
 20
645.316873934
 10
1184.038013726
 20
645.507514574
 10
1189.012889440
 20
645.048527949
 10
1193.866790396
 20
643.869359044
 10
1198.471419583
 20
641.935106999
 10
1198.483163327
 20
641.928986299
  0
LWPOLYLINE
  5
1581
330
A02
100
AcDbEntity
100
AcDbPolyline
  8
IsoView
 90
37
 70
0
 43
0
 10
1185.549836039
 20
631.126488977
 10
1189.720384552
 20
628.383862433
 10
1193.275929519
 20
624.879111406
 10
1196.151292689
 20
620.795766847
 10
1198.360273126
 20
616.314960502
 10
1199.960927453
 20
611.581316626
 10
1201.024908387
 20
606.698077842
 10
1201.620885891
 20
601.735346212
 10
1201.808388281
 20
596.740082241
 10
1201.636816267
 20
591.743977505
 10
1201.146433434
 20
586.768850600
 10
1200.369863635
 20
581.830164270
 10
1199.333531609
 20
576.939290087
 10
1198.058877225
 20
572.104976891
 10
1196.563325009
 20
567.334320717
 10
1194.861039890
 20
562.633423531
 10
1192.963510082
 20
558.007857937
 10
1190.879994585
 20
553.463012129
 10
1188.617865896
 20
549.004363479
 10
1186.182871759
 20
544.637713823
 10
1183.579334255
 20
540.369410731
 10
1180.810300411
 20
536.206574611
 10
1177.877655782
 20
532.157350104
 10
1174.782211063
 20
528.231201409
 10
1171.523772071
 20
524.439274855
 10
1168.101205768
 20
520.794858508
 10
1164.512520829
 20
517.313978782
 10
1160.754992803
 20
514.016188631
 10
1156.825385938
 20
510.925622258
 10
1152.720364768
 20
508.072416670
 10
1148.437264437
 20
505.494625800
 10
1143.975526965
 20
503.240756897
 10
1139.339351785
 20
501.372976732
 10
1134.542484697
 20
499.970691796
 10
1129.616477499
 20
499.133197985
 10
1124.623522377
 20
498.977749409
 10
1119.675479582
 20
499.624877988
  0
LWPOLYLINE
  5
1582
330
A02
100
AcDbEntity
100
AcDbPolyline
  8
IsoView
 90
47
 70
0
 43
0
 10
1198.483163327
 20
641.928986299
 10
1202.703878532
 20
639.259174390
 10
1206.433253200
 20
635.936748616
 10
1209.610639542
 20
632.081963088
 10
1212.225082323
 20
627.824117666
 10
1214.301493588
 20
623.278632725
 10
1215.883358778
 20
618.537618630
 10
1217.019792051
 20
613.670079653
 10
1217.758257100
 20
608.726129451
 10
1218.141380750
 20
603.741778057
 10
1218.206062197
 20
598.742955876
 10
1217.983665149
 20
593.748527540
 10
1217.500628651
 20
588.772437993
 10
1216.779176201
 20
583.825210182
 10
1215.837986019
 20
578.914986119
 10
1214.692774159
 20
574.048254472
 10
1213.356781921
 20
569.230365074
 10
1211.841175050
 20
564.465898907
 10
1210.155367274
 20
559.758940056
 10
1208.307281157
 20
555.113281274
 10
1206.303557862
 20
550.532584977
 10
1204.149725572
 20
546.020515018
 10
1201.850334493
 20
541.580850361
 10
1199.409064822
 20
537.217589114
 10
1196.828812804
 20
532.935049715
 10
1194.111759065
 20
528.737975255
 10
1191.259422710
 20
524.631646612
 10
1188.272704362
 20
520.622010390
 10
1185.151921195
 20
516.715828405
 10
1181.896837405
 20
512.920856836
 10
1178.506694427
 20
509.246065151
 10
1174.980246918
 20
505.701907770
 10
1171.315813520
 20
502.300665271
 10
1167.511356502
 20
499.056876974
 10
1163.564612883
 20
495.987893072
 10
1159.473313808
 20
493.114581579
 10
1155.235552424
 20
490.462231655
 10
1150.850398949
 20
488.061695451
 10
1146.318922829
 20
485.950793376
 10
1141.645873551
 20
484.175944724
 10
1136.842389998
 20
482.793818129
 10
1131.930201964
 20
481.872416326
 10
1126.947667108
 20
481.490274910
 10
1121.957180694
 20
481.731368658
 10
1117.051298814
 20
482.672636777
 10
1112.351513354
 20
484.363112340
 10
1110.892783323
 20
485.074394066
  0
LWPOLYLINE
  5
1583
330
A02
100
AcDbEntity
100
AcDbPolyline
  8
IsoView
 90
8
 70
0
 43
0
 10
1180.104710442
 20
624.513282392
 10
1175.449428395
 20
626.309144537
 10
1170.518419887
 20
627.085218861
 10
1165.526328072
 20
626.944711370
 10
1160.612900398
 20
626.040480039
 10
1155.852809635
 20
624.519422373
 10
1151.280077485
 20
622.501907259
 10
1148.808893637
 20
621.192253012
  0
LWPOLYLINE
  5
1584
330
A02
100
AcDbEntity
100
AcDbPolyline
  8
IsoView
 90
32
 70
0
 43
0
 10
1126.728767338
 20
507.434379761
 10
1131.714272177
 20
507.733601319
 10
1136.602488631
 20
508.766853260
 10
1141.328394813
 20
510.391584890
 10
1145.863331135
 20
512.492963170
 10
1150.197591029
 20
514.983034298
 10
1154.330455490
 20
517.795303889
 10
1158.264982542
 20
520.879303436
 10
1162.005382142
 20
524.196294394
 10
1165.555714514
 20
527.716121086
 10
1168.919248127
 20
531.414958961
 10
1172.098138408
 20
535.273705079
 10
1175.093253956
 20
539.276815412
 10
1177.904059729
 20
543.411449414
 10
1180.528507328
 20
547.666824104
 10
1182.962901891
 20
552.033708239
 10
1185.201723086
 20
556.504005023
 10
1187.237379205
 20
561.070381629
 10
1189.059870447
 20
565.725906885
 10
1190.656330829
 20
570.463654731
 10
1192.010407915
 20
575.276218636
 10
1193.101425634
 20
580.155056859
 10
1193.903259388
 20
585.089541822
 10
1194.382840920
 20
590.065503668
 10
1194.498224799
 20
595.062912777
 10
1194.196253528
 20
600.052102475
 10
1193.410229705
 20
604.987571847
 10
1192.059070431
 20
609.798070928
 10
1190.051988899
 20
614.372199344
 10
1187.307185117
 20
618.542992277
 10
1183.794236662
 20
622.087720530
 10
1180.104710442
 20
624.513282392
  0
LWPOLYLINE
  5
1585
330
A02
100
AcDbEntity
100
AcDbPolyline
  8
IsoView
 90
3
 70
0
 43
0
 10
1128.876092585
 20
473.725372725
 10
1124.653244861
 20
476.392007055
 10
1124.234562239
 20
476.712969002
  0
LWPOLYLINE
  5
1586
330
A02
100
AcDbEntity
100
AcDbPolyline
  8
IsoView
 90
2
 70
0
 43
0
 10
1214.622291156
 20
633.269564990
 10
1217.282606126
 20
632.041475836
  0
LWPOLYLINE
  5
1587
330
A02
100
AcDbEntity
100
AcDbPolyline
  8
IsoView
 90
4
 70
0
 43
0
 10
1128.876092585
 20
473.725372725
 10
1133.478515800
 20
471.785621297
 10
1138.329496579
 20
470.594175578
 10
1142.520213712
 20
470.147485631
  0
LWPOLYLINE
  5
1588
330
A02
100
AcDbEntity
100
AcDbPolyline
  8
IsoView
 90
5
 70
0
 43
0
 10
1229.451211820
 20
620.716372681
 10
1226.464055854
 20
624.720870363
 10
1222.921184690
 20
628.241999498
 10
1218.864463945
 20
631.155300382
 10
1217.282606126
 20
632.041475836
  0
LWPOLYLINE
  5
1589
330
A02
100
AcDbEntity
100
AcDbPolyline
  8
IsoView
 90
5
 70
0
 43
0
 10
1111.913366443
 20
483.119871988
 10
1114.689913145
 20
478.965683251
 10
1117.995771096
 20
475.220013644
 10
1121.812275192
 20
471.997198877
 10
1125.740361611
 20
469.573231505
  0
LWPOLYLINE
  5
158A
330
A02
100
AcDbEntity
100
AcDbPolyline
  8
IsoView
 90
5
 70
0
 43
0
 10
1219.182553328
 20
636.907097149
 10
1214.588098112
 20
638.867089149
 10
1209.751718515
 20
640.118274718
 10
1204.787891787
 20
640.687478745
 10
1202.913366443
 20
640.736495476
  0
LWPOLYLINE
  5
158B
330
A02
100
AcDbEntity
100
AcDbPolyline
  8
IsoView
 90
2
 70
0
 43
0
 10
1125.740361611
 20
469.573231505
 10
1127.913816017
 20
468.541504883
  0
LWPOLYLINE
  5
158C
330
A02
100
AcDbEntity
100
AcDbPolyline
  8
IsoView
 90
3
 70
0
 43
0
 10
1223.538828472
 20
634.168882492
 10
1219.316213969
 20
636.836995932
 10
1219.182553328
 20
636.907097149
  0
LWPOLYLINE
  5
158D
330
A02
100
AcDbEntity
100
AcDbPolyline
  8
IsoView
 90
6
 70
0
 43
0
 10
1218.475074399
 20
640.189759615
 10
1213.884203270
 20
642.158746569
 10
1209.054591389
 20
643.436568602
 10
1204.095568596
 20
644.047314085
 10
1199.098369277
 20
644.045540496
 10
1196.643310885
 20
643.840130889
  0
LWPOLYLINE
  5
158E
330
A02
100
AcDbEntity
100
AcDbPolyline
  8
IsoView
 90
6
 70
0
 43
0
 10
1106.828382917
 20
485.400387558
 10
1109.255107088
 20
481.031869250
 10
1112.190756599
 20
476.988615404
 10
1115.641096404
 20
473.375577885
 10
1119.577815229
 20
470.300556201
 10
1120.290540545
 20
469.838656061
  0
LWPOLYLINE
  5
158F
330
A02
100
AcDbEntity
100
AcDbPolyline
  8
IsoView
 90
2
 70
0
 43
0
 10
1218.603823677
 20
640.122257962
 10
1218.475074399
 20
640.189759615
  0
LWPOLYLINE
  5
1590
330
A02
100
AcDbEntity
100
AcDbPolyline
  8
IsoView
 90
10
 70
0
 43
0
 10
1211.279266414
 20
645.346740127
 10
1206.689608891
 20
647.318757809
 10
1201.862316302
 20
648.605566360
 10
1196.904998749
 20
649.230365987
 10
1191.907796110
 20
649.246325835
 10
1186.937701364
 20
648.720497497
 10
1182.040233110
 20
647.721506335
 10
1177.244194970
 20
646.312642799
 10
1172.566632639
 20
644.549107233
 10
1172.295824852
 20
644.435544156
  0
LWPOLYLINE
  5
1591
330
A02
100
AcDbEntity
100
AcDbPolyline
  8
IsoView
 90
4
 70
0
 43
0
 10
1103.363414992
 20
481.563925174
 10
1106.699944169
 20
477.845236221
 10
1110.528471095
 20
474.636237055
 10
1114.563025373
 20
472.149791440
  0
LWPOLYLINE
  5
1592
330
A02
100
AcDbEntity
100
AcDbPolyline
  8
IsoView
 90
2
 70
0
 43
0
 10
1114.563025373
 20
472.149791440
 10
1116.225662230
 20
471.340846050
  0
LWPOLYLINE
  5
1593
330
A02
100
AcDbEntity
100
AcDbPolyline
  8
IsoView
 90
2
 70
0
 43
0
 10
1215.270450031
 20
642.891450745
 10
1211.279266414
 20
645.346740127
  0
LWPOLYLINE
  5
1594
330
A02
100
AcDbEntity
100
AcDbPolyline
  8
IsoView
 90
4
 70
0
 43
0
 10
1109.520725668
 20
470.605719510
 10
1105.270637698
 20
473.231138707
 10
1101.439668284
 20
476.437729568
 10
1100.029657778
 20
477.872741179
  0
LWPOLYLINE
  5
1595
330
A02
100
AcDbEntity
100
AcDbPolyline
  8
IsoView
 90
25
 70
0
 43
0
 10
1114.577885363
 20
600.515666725
 10
1117.423381456
 20
604.626804141
 10
1120.386075842
 20
608.654295265
 10
1123.465650551
 20
612.593125857
 10
1126.662158654
 20
616.437654960
 10
1129.976007234
 20
620.181496587
 10
1133.407938788
 20
623.817377592
 10
1136.959007806
 20
627.336965165
 10
1140.630547831
 20
630.730655740
 10
1144.424121966
 20
633.987314948
 10
1148.341446203
 20
637.093955764
 10
1152.384269314
 20
640.035339178
 10
1156.554184277
 20
642.793479170
 10
1160.852332738
 20
645.347032794
 10
1165.278943517
 20
647.670559519
 10
1169.832616178
 20
649.733648029
 10
1174.509219598
 20
651.499945465
 10
1179.300227440
 20
652.926206645
 10
1184.190278857
 20
653.961646133
 10
1189.153797785
 20
654.548169653
 10
1194.150772252
 20
654.622490663
 10
1199.122515737
 20
654.121530650
 10
1203.989524850
 20
652.992261687
 10
1208.654796702
 20
651.205263130
 10
1209.999644804
 20
650.540775031
  0
LWPOLYLINE
  5
1596
330
A02
100
AcDbEntity
100
AcDbPolyline
  8
IsoView
 90
8
 70
0
 43
0
 10
1109.520725668
 20
470.605719510
 10
1114.105204326
 20
468.620852821
 10
1118.922444298
 20
467.295881653
 10
1123.872039132
 20
466.611182898
 10
1128.868545416
 20
466.519298308
 10
1133.847078742
 20
466.958920519
 10
1138.762428451
 20
467.866070432
 10
1139.368621601
 20
468.008755702
  0
LWPOLYLINE
  5
1597
330
A02
100
AcDbEntity
100
AcDbPolyline
  8
IsoView
 90
8
 70
0
 43
0
 10
1229.727604605
 20
624.515105185
 10
1228.107329810
 20
629.243612700
 10
1226.055092347
 20
633.800805287
 10
1223.537180266
 20
638.117560527
 10
1220.530908218
 20
642.108852939
 10
1217.034550799
 20
645.677818313
 10
1213.077038804
 20
648.726689341
 10
1209.999644804
 20
650.540775031
  0
LWPOLYLINE
  5
1598
330
A02
100
AcDbEntity
100
AcDbPolyline
  8
IsoView
 90
26
 70
0
 43
0
 10
1211.238981871
 20
654.237031040
 10
1206.659309732
 20
656.233703264
 10
1201.851621818
 20
657.593825168
 10
1196.909839211
 20
658.333999480
 10
1191.915021275
 20
658.496695554
 10
1186.929929546
 20
658.138052456
 10
1181.999303085
 20
657.317741020
 10
1177.153030091
 20
656.092604460
 10
1172.409969344
 20
654.513598476
 10
1167.781302625
 20
652.624873827
 10
1163.273095325
 20
650.463997367
 10
1158.888115194
 20
648.062663826
 10
1154.627073026
 20
645.447545187
 10
1150.489449898
 20
642.641110064
 10
1146.474041592
 20
639.662346855
 10
1142.579314151
 20
636.527374450
 10
1138.803634998
 20
633.249946320
 10
1135.145422698
 20
629.841861941
 10
1131.603243898
 20
626.313301085
 10
1128.175876249
 20
622.673095353
 10
1124.862349730
 20
618.928949329
 10
1121.661974628
 20
615.087621490
 10
1118.574361706
 20
611.155073150
 10
1115.599438329
 20
607.136592013
 10
1112.737463178
 20
603.036895643
 10
1112.030673817
 20
601.986299997
  0
LWPOLYLINE
  5
1599
330
A02
100
AcDbEntity
100
AcDbPolyline
  8
IsoView
 90
2
 70
0
 43
0
 10
1100.064924953
 20
581.271053161
 10
1099.718809718
 20
580.566694980
  0
LWPOLYLINE
  5
159A
330
A02
100
AcDbEntity
100
AcDbPolyline
  8
IsoView
 90
3
 70
0
 43
0
 10
1094.297969327
 20
568.345530404
 10
1092.511662243
 20
563.675696446
 10
1092.086914739
 20
562.501444188
  0
LWPOLYLINE
  5
159B
330
A02
100
AcDbEntity
100
AcDbPolyline
  8
IsoView
 90
4
 70
0
 43
0
 10
1097.391790696
 20
474.952056760
 10
1101.055247795
 20
471.554696270
 10
1105.146781998
 20
468.687808198
 10
1105.408789890
 20
468.531781613
  0
LWPOLYLINE
  5
159C
330
A02
100
AcDbEntity
100
AcDbPolyline
  8
IsoView
 90
2
 70
0
 43
0
 10
1212.294735023
 20
653.663669200
 10
1211.238981871
 20
654.237031040
  0
LWPOLYLINE
  5
159D
330
A02
100
AcDbEntity
100
AcDbPolyline
  8
IsoView
 90
3
 70
0
 43
0
 10
1102.484895793
 20
468.801826123
 10
1098.225547445
 20
471.412962080
 10
1095.856258332
 20
473.251893214
  0
LWPOLYLINE
  5
159E
330
A02
100
AcDbEntity
100
AcDbPolyline
  8
IsoView
 90
3
 70
0
 43
0
 10
1080.687669860
 20
540.037963556
 10
1081.657251040
 20
544.942787155
 10
1081.922323834
 20
546.145290104
  0
LWPOLYLINE
  5
159F
330
A02
100
AcDbEntity
100
AcDbPolyline
  8
IsoView
 90
9
 70
0
 43
0
 10
1083.690745385
 20
553.205084571
 10
1085.096111866
 20
558.003303485
 10
1086.648219987
 20
562.756098739
 10
1088.340808491
 20
567.460709399
 10
1090.168453157
 20
572.114527629
 10
1092.126468051
 20
576.715023136
 10
1094.210823239
 20
581.259679298
 10
1096.418076291
 20
585.745937178
 10
1098.073481526
 20
588.922911091
  0
LWPOLYLINE
  5
15A0
330
A02
100
AcDbEntity
100
AcDbPolyline
  8
IsoView
 90
26
 70
0
 43
0
 10
1106.792317785
 20
603.612865567
 10
1109.594569792
 20
607.753620726
 10
1112.508728576
 20
611.816391436
 10
1115.534361164
 20
615.796833217
 10
1118.671362280
 20
619.690098917
 10
1121.919940253
 20
623.490748751
 10
1125.280602651
 20
627.192643748
 10
1128.754139621
 20
630.788818231
 10
1132.341602087
 20
634.271325912
 10
1136.044270704
 20
637.631052868
 10
1139.863609520
 20
640.857489005
 10
1143.801195334
 20
643.938447758
 10
1147.858609228
 20
646.859721763
 10
1152.037269847
 20
649.604660496
 10
1156.338177647
 20
652.153655517
 10
1160.761523914
 20
654.483521917
 10
1165.306096293
 20
656.566775330
 10
1169.968382799
 20
658.370830762
 10
1174.741241605
 20
659.857207433
 10
1179.611977468
 20
660.980937209
 10
1184.559686172
 20
661.690573216
 10
1189.551882837
 20
661.929493042
 10
1194.540865015
 20
661.639507626
 10
1199.461102750
 20
660.767804623
 10
1204.229982699
 20
659.277333220
 10
1207.917973164
 20
657.608660371
  0
LWPOLYLINE
  5
15A1
330
A02
100
AcDbEntity
100
AcDbPolyline
  8
IsoView
 90
56
 70
0
 43
0
 10
1102.484895793
 20
468.801826123
 10
1107.063048788
 20
466.801446151
 10
1111.867673837
 20
465.430267946
 10
1116.806858603
 20
464.672585346
 10
1121.800931877
 20
464.487443196
 10
1126.787834552
 20
464.820300696
 10
1131.723013934
 20
465.612844851
 10
1136.576468755
 20
466.809245027
 10
1141.329094600
 20
468.359236803
 10
1145.969432066
 20
470.219109813
 10
1150.491156624
 20
472.351559179
 10
1154.891280216
 20
474.725032217
 10
1159.168915296
 20
477.312921401
 10
1163.324445272
 20
480.092773919
 10
1167.358975222
 20
483.045587651
 10
1171.273971089
 20
486.155212863
 10
1175.071023843
 20
489.407856053
 10
1178.751695819
 20
492.791673537
 10
1182.317420761
 20
496.296440321
 10
1185.769438671
 20
499.913280514
 10
1189.108752966
 20
503.634447421
 10
1192.336101576
 20
507.453143386
 10
1195.451936392
 20
511.363371388
 10
1198.456407233
 20
515.359811877
 10
1201.349347667
 20
519.437719686
 10
1204.130260781
 20
523.592836803
 10
1206.798303439
 20
527.821317609
 10
1209.352267865
 20
532.119663761
 10
1211.790559504
 20
536.484666330
 10
1214.111170173
 20
540.913353098
 10
1216.311645458
 20
545.402939102
 10
1218.389045210
 20
549.950778567
 10
1220.339895809
 20
554.554316297
 10
1222.160132629
 20
559.211036438
 10
1223.845030839
 20
563.918406146
 10
1225.389122270
 20
568.673811156
 10
1226.786095660
 20
573.474479458
 10
1228.028677078
 20
578.317388071
 10
1229.108486784
 20
583.199146252
 10
1230.015868359
 20
588.115846094
 10
1230.739685707
 20
593.062868101
 10
1231.267083937
 20
598.034624594
 10
1231.583211861
 20
603.024217296
 10
1231.670908176
 20
608.022976546
 10
1231.510362814
 20
613.019838119
 10
1231.078783634
 20
618.000499985
 10
1230.350133932
 20
622.946288516
 10
1229.295069273
 20
627.832660174
 10
1227.881307115
 20
632.627291994
 10
1226.074818854
 20
637.287816869
 10
1223.842416829
 20
641.759515642
 10
1221.156395771
 20
645.973778257
 10
1218.001567953
 20
649.848872576
 10
1214.383849380
 20
653.295086027
 10
1210.337464733
 20
656.225552656
 10
1207.917973164
 20
657.608660371
  0
LWPOLYLINE
  5
15A2
330
A02
100
AcDbEntity
100
AcDbPolyline
  8
IsoView
 90
11
 70
0
 43
0
 10
1118.200630338
 20
460.922689742
 10
1123.176332022
 20
460.458392871
 10
1128.173600912
 20
460.532607327
 10
1133.140726021
 20
461.089605552
 10
1138.041578352
 20
462.073367253
 10
1142.852316513
 20
463.431944939
 10
1147.558038004
 20
465.119331418
 10
1152.150013018
 20
467.095818674
 10
1156.623620837
 20
469.327596725
 10
1160.976894050
 20
471.786048790
 10
1162.846245517
 20
472.928299966
  0
LWPOLYLINE
  5
15A3
330
A02
100
AcDbEntity
100
AcDbPolyline
  8
IsoView
 90
11
 70
0
 43
0
 10
1237.205973340
 20
601.723316796
 10
1237.264063138
 20
606.722512178
 10
1237.075145071
 20
611.718387257
 10
1236.616766399
 20
616.696662084
 10
1235.863353597
 20
621.638750077
 10
1234.786178556
 20
626.520311586
 10
1233.353750284
 20
631.309424445
 10
1231.533001072
 20
635.964433798
 10
1229.291801023
 20
640.431786418
 10
1226.603404444
 20
644.644619268
 10
1225.279906134
 20
646.390676779
  0
LWPOLYLINE
  5
15A4
330
A02
100
AcDbEntity
100
AcDbPolyline
  8
IsoView
 90
16
 70
0
 43
0
 10
1090.978714419
 20
458.192082059
 10
1095.540960705
 20
456.153532470
 10
1100.312285148
 20
454.668112486
 10
1105.220580874
 20
453.727938675
 10
1110.200644422
 20
453.306106955
 10
1115.198566553
 20
453.363661058
 10
1120.172808146
 20
453.856217541
 10
1125.093094551
 20
454.738891326
 10
1129.938354506
 20
455.969308271
 10
1134.694533626
 20
457.509091220
 10
1139.352685990
 20
459.324340704
 10
1143.907465445
 20
461.385543331
 10
1148.355998465
 20
463.667201026
 10
1152.697070023
 20
466.147356059
 10
1156.930547486
 20
468.807105997
 10
1158.858657478
 20
470.097722518
  0
LWPOLYLINE
  5
15A5
330
A02
100
AcDbEntity
100
AcDbPolyline
  8
IsoView
 90
17
 70
0
 43
0
 10
1237.663524214
 20
606.591755587
 10
1237.942339479
 20
611.583656263
 10
1238.018726262
 20
616.582705855
 10
1237.877295249
 20
621.580278447
 10
1237.500635781
 20
626.565568002
 10
1236.869151026
 20
631.524929193
 10
1235.960982956
 20
636.441031827
 10
1234.752121701
 20
641.291801204
 10
1233.216851843
 20
646.049145978
 10
1231.328762866
 20
650.677547577
 10
1229.062621630
 20
655.132731753
 10
1226.397409275
 20
659.360888455
 10
1223.320638917
 20
663.299222241
 10
1219.833537833
 20
666.878826917
 10
1215.955787167
 20
670.030602641
 10
1211.727707191
 20
672.693787828
 10
1210.982682163
 20
673.092090784
  0
LWPOLYLINE
  5
15A6
330
A02
100
AcDbEntity
100
AcDbPolyline
  8
IsoView
 90
68
 70
0
 43
0
 10
1084.598568493
 20
452.227460280
 10
1089.153339430
 20
450.171368976
 10
1093.908263109
 20
448.633215457
 10
1098.799738732
 20
447.607884354
 10
1103.769221025
 20
447.073950115
 10
1108.767040646
 20
446.998969680
 10
1113.753716988
 20
447.344794645
 10
1118.699457187
 20
448.071789306
 10
1123.582717347
 20
449.141635920
 10
1128.388495923
 20
450.518903254
 10
1133.106738045
 20
452.171727237
 10
1137.731005767
 20
454.071936261
 10
1142.257440147
 20
456.194869786
 10
1146.683982622
 20
458.519052597
 10
1151.009805129
 20
461.025820854
 10
1155.234899422
 20
463.698952015
 10
1159.359783972
 20
466.524323817
 10
1163.385296111
 20
469.489612122
 10
1167.312445221
 20
472.584029252
 10
1171.142309334
 20
475.798100385
 10
1174.875962473
 20
479.123473916
 10
1178.514423636
 20
482.552761198
 10
1182.058620974
 20
486.079401280
 10
1185.509366558
 20
489.697546645
 10
1188.867338426
 20
493.401966504
 10
1192.133067571
 20
497.187964688
 10
1195.306928152
 20
501.051309668
 10
1198.389129685
 20
504.988174624
 10
1201.379710301
 20
508.995085837
 10
1204.278530379
 20
513.068877958
 10
1207.085266014
 20
517.206654935
 10
1209.799401892
 20
521.405755590
 10
1212.420223211
 20
525.663722943
 10
1214.946806315
 20
529.978276539
 10
1217.378007744
 20
534.347287097
 10
1219.712451380
 20
538.768752851
 10
1221.948513372
 20
543.240777015
 10
1224.084304470
 20
547.761545787
 10
1226.117649381
 20
552.329306311
 10
1228.046062670
 20
556.942343969
 10
1229.866720690
 20
561.598958301
 10
1231.576428917
 20
566.297436752
 10
1233.171583963
 20
571.036025288
 10
1234.648129441
 20
575.812894699
 10
1236.001504724
 20
580.626101141
 10
1237.226585479
 20
585.473539075
 10
1238.317614770
 20
590.352884239
 10
1239.268123378
 20
595.261523614
 10
1240.070837967
 20
600.196468448
 10
1240.717575799
 20
605.154245173
 10
1241.199125067
 20
610.130757504
 10
1241.505110645
 20
615.121110964
 10
1241.623846683
 20
620.119388481
 10
1241.542180262
 20
625.118362568
 10
1241.245335382
 20
630.109125990
 10
1240.716775030
 20
635.080619319
 10
1239.938112882
 20
640.019031585
 10
1238.889127905
 20
644.907052290
 10
1237.547967283
 20
649.722964753
 10
1235.891666590
 20
654.439602121
 10
1233.897165779
 20
659.023253517
 10
1231.543034748
 20
663.432726884
 10
1228.812094374
 20
667.618954359
 10
1225.694945434
 20
671.525728811
 10
1222.194015533
 20
675.092253994
 10
1218.327134289
 20
678.257935151
 10
1214.129157553
 20
680.969031706
 10
1212.750926149
 20
681.719395389
  0
LWPOLYLINE
  5
15A7
330
A02
100
AcDbEntity
100
AcDbPolyline
  8
IsoView
 90
33
 70
0
 43
0
 10
1212.750926149
 20
681.719395389
 10
1208.196155212
 20
683.775486693
 10
1203.441231533
 20
685.313640213
 10
1198.549755910
 20
686.338971315
 10
1193.580273616
 20
686.872905554
 10
1188.582453996
 20
686.947885989
 10
1183.595777654
 20
686.602061024
 10
1178.650037455
 20
685.875066363
 10
1173.766777295
 20
684.805219749
 10
1168.960998719
 20
683.427952415
 10
1164.242756597
 20
681.775128432
 10
1159.618488875
 20
679.874919408
 10
1155.092054495
 20
677.751985884
 10
1150.665512020
 20
675.427803072
 10
1146.339689513
 20
672.921034815
 10
1142.114595220
 20
670.247903654
 10
1137.989710670
 20
667.422531852
 10
1133.964198531
 20
664.457243547
 10
1130.037049421
 20
661.362826418
 10
1126.207185308
 20
658.148755284
 10
1122.473532169
 20
654.823381754
 10
1118.835071006
 20
651.394094472
 10
1115.290873667
 20
647.867454390
 10
1111.840128084
 20
644.249309024
 10
1108.482156216
 20
640.544889165
 10
1105.216427070
 20
636.758890981
 10
1102.042566490
 20
632.895546001
 10
1098.960364957
 20
628.958681045
 10
1095.969784341
 20
624.951769832
 10
1093.070964263
 20
620.877977712
 10
1090.264228628
 20
616.740200734
 10
1087.550092749
 20
612.541100079
 10
1085.560108847
 20
609.327396552
  0
LWPOLYLINE
  5
15A8
330
A02
100
AcDbEntity
100
AcDbPolyline
  8
IsoView
 90
20
 70
0
 43
0
 10
1080.155525627
 20
599.938340650
 10
1077.813566786
 20
595.520850859
 10
1075.569855180
 20
591.052659635
 10
1073.426258899
 20
586.535586399
 10
1071.384930371
 20
581.971387910
 10
1069.448330173
 20
577.361780901
 10
1067.619254772
 20
572.708466023
 10
1065.900868818
 20
568.013153898
 10
1064.296742686
 20
563.277594227
 10
1062.810896107
 20
558.503609103
 10
1061.447848825
 20
553.693131967
 10
1060.212679383
 20
548.848254005
 10
1059.111093252
 20
543.971280309
 10
1058.149501624
 20
539.064798784
 10
1057.335112265
 20
534.131765647
 10
1056.676033721
 20
529.175612594
 10
1056.181393859
 20
524.200382192
 10
1055.861473010
 20
519.210900093
 10
1055.727850468
 20
514.212995192
 10
1055.727893674
 20
512.402139934
  0
LWPOLYLINE
  5
15A9
330
A02
100
AcDbEntity
100
AcDbPolyline
  8
IsoView
 90
3
 70
0
 43
0
 10
1079.612107188
 20
455.266135146
 10
1083.854274315
 20
452.624734501
 10
1084.598568493
 20
452.227460280
  0
LWPOLYLINE
  5
15AA
330
A02
100
AcDbEntity
100
AcDbPolyline
  8
IsoView
 90
15
 70
0
 43
0
 10
1115.996977947
 20
665.824896124
 10
1112.408371412
 20
662.343409007
 10
1108.901267022
 20
658.779824138
 10
1105.475090869
 20
655.138355403
 10
1102.129359988
 20
651.422832106
 10
1098.863689142
 20
647.636743610
 10
1095.677796171
 20
643.783278229
 10
1092.571506395
 20
639.865357231
 10
1089.544756484
 20
635.885664695
 10
1086.597598080
 20
631.846673846
 10
1083.730201432
 20
627.750670425
 10
1080.942859223
 20
623.599773544
 10
1078.235990774
 20
619.395954447
 10
1075.610146767
 20
615.141053524
 10
1074.667039726
 20
613.567240446
  0
LWPOLYLINE
  5
15AB
330
A02
100
AcDbEntity
100
AcDbPolyline
  8
IsoView
 90
2
 70
0
 43
0
 10
1073.011493272
 20
610.742468481
 10
1072.425918850
 20
609.723616149
  0
LWPOLYLINE
  5
15AC
330
A02
100
AcDbEntity
100
AcDbPolyline
  8
IsoView
 90
24
 70
0
 43
0
 10
1070.361181363
 20
606.044025694
 10
1067.991583990
 20
601.641271242
 10
1065.706771229
 20
597.193927967
 10
1063.508066376
 20
592.703391458
 10
1061.396972045
 20
588.171009319
 10
1059.375182599
 20
583.598093770
 10
1057.444598340
 20
578.985934682
 10
1055.607341717
 20
574.335813349
 10
1053.865775819
 20
569.649017351
 10
1052.222525439
 20
564.926856909
 10
1050.680501092
 20
560.170683225
 10
1049.242926352
 20
555.381909383
 10
1047.913368969
 20
550.562034518
 10
1046.695776273
 20
545.712672150
 10
1045.594515377
 20
540.835583748
 10
1044.614418801
 20
535.932718898
 10
1043.760836080
 20
531.006263781
 10
1043.039691927
 20
526.058700109
 10
1042.457551429
 20
521.092877236
 10
1042.021692485
 20
516.112100851
 10
1041.740185304
 20
511.120242555
 10
1041.621978005
 20
506.121875668
 10
1041.676986107
 20
501.122443863
 10
1041.857899783
 20
497.045082965
  0
LWPOLYLINE
  5
15AD
330
A02
100
AcDbEntity
100
AcDbPolyline
  8
IsoView
 90
4
 70
0
 43
0
 10
1066.265076282
 20
440.488110325
 10
1070.288167113
 20
437.522504357
 10
1074.583434753
 20
434.967067057
 10
1074.874599168
 20
434.814026940
  0
LWPOLYLINE
  5
15AE
330
A02
100
AcDbEntity
100
AcDbPolyline
  8
IsoView
 90
78
 70
0
 43
0
 10
1074.874599169
 20
434.814026941
 10
1079.414582966
 20
432.723939075
 10
1084.135718192
 20
431.083248189
 10
1088.989658880
 20
429.890835394
 10
1093.930489931
 20
429.134076113
 10
1098.917398455
 20
428.791688409
 10
1103.916033241
 20
428.836899515
 10
1108.898743806
 20
429.240281577
 10
1113.844076360
 20
429.971932789
 10
1118.735896509
 20
431.002952990
 10
1123.562408599
 20
432.306317030
 10
1128.315229966
 20
433.857301223
 10
1132.988592610
 20
435.633610666
 10
1137.578691477
 20
437.615324042
 10
1142.083170778
 20
439.784738268
 10
1146.500728328
 20
442.126166799
 10
1150.830815432
 20
444.625724478
 10
1155.073411550
 20
447.271117651
 10
1159.228856277
 20
450.051449241
 10
1163.297724630
 20
452.957042976
 10
1167.280734790
 20
455.979287786
 10
1171.178680005
 20
459.110501629
 10
1174.992378419
 20
462.343813182
 10
1178.722636153
 20
465.673059466
 10
1182.370220157
 20
469.092697453
 10
1185.935838241
 20
472.597727772
 10
1189.420124337
 20
476.183628817
 10
1192.823627568
 20
479.846299762
 10
1196.146804019
 20
483.582011173
 10
1199.390010426
 20
487.387362073
 10
1202.553499133
 20
491.259242510
 10
1205.637413872
 20
495.194800789
 10
1208.641785997
 20
499.191414666
 10
1211.566530875
 20
503.246665898
 10
1214.411444218
 20
507.358317627
 10
1217.176198167
 20
511.524294147
 10
1219.860336953
 20
515.742662675
 10
1222.463272007
 20
520.011616765
 10
1224.984276379
 20
524.329461062
 10
1227.422478323
 20
528.694597130
 10
1229.776853943
 20
533.105510064
 10
1232.046218727
 20
537.560755671
 10
1234.229217843
 20
542.058947950
 10
1236.324315012
 20
546.598746627
 10
1238.329779787
 20
551.178844501
 10
1240.243673008
 20
555.797954297
 10
1242.063830204
 20
560.454794721
 10
1243.787842664
 20
565.148075367
 10
1245.413035861
 20
569.876480034
 10
1246.936444870
 20
574.638647977
 10
1248.354786380
 20
579.433152469
 10
1249.664426839
 20
584.258475948
 10
1250.861346232
 20
589.112980831
 10
1251.941096934
 20
593.994874866
 10
1252.898757056
 20
598.902169598
 10
1253.728877692
 20
603.832630178
 10
1254.425423509
 20
608.783714266
 10
1254.981706260
 20
613.752497205
 10
1255.390311033
 20
618.735579895
 10
1255.643015557
 20
623.728974916
 10
1255.730703684
 20
628.727965315
 10
1255.643275573
 20
633.726929237
 10
1255.369559292
 20
638.719122179
 10
1254.897232034
 20
643.696407350
 10
1254.212764438
 20
648.648923830
 10
1253.301409375
 20
653.564682724
 10
1252.147267716
 20
658.429084769
 10
1250.733478655
 20
663.224361423
 10
1249.042600432
 20
667.928959068
 10
1247.057265793
 20
672.516917799
 10
1244.761206737
 20
676.957347364
 10
1242.140728760
 20
681.214173973
 10
1239.186650296
 20
685.246410795
 10
1235.896582292
 20
689.009254353
 10
1232.277203888
 20
692.456260320
 10
1228.345956184
 20
695.542629368
 10
1224.131475487
 20
698.229227184
 10
1222.474895473
 20
699.132828728
  0
LWPOLYLINE
  5
15AF
330
A02
100
AcDbEntity
100
AcDbPolyline
  8
IsoView
 90
25
 70
0
 43
0
 10
1222.474895473
 20
699.132828728
 10
1217.934911675
 20
701.222916593
 10
1213.213776450
 20
702.863607479
 10
1208.359835761
 20
704.056020274
 10
1203.419004711
 20
704.812779555
 10
1198.432096186
 20
705.155167259
 10
1193.433461400
 20
705.109956153
 10
1188.450750835
 20
704.706574091
 10
1183.505418282
 20
703.974922879
 10
1178.613598133
 20
702.943902678
 10
1173.787086042
 20
701.640538638
 10
1169.034264675
 20
700.089554446
 10
1164.360902031
 20
698.313245003
 10
1159.770803164
 20
696.331531626
 10
1155.266323864
 20
694.162117401
 10
1150.848766313
 20
691.820688870
 10
1146.518679209
 20
689.321131191
 10
1142.276083091
 20
686.675738017
 10
1138.120638365
 20
683.895406428
 10
1134.051770012
 20
680.989812693
 10
1130.068759851
 20
677.967567882
 10
1126.170814636
 20
674.836354039
 10
1122.357116222
 20
671.603042487
 10
1118.626858489
 20
668.273796203
 10
1115.996977947
 20
665.824896124
  0
LWPOLYLINE
  5
15B0
330
A02
100
AcDbEntity
100
AcDbPolyline
  8
IsoView
 90
43
 70
0
 43
0
 10
1234.539674933
 20
711.842571389
 10
1230.009756578
 20
713.955291238
 10
1225.312599923
 20
715.664440463
 10
1220.487387128
 20
716.969390368
 10
1215.572011778
 20
717.878233995
 10
1210.601119593
 20
718.406042785
 10
1205.604923687
 20
718.572795019
 10
1200.608751572
 20
718.401375229
 10
1195.633147222
 20
717.915894456
 10
1190.694316988
 20
717.140428149
 10
1185.804737926
 20
716.098159771
 10
1180.973801176
 20
714.810862139
 10
1176.208415241
 20
713.298632250
 10
1171.513533315
 20
711.579801563
 10
1166.892594030
 20
709.670959046
 10
1162.347878955
 20
707.587040912
 10
1157.880796719
 20
705.341455295
 10
1153.492105643
 20
702.946221185
 10
1149.182086485
 20
700.412108811
 10
1144.950675573
 20
697.748774068
 10
1140.797566911
 20
694.964883096
 10
1136.722290228
 20
692.068225327
 10
1132.724270495
 20
689.065814674
 10
1128.802873215
 20
685.963979268
 10
1124.957438855
 20
682.768440581
 10
1121.187308969
 20
679.484382940
 10
1117.491846035
 20
676.116514461
 10
1113.870448485
 20
672.669120436
 10
1110.322562135
 20
669.146110109
 10
1106.847688884
 20
665.551057680
 10
1103.445393386
 20
661.887238329
 10
1100.115308230
 20
658.157659887
 10
1096.857138032
 20
654.365090777
 10
1093.670662767
 20
650.512084707
 10
1090.555740597
 20
646.601002573
 10
1087.512310384
 20
642.634031941
 10
1084.540394061
 20
638.613204458
 10
1081.640098984
 20
634.540411467
 10
1078.811620372
 20
630.417418084
 10
1076.055243935
 20
626.245875973
 10
1073.371348768
 20
622.027334994
 10
1070.760410581
 20
617.763253920
 10
1069.899243366
 20
616.319928958
  0
LWPOLYLINE
  5
15B1
330
A02
100
AcDbEntity
100
AcDbPolyline
  8
IsoView
 90
2
 70
0
 43
0
 10
1068.245569050
 20
613.494076114
 10
1067.659792734
 20
612.475340345
  0
LWPOLYLINE
  5
15B2
330
A02
100
AcDbEntity
100
AcDbPolyline
  8
IsoView
 90
27
 70
0
 43
0
 10
1065.590523953
 20
608.798366034
 10
1063.207606934
 20
604.402789631
 10
1060.900663915
 20
599.966868662
 10
1058.670727622
 20
595.491742037
 10
1056.518958397
 20
590.978511010
 10
1054.446651916
 20
586.428247348
 10
1052.455247895
 20
581.842001673
 10
1050.546339901
 20
577.220812146
 10
1048.721686402
 20
572.565713658
 10
1046.983223202
 20
567.877747721
 10
1045.333077428
 20
563.157973286
 10
1043.773583249
 20
558.407478737
 10
1042.307299558
 20
553.627395391
 10
1040.937029820
 20
548.818912850
 10
1039.665844372
 20
543.983296659
 10
1038.497105438
 20
539.121908821
 10
1037.434495165
 20
534.236231801
 10
1036.482046991
 20
529.327896851
 10
1035.644180669
 20
524.398717625
 10
1034.925741207
 20
519.450730321
 10
1034.332041986
 20
514.486241835
 10
1033.868912139
 20
509.507887781
 10
1033.542748091
 20
504.518702650
 10
1033.360568833
 20
499.522204861
 10
1033.330073910
 20
494.522500069
 10
1033.459702277
 20
489.524406701
 10
1033.541303455
 20
487.836827749
  0
LWPOLYLINE
  5
15B3
330
A02
100
AcDbEntity
100
AcDbPolyline
  8
IsoView
 90
5
 70
0
 43
0
 10
1055.661658630
 20
428.747853608
 10
1059.287573035
 20
425.307218083
 10
1063.194597062
 20
422.189625411
 10
1067.360290508
 20
419.427267565
 10
1070.322560865
 20
417.766801152
  0
LWPOLYLINE
  5
15B4
330
A02
100
AcDbEntity
100
AcDbPolyline
  8
IsoView
 90
86
 70
0
 43
0
 10
1070.322560865
 20
417.766801152
 10
1074.852479220
 20
415.654081302
 10
1079.549635874
 20
413.944932077
 10
1084.374848670
 20
412.639982173
 10
1089.290224019
 20
411.731138546
 10
1094.261116205
 20
411.203329756
 10
1099.257312111
 20
411.036577521
 10
1104.253484226
 20
411.207997311
 10
1109.229088576
 20
411.693478084
 10
1114.167918809
 20
412.468944391
 10
1119.057497871
 20
413.511212769
 10
1123.888434621
 20
414.798510401
 10
1128.653820557
 20
416.310740290
 10
1133.348702482
 20
418.029570977
 10
1137.969641767
 20
419.938413494
 10
1142.514356843
 20
422.022331628
 10
1146.981439079
 20
424.267917246
 10
1151.370130155
 20
426.663151356
 10
1155.680149313
 20
429.197263730
 10
1159.911560225
 20
431.860598472
 10
1164.064668887
 20
434.644489444
 10
1168.139945569
 20
437.541147213
 10
1172.137965303
 20
440.543557866
 10
1176.059362582
 20
443.645393272
 10
1179.904796943
 20
446.840931959
 10
1183.674926829
 20
450.124989600
 10
1187.370389763
 20
453.492858080
 10
1190.991787313
 20
456.940252104
 10
1194.539673663
 20
460.463262432
 10
1198.014546914
 20
464.058314860
 10
1201.416842412
 20
467.722134211
 10
1204.746927568
 20
471.451712653
 10
1208.005097766
 20
475.244281764
 10
1211.191573031
 20
479.097287833
 10
1214.306495201
 20
483.008369967
 10
1217.349925414
 20
486.975340599
 10
1220.321841736
 20
490.996168082
 10
1223.222136814
 20
495.068961074
 10
1226.050615426
 20
499.191954456
 10
1228.806991863
 20
503.363496567
 10
1231.490887030
 20
507.582037546
 10
1234.101825217
 20
511.846118620
 10
1236.639230455
 20
516.154362167
 10
1239.102422395
 20
520.505462405
 10
1241.490611638
 20
524.898176577
 10
1243.802894442
 20
529.331316498
 10
1246.038246730
 20
533.803740324
 10
1248.195517315
 20
538.314344434
 10
1250.273420247
 20
542.862055269
 10
1252.270526179
 20
547.445821007
 10
1254.185252636
 20
552.064602909
 10
1256.015853056
 20
556.717366166
 10
1257.760404460
 20
561.403070070
 10
1259.416793577
 20
566.120657262
 10
1260.982701253
 20
570.869041832
 10
1262.455584913
 20
575.647095939
 10
1263.832658872
 20
580.453634598
 10
1265.110872217
 20
585.287398197
 10
1266.286883990
 20
590.147032209
 10
1267.357035374
 20
595.031063449
 10
1268.317318565
 20
599.937872086
 10
1269.163342020
 20
604.865658426
 10
1269.890291787
 20
609.812403284
 10
1270.492888699
 20
614.775820433
 10
1270.965341282
 20
619.753299349
 10
1271.301294500
 20
624.741835980
 10
1271.493774714
 20
629.737948840
 10
1271.535131841
 20
634.737577096
 10
1271.416980471
 20
639.735956728
 10
1271.130142984
 20
644.727470140
 10
1270.664599583
 20
649.705464043
 10
1270.009452869
 20
654.662030116
 10
1269.152918459
 20
659.587743238
 10
1268.082358462
 20
664.471353631
 10
1266.784381593
 20
669.299432879
 10
1265.245042245
 20
674.055981072
 10
1263.450179985
 20
678.722015012
 10
1261.385948401
 20
683.275177768
 10
1259.039583001
 20
687.689439254
 10
1256.400443835
 20
691.934994590
 10
1253.461328673
 20
695.978504174
 10
1250.219977420
 20
699.783838539
 10
1246.680579683
 20
703.313463244
 10
1242.854981912
 20
706.530493556
 10
1238.763227125
 20
709.401258947
 10
1234.539674933
 20
711.842571389
  0
LWPOLYLINE
  5
15B5
330
A02
100
AcDbEntity
100
AcDbPolyline
  8
IsoView
 90
8
 70
0
 43
0
 10
1070.334065136
 20
399.838637112
 10
1065.999694381
 20
402.328495061
 10
1061.881898799
 20
405.162237094
 10
1058.004626995
 20
408.317171445
 10
1054.385964051
 20
411.765782474
 10
1051.037686127
 20
415.477609480
 10
1047.965477560
 20
419.421116428
 10
1047.937737115
 20
419.459428413
  0
LWPOLYLINE
  5
15B6
330
A02
100
AcDbEntity
100
AcDbPolyline
  8
IsoView
 90
28
 70
0
 43
0
 10
1029.930489145
 20
483.838882148
 10
1029.959319841
 20
488.838629311
 10
1030.127418870
 20
493.835648578
 10
1030.428275353
 20
498.826448010
 10
1030.855907008
 20
503.807998125
 10
1031.404819116
 20
508.777656809
 10
1032.069965058
 20
513.733106471
 10
1032.846709112
 20
518.672301403
 10
1033.730791856
 20
523.593423580
 10
1034.718298324
 20
528.494845454
 10
1035.805628890
 20
533.375098535
 10
1036.989472783
 20
538.232846760
 10
1038.266784098
 20
543.066863810
 10
1039.634760101
 20
547.876013710
 10
1041.090821674
 20
552.659234139
 10
1042.632595687
 20
557.415521975
 10
1044.257899142
 20
562.143920706
 10
1045.964724909
 20
566.843509354
 10
1047.751228899
 20
571.513392675
 10
1049.615718545
 20
576.152692376
 10
1051.556642448
 20
580.760539174
 10
1053.572581078
 20
585.336065530
 10
1055.662238431
 20
589.878398904
 10
1057.824434535
 20
594.386655427
 10
1060.058098734
 20
598.859933858
 10
1062.362263671
 20
603.297309748
 10
1064.736059893
 20
607.697829709
 10
1065.403660361
 20
608.906251779
  0
LWPOLYLINE
  5
15B7
330
A02
100
AcDbEntity
100
AcDbPolyline
  8
IsoView
 90
2
 70
0
 43
0
 10
1067.476325290
 20
612.581265323
 10
1068.062252945
 20
613.599913716
  0
LWPOLYLINE
  5
15B8
330
A02
100
AcDbEntity
100
AcDbPolyline
  8
IsoView
 90
47
 70
0
 43
0
 10
1069.714523983
 20
616.426576743
 10
1072.293567935
 20
620.710035423
 10
1074.939650649
 20
624.952408544
 10
1077.652330146
 20
629.152509645
 10
1080.431240129
 20
633.309086714
 10
1083.276087540
 20
637.420814995
 10
1086.186650374
 20
641.486289276
 10
1089.162775693
 20
645.504015530
 10
1092.204377807
 20
649.472401827
 10
1095.311436561
 20
653.389748384
 10
1098.483995686
 20
657.254236621
 10
1101.722161144
 20
661.063917089
 10
1105.026099390
 20
664.816696077
 10
1108.396035463
 20
668.510320730
 10
1111.832250800
 20
672.142362452
 10
1115.335080628
 20
675.710198340
 10
1118.904910769
 20
679.210990379
 10
1122.542173650
 20
682.641662080
 10
1126.247343242
 20
685.998872178
 10
1130.020928596
 20
689.278985009
 10
1133.863465545
 20
692.478037087
 10
1137.775506023
 20
695.591699374
 10
1141.757604318
 20
698.615234691
 10
1145.810299355
 20
701.543449671
 10
1149.934091907
 20
704.370640632
 10
1154.129415269
 20
707.090532770
 10
1158.396597601
 20
709.696212136
 10
1162.735813609
 20
712.180050037
 10
1167.147022671
 20
714.533619796
 10
1171.629889799
 20
716.747606371
 10
1176.183684972
 20
718.811710205
 10
1180.807155510
 20
720.714548049
 10
1185.498365226
 20
722.443555636
 10
1190.254493443
 20
723.984900106
 10
1195.071586793
 20
725.323414507
 10
1199.944257786
 20
726.442572563
 10
1204.865327242
 20
727.324529572
 10
1209.825414260
 20
727.950264133
 10
1214.812489134
 20
728.299864413
 10
1219.811423043
 20
728.353008659
 10
1224.803594009
 20
728.089687680
 10
1229.766638972
 20
727.491199574
 10
1234.674468926
 20
726.541406032
 10
1239.497672970
 20
725.228171548
 10
1244.204408299
 20
723.544819775
 10
1248.761792205
 20
721.491361877
 10
1249.686804309
 20
721.018894212
  0
LWPOLYLINE
  5
15B9
330
A02
100
AcDbEntity
100
AcDbPolyline
  8
IsoView
 90
94
 70
0
 43
0
 10
1249.686804309
 20
721.018894212
 10
1254.021175064
 20
718.529036263
 10
1258.138970646
 20
715.695294230
 10
1262.016242450
 20
712.540359879
 10
1265.634905393
 20
709.091748850
 10
1268.983183318
 20
705.379921844
 10
1272.055391885
 20
701.436414896
 10
1274.851218375
 20
697.292241006
 10
1277.374716387
 20
692.976704704
 10
1279.633219463
 20
688.516653645
 10
1281.636321921
 20
683.936111087
 10
1283.395010164
 20
679.256196733
 10
1284.920974195
 20
674.495240229
 10
1286.226093950
 20
669.669006650
 10
1287.322076871
 20
664.790974325
 10
1288.220216909
 20
659.872625254
 10
1288.931245858
 20
654.923724170
 10
1289.465251932
 20
649.952573606
 10
1289.831645490
 20
644.966239666
 10
1290.039156595
 20
639.970747652
 10
1290.095853139
 20
634.971249196
 10
1290.009171513
 20
629.972163695
 10
1289.785954227
 20
624.977297288
 10
1289.432490688
 20
619.989942583
 10
1288.954558638
 20
615.012962110
 10
1288.357464651
 20
610.048858121
 10
1287.646082736
 20
605.099831024
 10
1286.824890499
 20
600.167828380
 10
1285.898002617
 20
595.254586072
 10
1284.869201563
 20
590.361663008
 10
1283.741965626
 20
585.490470475
 10
1282.519494350
 20
580.642297055
 10
1281.204731571
 20
575.818329893
 10
1279.800386204
 20
571.019672922
 10
1278.308950991
 20
566.247362589
 10
1276.732719384
 20
561.502381499
 10
1275.073800725
 20
556.785670354
 10
1273.334133910
 20
552.098138471
 10
1271.515499656
 20
547.440673143
 10
1269.619531536
 20
542.814148056
 10
1267.647725882
 20
538.219430932
 10
1265.601450685
 20
533.657390569
 10
1263.481953575
 20
529.128903399
 10
1261.290368991
 20
524.634859690
 10
1259.027724597
 20
520.176169486
 10
1256.694947044
 20
515.753768397
 10
1254.292867114
 20
511.368623307
 10
1251.822224330
 20
507.021738089
 10
1249.283671069
 20
502.714159407
 10
1246.677776232
 20
498.446982678
 10
1244.005028523
 20
494.221358268
 10
1241.265839363
 20
490.038498005
 10
1238.460545500
 20
485.899682084
 10
1235.589411345
 20
481.806266458
 10
1232.652631071
 20
477.759690794
 10
1229.650330528
 20
473.761487111
 10
1226.582569016
 20
469.813289198
 10
1223.449340958
 20
465.916842943
 10
1220.250577551
 20
462.074017712
 10
1216.986148440
 20
458.286818926
 10
1213.655863515
 20
454.557402022
 10
1210.259474913
 20
450.888087998
 10
1206.796679360
 20
447.281380761
 10
1203.267120983
 20
443.739986554
 10
1199.670394804
 20
440.266835743
 10
1196.006051113
 20
436.865107309
 10
1192.273601052
 20
433.538256418
 10
1188.472523753
 20
430.290045515
 10
1184.602275510
 20
427.124579400
 10
1180.662301600
 20
424.046344827
 10
1176.652051494
 20
421.060255206
 10
1172.570998451
 20
418.171701004
 10
1168.418664727
 20
415.386606472
 10
1164.194653989
 20
412.711493276
 10
1159.898692924
 20
410.153551524
 10
1155.530684591
 20
407.720718428
 10
1151.090776675
 20
405.421764502
 10
1146.579448589
 20
403.266386480
 10
1141.997622218
 20
401.265305098
 10
1137.346802035
 20
399.430364267
 10
1132.629251122
 20
397.774625661
 10
1127.848210212
 20
396.312449242
 10
1123.008166547
 20
395.059545239
 10
1118.115177676
 20
394.032976523
 10
1113.177250954
 20
393.251082108
 10
1108.204771094
 20
392.733283337
 10
1103.210953883
 20
392.499726090
 10
1098.212282789
 20
392.570708747
 10
1093.228857102
 20
392.965852844
 10
1088.284549858
 20
393.702999312
 10
1083.406851813
 20
394.796864988
 10
1078.626281516
 20
396.257571652
 10
1073.975290292
 20
398.089248114
 10
1070.334065136
 20
399.838637112
  0
LWPOLYLINE
  5
15BA
330
A02
100
AcDbEntity
100
AcDbPolyline
  8
IsoView
 90
2
 70
0
 43
0
 10
1076.525605770
 20
384.616849685
 10
1078.960026235
 20
383.280178460
  0
LWPOLYLINE
  5
15BB
330
A02
100
AcDbEntity
100
AcDbPolyline
  8
IsoView
 90
99
 70
0
 43
0
 10
1078.960026235
 20
383.280178460
 10
1083.477959070
 20
381.141019378
 10
1088.145580002
 20
379.351753637
 10
1092.933313702
 20
377.914245777
 10
1097.812031437
 20
376.824400057
 10
1102.754301808
 20
376.073045630
 10
1107.735272169
 20
375.647073396
 10
1112.733160358
 20
375.530630281
 10
1117.729407452
 20
375.706222143
 10
1122.708578069
 20
376.155638016
 10
1127.658099907
 20
376.860663946
 10
1132.567920707
 20
377.803593665
 10
1137.430140006
 20
378.967564692
 10
1142.238652718
 20
380.336756196
 10
1146.988825112
 20
381.896484197
 10
1151.677212232
 20
383.633224682
 10
1156.301318403
 20
385.534588929
 10
1160.859398370
 20
387.589269212
 10
1165.350294554
 20
389.786967893
 10
1169.773305291
 20
392.118318835
 10
1174.128078971
 20
394.574807057
 10
1178.414529462
 20
397.148690332
 10
1182.632768820
 20
399.832924940
 10
1186.783053918
 20
402.621096734
 10
1190.865744204
 20
405.507358015
 10
1194.881268332
 20
408.486370285
 10
1198.830097834
 20
411.553252654
 10
1202.712726372
 20
414.703535582
 10
1206.529653402
 20
417.933119504
 10
1210.281371317
 20
421.238237912
 10
1213.968355339
 20
424.615424432
 10
1217.591055559
 20
428.061483485
 10
1221.149890670
 20
431.573464118
 10
1224.645243019
 20
435.148636670
 10
1228.077454679
 20
438.784471917
 10
1231.446824305
 20
442.478622432
 10
1234.753604588
 20
446.228905881
 10
1237.998000156
 20
450.033290029
 10
1241.180165793
 20
453.889879259
 10
1244.300204880
 20
457.796902412
 10
1247.358167977
 20
461.752701802
 10
1250.354051476
 20
465.755723249
 10
1253.287796274
 20
469.804507017
 10
1256.159286408
 20
473.897679539
 10
1258.968347624
 20
478.033945838
 10
1261.714745823
 20
482.212082537
 10
1264.398185382
 20
486.430931398
 10
1267.018307278
 20
490.689393299
 10
1269.574687026
 20
494.986422598
 10
1272.066832371
 20
499.321021801
 10
1274.494180723
 20
503.692236493
 10
1276.856096290
 20
508.099150467
 10
1279.151866887
 20
512.540880988
 10
1281.380700391
 20
517.016574157
 10
1283.541720780
 20
521.525400294
 10
1285.633963749
 20
526.066549307
 10
1287.656371833
 20
530.639225965
 10
1289.607788992
 20
535.242645028
 10
1291.486954619
 20
539.876026148
 10
1293.292496888
 20
544.538588472
 10
1295.022925392
 20
549.229544859
 10
1296.676622986
 20
553.948095598
 10
1298.251836761
 20
558.693421533
 10
1299.746668048
 20
563.464676436
 10
1301.159061369
 20
568.260978494
 10
1302.486792202
 20
573.081400709
 10
1303.727453472
 20
577.924960010
 10
1304.878440612
 20
582.790604799
 10
1305.936935090
 20
587.677200647
 10
1306.899886243
 20
592.583513756
 10
1307.763991304
 20
597.508191756
 10
1308.525673485
 20
602.449741321
 10
1309.181058022
 20
607.406501951
 10
1309.725946109
 20
612.376615199
 10
1310.155786737
 20
617.357988410
 10
1310.465646533
 20
622.348251927
 10
1310.650177859
 20
627.344708464
 10
1310.703585681
 20
632.344273168
 10
1310.619594019
 20
637.343402612
 10
1310.391413311
 20
642.338010745
 10
1310.011710700
 20
647.323369564
 10
1309.472586183
 20
652.293992176
 10
1308.765558897
 20
657.243495883
 10
1307.881569529
 20
662.164443290
 10
1306.811007095
 20
667.048160257
 10
1305.543771145
 20
671.884531200
 10
1304.069383739
 20
676.661775247
 10
1302.377168993
 20
681.366211542
 10
1300.456521039
 20
685.982029342
 10
1298.297282381
 20
690.491088772
 10
1295.890252038
 20
694.872791285
 10
1293.227833274
 20
699.104073645
 10
1290.304811168
 20
703.159592080
 10
1287.119218280
 20
707.012167790
 10
1283.673204061
 20
710.633552096
 10
1279.973778871
 20
713.995530203
 10
1276.033273699
 20
717.071314072
 10
1271.869363712
 20
719.837088122
 10
1270.525605770
 20
720.634706354
  0
LWPOLYLINE
  5
15BC
330
A02
100
AcDbEntity
100
AcDbPolyline
  8
IsoView
 90
2
 70
0
 43
0
 10
1270.525605770
 20
720.634706354
 10
1268.091185305
 20
721.971377579
  0
LWPOLYLINE
  5
15BD
330
A02
100
AcDbEntity
100
AcDbPolyline
  8
IsoView
 90
2
 70
0
 43
0
 10
1091.170605959
 20
376.161554884
 10
1093.605026424
 20
374.824883658
  0
LWPOLYLINE
  5
15BE
330
A02
100
AcDbEntity
100
AcDbPolyline
  8
IsoView
 90
99
 70
0
 43
0
 10
1093.605026424
 20
374.824883658
 10
1098.122959260
 20
372.685724576
 10
1102.790580191
 20
370.896458835
 10
1107.578313892
 20
369.458950975
 10
1112.457031627
 20
368.369105255
 10
1117.399301997
 20
367.617750828
 10
1122.380272358
 20
367.191778595
 10
1127.378160547
 20
367.075335479
 10
1132.374407642
 20
367.250927342
 10
1137.353578258
 20
367.700343214
 10
1142.303100097
 20
368.405369144
 10
1147.212920896
 20
369.348298863
 10
1152.075140196
 20
370.512269890
 10
1156.883652907
 20
371.881461395
 10
1161.633825302
 20
373.441189396
 10
1166.322212421
 20
375.177929880
 10
1170.946318593
 20
377.079294127
 10
1175.504398560
 20
379.133974410
 10
1179.995294743
 20
381.331673091
 10
1184.418305480
 20
383.663024033
 10
1188.773079160
 20
386.119512255
 10
1193.059529651
 20
388.693395530
 10
1197.277769009
 20
391.377630138
 10
1201.428054107
 20
394.165801932
 10
1205.510744393
 20
397.052063213
 10
1209.526268521
 20
400.031075483
 10
1213.475098023
 20
403.097957852
 10
1217.357726561
 20
406.248240780
 10
1221.174653591
 20
409.477824702
 10
1224.926371506
 20
412.782943110
 10
1228.613355528
 20
416.160129631
 10
1232.236055748
 20
419.606188683
 10
1235.794890859
 20
423.118169316
 10
1239.290243209
 20
426.693341868
 10
1242.722454869
 20
430.329177115
 10
1246.091824494
 20
434.023327630
 10
1249.398604777
 20
437.773611079
 10
1252.643000345
 20
441.577995228
 10
1255.825165983
 20
445.434584457
 10
1258.945205070
 20
449.341607611
 10
1262.003168166
 20
453.297407001
 10
1264.999051665
 20
457.300428447
 10
1267.932796463
 20
461.349212215
 10
1270.804286598
 20
465.442384737
 10
1273.613347813
 20
469.578651037
 10
1276.359746013
 20
473.756787736
 10
1279.043185571
 20
477.975636596
 10
1281.663307467
 20
482.234098497
 10
1284.219687215
 20
486.531127796
 10
1286.711832561
 20
490.865726999
 10
1289.139180913
 20
495.236941691
 10
1291.501096479
 20
499.643855665
 10
1293.796867077
 20
504.085586187
 10
1296.025700580
 20
508.561279355
 10
1298.186720969
 20
513.070105492
 10
1300.278963939
 20
517.611254505
 10
1302.301372022
 20
522.183931163
 10
1304.252789181
 20
526.787350226
 10
1306.131954808
 20
531.420731346
 10
1307.937497077
 20
536.083293670
 10
1309.667925581
 20
540.774250057
 10
1311.321623176
 20
545.492800796
 10
1312.896836950
 20
550.238126731
 10
1314.391668238
 20
555.009381634
 10
1315.804061558
 20
559.805683692
 10
1317.131792392
 20
564.626105908
 10
1318.372453662
 20
569.469665208
 10
1319.523440802
 20
574.335309998
 10
1320.581935280
 20
579.221905845
 10
1321.544886432
 20
584.128218954
 10
1322.408991493
 20
589.052896954
 10
1323.170673675
 20
593.994446519
 10
1323.826058211
 20
598.951207149
 10
1324.370946298
 20
603.921320397
 10
1324.800786927
 20
608.902693608
 10
1325.110646722
 20
613.892957125
 10
1325.295178049
 20
618.889413662
 10
1325.348585871
 20
623.888978366
 10
1325.264594208
 20
628.888107810
 10
1325.036413500
 20
633.882715943
 10
1324.656710889
 20
638.868074762
 10
1324.117586372
 20
643.838697374
 10
1323.410559087
 20
648.788201081
 10
1322.526569719
 20
653.709148488
 10
1321.456007284
 20
658.592865455
 10
1320.188771335
 20
663.429236399
 10
1318.714383928
 20
668.206480445
 10
1317.022169183
 20
672.910916740
 10
1315.101521228
 20
677.526734541
 10
1312.942282571
 20
682.035793970
 10
1310.535252227
 20
686.417496483
 10
1307.872833464
 20
690.648778843
 10
1304.949811358
 20
694.704297278
 10
1301.764218470
 20
698.556872988
 10
1298.318204251
 20
702.178257295
 10
1294.618779061
 20
705.540235401
 10
1290.678273889
 20
708.616019270
 10
1286.514363902
 20
711.381793320
 10
1285.170605959
 20
712.179411552
  0
LWPOLYLINE
  5
15BF
330
A02
100
AcDbEntity
100
AcDbPolyline
  8
IsoView
 90
81
 70
0
 43
0
 10
1142.470008285
 20
368.433496689
 10
1147.468446108
 20
368.522392215
 10
1152.453080049
 20
368.905364749
 10
1157.409166210
 20
369.562108220
 10
1162.325008593
 20
370.472794398
 10
1167.191506646
 20
371.618528050
 10
1172.001711189
 20
372.981613788
 10
1176.750420008
 20
374.545683899
 10
1181.433826840
 20
376.295729880
 10
1186.049226402
 20
378.218071323
 10
1190.594772069
 20
380.300287015
 10
1195.069279954
 20
382.531125689
 10
1199.472072305
 20
384.900408136
 10
1203.802853331
 20
387.398928185
 10
1208.061611336
 20
390.018357111
 10
1212.248541896
 20
392.751154047
 10
1216.363987745
 20
395.590483621
 10
1220.408391845
 20
398.530141257
 10
1224.382260809
 20
401.564486019
 10
1228.286136430
 20
404.688380617
 10
1232.120573549
 20
407.897138022
 10
1235.886122862
 20
411.186474089
 10
1239.583317564
 20
414.552465569
 10
1243.212662991
 20
417.991512910
 10
1246.774628554
 20
421.500307306
 10
1250.269641462
 20
425.075801482
 10
1253.698081803
 20
428.715183759
 10
1257.060278660
 20
432.415855010
 10
1260.356506993
 20
436.175408130
 10
1263.586985090
 20
439.991609715
 10
1266.751872419
 20
443.862383682
 10
1269.851267743
 20
447.785796564
 10
1272.885207402
 20
451.760044291
 10
1275.853663654
 20
455.783440248
 10
1278.756543027
 20
459.854404464
 10
1281.593684594
 20
463.971453763
 10
1284.364858140
 20
468.133192768
 10
1287.069762151
 20
472.338305629
 10
1289.708021601
 20
476.585548367
 10
1292.279185480
 20
480.873741748
 10
1294.782724031
 20
485.201764591
 10
1297.218025651
 20
489.568547428
 10
1299.584393418
 20
493.973066438
 10
1301.881041197
 20
498.414337579
 10
1304.107089276
 20
502.891410839
 10
1306.261559488
 20
507.403364533
 10
1308.343369756
 20
511.949299566
 10
1310.351327998
 20
516.528333577
 10
1312.284125336
 20
521.139594871
 10
1314.140328515
 20
525.782216053
 10
1315.918371459
 20
530.455327234
 10
1317.616545866
 20
535.158048695
 10
1319.232990739
 20
539.889482869
 10
1320.765680724
 20
544.648705458
 10
1322.212413143
 20
549.434755504
 10
1323.570793566
 20
554.246624172
 10
1324.838219769
 20
559.083241969
 10
1326.011863916
 20
563.943464073
 10
1327.088652771
 20
568.826053381
 10
1328.065245781
 20
573.729660774
 10
1328.938010815
 20
578.652802059
 10
1329.702997408
 20
583.593830858
 10
1330.355907360
 20
588.550906623
 10
1330.892062585
 20
593.521956741
 10
1331.306370238
 20
598.504631505
 10
1331.593285235
 20
603.496250464
 10
1331.746770592
 20
608.493738378
 10
1331.760256278
 20
613.493548664
 10
1331.626597875
 20
618.491571893
 10
1331.338037046
 20
623.483026503
 10
1330.886166934
 20
628.462328623
 10
1330.261907138
 20
633.422937756
 10
1329.455495027
 20
638.357175217
 10
1328.456502992
 20
643.256013018
 10
1327.253894878
 20
648.108832634
 10
1325.836139325
 20
652.903156481
 10
1324.191402716
 20
657.624360806
 10
1322.307849130
 20
662.255387894
 10
1320.174077365
 20
666.776489147
 10
1317.779722806
 20
671.165048656
 10
1317.513001840
 20
671.616855036
  0
LWPOLYLINE
  5
15C0
330
A02
100
AcDbEntity
100
AcDbPolyline
  8
IsoView
 90
2
 70
0
 43
0
 10
1062.145494593
 20
613.925863414
 10
1061.803441171
 20
613.054714488
  0
LWPOLYLINE
  5
15C1
330
A02
100
AcDbEntity
100
AcDbPolyline
  8
IsoView
 90
2
 70
0
 43
0
 10
1061.803441171
 20
613.054714488
 10
1061.247032366
 20
612.875890266
  0
LWPOLYLINE
  5
15C2
330
A02
100
AcDbEntity
100
AcDbPolyline
  8
IsoView
 90
2
 70
0
 43
0
 10
1061.247032366
 20
612.875890266
 10
1061.123694283
 20
613.028220848
  0
LWPOLYLINE
  5
15C3
330
A02
100
AcDbEntity
100
AcDbPolyline
  8
IsoView
 90
2
 70
0
 43
0
 10
1053.177786831
 20
613.572050309
 10
1052.847792034
 20
614.578733798
  0
LWPOLYLINE
  5
15C4
330
A02
100
AcDbEntity
100
AcDbPolyline
  8
IsoView
 90
2
 70
0
 43
0
 10
1053.228302975
 20
613.329505476
 10
1053.177786830
 20
613.572050309
  0
LWPOLYLINE
  5
15C5
330
A02
100
AcDbEntity
100
AcDbPolyline
  8
IsoView
 90
2
 70
0
 43
0
 10
1027.969382141
 20
606.488993061
 10
1028.299376938
 20
605.482309572
  0
LWPOLYLINE
  5
15C6
330
A02
100
AcDbEntity
100
AcDbPolyline
  8
IsoView
 90
2
 70
0
 43
0
 10
1028.299376938
 20
605.482309572
 10
1028.349893082
 20
605.239764740
  0
LWPOLYLINE
  5
15C7
330
A02
100
AcDbEntity
100
AcDbPolyline
  8
IsoView
 90
2
 70
0
 43
0
 10
1023.986549767
 20
605.740977483
 10
1024.328415501
 20
606.613342411
  0
LWPOLYLINE
  5
15C8
330
A02
100
AcDbEntity
100
AcDbPolyline
  8
IsoView
 90
2
 70
0
 43
0
 10
1023.306802879
 20
605.714483843
 10
1023.430140962
 20
605.562153262
  0
LWPOLYLINE
  5
15C9
330
A02
100
AcDbEntity
100
AcDbPolyline
  8
IsoView
 90
2
 70
0
 43
0
 10
1023.430140962
 20
605.562153262
 10
1023.986549767
 20
605.740977483
  0
LWPOLYLINE
  5
15CA
330
A02
100
AcDbEntity
100
AcDbPolyline
  8
IsoView
 90
2
 70
0
 43
0
 10
1063.117046617
 20
615.016974733
 10
1062.800117338
 20
614.049091430
  0
LWPOLYLINE
  5
15CB
330
A02
100
AcDbEntity
100
AcDbPolyline
  8
IsoView
 90
2
 70
0
 43
0
 10
1062.800117338
 20
614.049091430
 10
1062.243708533
 20
613.870267209
  0
LWPOLYLINE
  5
15CC
330
A02
100
AcDbEntity
100
AcDbPolyline
  8
IsoView
 90
2
 70
0
 43
0
 10
1062.243708533
 20
613.870267209
 10
1062.120370450
 20
614.022597790
  0
LWPOLYLINE
  5
15CD
330
A02
100
AcDbEntity
100
AcDbPolyline
  8
IsoView
 90
2
 70
0
 43
0
 10
1062.786518744
 20
615.197578562
 10
1062.993708533
 20
615.169305314
  0
LWPOLYLINE
  5
15CE
330
A02
100
AcDbEntity
100
AcDbPolyline
  8
IsoView
 90
2
 70
0
 43
0
 10
1062.993708533
 20
615.169305314
 10
1063.117046617
 20
615.016974733
  0
LWPOLYLINE
  5
15CF
330
A02
100
AcDbEntity
100
AcDbPolyline
  8
IsoView
 90
2
 70
0
 43
0
 10
1054.174462998
 20
614.566427251
 10
1053.844468201
 20
615.573110740
  0
LWPOLYLINE
  5
15D0
330
A02
100
AcDbEntity
100
AcDbPolyline
  8
IsoView
 90
2
 70
0
 43
0
 10
1054.224979143
 20
614.323882419
 10
1054.174462998
 20
614.566427251
  0
LWPOLYLINE
  5
15D1
330
A02
100
AcDbEntity
100
AcDbPolyline
  8
IsoView
 90
2
 70
0
 43
0
 10
1053.844468201
 20
615.573110740
 10
1053.761129243
 20
615.750361746
  0
LWPOLYLINE
  5
15D2
330
A02
100
AcDbEntity
100
AcDbPolyline
  8
IsoView
 90
2
 70
0
 43
0
 10
1053.761129243
 20
615.750361746
 10
1053.797979634
 20
615.557994001
  0
LWPOLYLINE
  5
15D3
330
A02
100
AcDbEntity
100
AcDbPolyline
  8
IsoView
 90
2
 70
0
 43
0
 10
1028.966058308
 20
607.483370004
 10
1029.296053105
 20
606.476686515
  0
LWPOLYLINE
  5
15D4
330
A02
100
AcDbEntity
100
AcDbPolyline
  8
IsoView
 90
2
 70
0
 43
0
 10
1029.296053105
 20
606.476686515
 10
1029.346569250
 20
606.234141682
  0
LWPOLYLINE
  5
15D5
330
A02
100
AcDbEntity
100
AcDbPolyline
  8
IsoView
 90
2
 70
0
 43
0
 10
1028.933235495
 20
607.418076177
 10
1028.882719350
 20
607.660621010
  0
LWPOLYLINE
  5
15D6
330
A02
100
AcDbEntity
100
AcDbPolyline
  8
IsoView
 90
2
 70
0
 43
0
 10
1028.882719350
 20
607.660621010
 10
1028.966058308
 20
607.483370004
  0
LWPOLYLINE
  5
15D7
330
A02
100
AcDbEntity
100
AcDbPolyline
  8
IsoView
 90
2
 70
0
 43
0
 10
1024.983225934
 20
606.735354426
 10
1025.300155213
 20
607.703237728
  0
LWPOLYLINE
  5
15D8
330
A02
100
AcDbEntity
100
AcDbPolyline
  8
IsoView
 90
2
 70
0
 43
0
 10
1024.303479046
 20
606.708860786
 10
1024.426817130
 20
606.556530204
  0
LWPOLYLINE
  5
15D9
330
A02
100
AcDbEntity
100
AcDbPolyline
  8
IsoView
 90
2
 70
0
 43
0
 10
1024.426817130
 20
606.556530204
 10
1024.983225934
 20
606.735354426
  0
LWPOLYLINE
  5
15DA
330
A02
100
AcDbEntity
100
AcDbPolyline
  8
IsoView
 90
2
 70
0
 43
0
 10
1025.300155213
 20
607.703237728
 10
1025.176817130
 20
607.855568310
  0
LWPOLYLINE
  5
15DB
330
A02
100
AcDbEntity
100
AcDbPolyline
  8
IsoView
 90
2
 70
0
 43
0
 10
1025.176817130
 20
607.855568310
 10
1024.983225934
 20
607.886216933
  0
LWPOLYLINE
  5
15DC
330
A02
100
AcDbEntity
100
AcDbPolyline
  8
IsoView
 90
2
 70
0
 43
0
 10
1061.148818426
 20
612.931486471
 10
1060.806765004
 20
612.060337545
  0
LWPOLYLINE
  5
15DD
330
A02
100
AcDbEntity
100
AcDbPolyline
  8
IsoView
 90
2
 70
0
 43
0
 10
1060.806765004
 20
612.060337545
 10
1060.250356199
 20
611.881513324
  0
LWPOLYLINE
  5
15DE
330
A02
100
AcDbEntity
100
AcDbPolyline
  8
IsoView
 90
2
 70
0
 43
0
 10
1060.250356199
 20
611.881513324
 10
1060.127018115
 20
612.033843905
  0
LWPOLYLINE
  5
15DF
330
A02
100
AcDbEntity
100
AcDbPolyline
  8
IsoView
 90
2
 70
0
 43
0
 10
1052.181110663
 20
612.577673367
 10
1051.862117277
 20
613.555547949
  0
LWPOLYLINE
  5
15E0
330
A02
100
AcDbEntity
100
AcDbPolyline
  8
IsoView
 90
2
 70
0
 43
0
 10
1052.148287851
 20
612.512379540
 10
1052.231626808
 20
612.335128534
  0
LWPOLYLINE
  5
15E1
330
A02
100
AcDbEntity
100
AcDbPolyline
  8
IsoView
 90
2
 70
0
 43
0
 10
1052.231626808
 20
612.335128534
 10
1052.181110663
 20
612.577673366
  0
LWPOLYLINE
  5
15E2
330
A02
100
AcDbEntity
100
AcDbPolyline
  8
IsoView
 90
2
 70
0
 43
0
 10
1026.972705974
 20
605.494616119
 10
1027.302700770
 20
604.487932630
  0
LWPOLYLINE
  5
15E3
330
A02
100
AcDbEntity
100
AcDbPolyline
  8
IsoView
 90
2
 70
0
 43
0
 10
1027.302700770
 20
604.487932630
 10
1027.353216915
 20
604.245387798
  0
LWPOLYLINE
  5
15E4
330
A02
100
AcDbEntity
100
AcDbPolyline
  8
IsoView
 90
2
 70
0
 43
0
 10
1027.353216915
 20
604.245387798
 10
1027.269877958
 20
604.422638803
  0
LWPOLYLINE
  5
15E5
330
A02
100
AcDbEntity
100
AcDbPolyline
  8
IsoView
 90
2
 70
0
 43
0
 10
1022.989873600
 20
604.746600541
 10
1023.331739334
 20
605.618965468
  0
LWPOLYLINE
  5
15E6
330
A02
100
AcDbEntity
100
AcDbPolyline
  8
IsoView
 90
2
 70
0
 43
0
 10
1022.310126712
 20
604.720106901
 10
1022.433464795
 20
604.567776319
  0
LWPOLYLINE
  5
15E7
330
A02
100
AcDbEntity
100
AcDbPolyline
  8
IsoView
 90
2
 70
0
 43
0
 10
1022.433464795
 20
604.567776319
 10
1022.989873600
 20
604.746600541
  0
LWPOLYLINE
  5
15E8
330
A02
100
AcDbEntity
100
AcDbPolyline
  8
IsoView
 90
3
 70
0
 43
0
 10
501.569117313
 20
348.190581705
 10
506.159496961
 20
348.061441525
 10
506.980646881
 20
346.311914475
  0
LWPOLYLINE
  5
15E9
330
A02
100
AcDbEntity
100
AcDbPolyline
  8
IsoView
 90
5
 70
0
 43
0
 10
506.980646881
 20
346.311914475
 10
506.347881409
 20
341.418530104
 10
503.685179599
 20
337.222504038
 10
499.416948623
 20
334.827473345
 10
496.263287657
 20
337.475166094
  0
LWPOLYLINE
  5
15EA
330
A02
100
AcDbEntity
100
AcDbPolyline
  8
IsoView
 90
2
 70
0
 43
0
 10
496.263287657
 20
337.475166094
 10
496.147206364
 20
338.454014376
  0
LWPOLYLINE
  5
15EB
330
A02
100
AcDbEntity
100
AcDbPolyline
  8
IsoView
 90
2
 70
0
 43
0
 10
496.147206364
 20
338.454014376
 10
496.210740397
 20
339.769283121
  0
LINE
  5
15EC
330
A02
100
AcDbEntity
  8
IsoView
100
AcDbLine
 10
501.562146772
 20
337.000064299
 30
0.000000000
 11
502.151679332
 21
336.549852461
 31
0.000000000
  0
LWPOLYLINE
  5
15ED
330
A02
100
AcDbEntity
100
AcDbPolyline
  8
IsoView
 90
2
 70
0
 43
0
 10
506.462488984
 20
345.582847757
 10
505.911180808
 20
346.056689889
  0
LWPOLYLINE
  5
15EE
330
A02
100
AcDbEntity
100
AcDbPolyline
  8
IsoView
 90
2
 70
0
 43
0
 10
505.911180808
 20
346.056689889
 10
504.405282010
 20
346.288175240
  0
LWPOLYLINE
  5
15EF
330
A02
100
AcDbEntity
100
AcDbPolyline
  8
IsoView
 90
2
 70
0
 43
0
 10
499.060386275
 20
337.798895139
 10
500.161180808
 20
336.097397746
  0
LWPOLYLINE
  5
15F0
330
A02
100
AcDbEntity
100
AcDbPolyline
  8
IsoView
 90
2
 70
0
 43
0
 10
499.046905093
 20
337.866876656
 10
499.060386275
 20
337.798895139
  0
LWPOLYLINE
  5
15F1
330
A02
100
AcDbEntity
100
AcDbPolyline
  8
IsoView
 90
7
 70
0
 43
0
 10
574.054657681
 20
393.282103742
 10
578.989073992
 20
394.075276040
 10
583.980333833
 20
394.315800514
 10
588.960982074
 20
393.921993295
 10
593.833873326
 20
392.822957177
 10
598.475902620
 20
390.979728149
 10
600.202068213
 20
390.056036389
  0
LWPOLYLINE
  5
15F2
330
A02
100
AcDbEntity
100
AcDbPolyline
  8
IsoView
 90
2
 70
0
 43
0
 10
600.202068213
 20
390.056036389
 10
603.463300032
 20
387.881545844
  0
LWPOLYLINE
  5
15F3
330
A02
100
AcDbEntity
100
AcDbPolyline
  8
IsoView
 90
16
 70
0
 43
0
 10
614.925821288
 20
319.849249409
 10
616.154846065
 20
324.695518861
 10
617.188441405
 20
329.587157164
 10
618.012413577
 20
334.518385911
 10
618.609940873
 20
339.482080107
 10
618.961061346
 20
344.469179473
 10
619.042072014
 20
349.467853914
 10
618.824862887
 20
354.462310370
 10
618.276264902
 20
359.431085012
 10
617.357609227
 20
364.344624448
 10
616.024927537
 20
369.161966254
 10
614.230628532
 20
373.826502560
 10
611.928050034
 20
378.261413118
 10
609.080643609
 20
382.366769905
 10
605.676514183
 20
386.022533135
 10
603.463300032
 20
387.881545844
  0
LWPOLYLINE
  5
15F4
330
A02
100
AcDbEntity
100
AcDbPolyline
  8
IsoView
 90
7
 70
0
 43
0
 10
493.335067640
 20
253.469158947
 10
495.115481207
 20
248.799286714
 10
497.402974515
 20
244.356551401
 10
500.234574904
 20
240.240246754
 10
503.623121261
 20
236.570003042
 10
507.540703612
 20
233.471861005
 10
509.202288764
 20
232.439810327
  0
LWPOLYLINE
  5
15F5
330
A02
100
AcDbEntity
100
AcDbPolyline
  8
IsoView
 90
8
 70
0
 43
0
 10
509.202288764
 20
232.439810327
 10
513.717699204
 20
230.305463013
 10
518.515805537
 20
228.916944373
 10
523.467460499
 20
228.254020681
 10
528.464189379
 20
228.255610830
 10
533.427156617
 20
228.842111359
 10
538.304859121
 20
229.932549795
 10
540.870861881
 20
230.697923870
  0
LWPOLYLINE
  5
15F6
330
A02
100
AcDbEntity
100
AcDbPolyline
  8
IsoView
 90
15
 70
0
 43
0
 10
582.031891623
 20
259.760164767
 10
585.296960701
 20
263.546555572
 10
588.429374351
 20
267.443423405
 10
591.429408575
 20
271.443112358
 10
594.296818302
 20
275.538935530
 10
597.030803567
 20
279.725006436
 10
599.629972967
 20
283.996097082
 10
602.092301021
 20
288.347515626
 10
604.415076529
 20
292.774997644
 10
606.594839035
 20
297.274605653
 10
608.627300341
 20
301.842631811
 10
610.507247521
 20
306.475498484
 10
612.228423273
 20
311.169650691
 10
613.783378517
 20
315.921433154
 10
614.925821288
 20
319.849249409
  0
LWPOLYLINE
  5
15F7
330
A02
100
AcDbEntity
100
AcDbPolyline
  8
IsoView
 90
25
 70
0
 43
0
 10
536.223094772
 20
366.916451187
 10
540.121286321
 20
370.046582920
 10
544.194308803
 20
372.945335264
 10
548.445030045
 20
375.576256442
 10
552.874540953
 20
377.892951293
 10
557.479780672
 20
379.835990114
 10
562.249223716
 20
381.329342298
 10
567.155356253
 20
382.277378974
 10
572.142680130
 20
382.565543043
 10
577.112217658
 20
382.071387921
 10
581.911102789
 20
380.694758348
 10
586.346638352
 20
378.405368631
 10
590.236921367
 20
375.277350512
 10
593.469610793
 20
371.471782247
 10
596.020810565
 20
367.177518608
 10
597.930089046
 20
362.560351341
 10
599.264962867
 20
357.744532244
 10
600.096945778
 20
352.816149940
 10
600.490682706
 20
347.833085215
 10
600.500807395
 20
342.834172956
 10
600.172173379
 20
337.845839261
 10
599.541198533
 20
332.886512615
 10
598.637373264
 20
327.969473231
 10
597.484601140
 20
323.104690651
 10
597.187194282
 20
321.997045296
  0
LWPOLYLINE
  5
15F8
330
A02
100
AcDbEntity
100
AcDbPolyline
  8
IsoView
 90
32
 70
0
 43
0
 10
532.168139610
 20
368.849766173
 10
535.795351463
 20
372.290690893
 10
539.562011247
 20
375.578314246
 10
543.470338514
 20
378.696102732
 10
547.522629106
 20
381.624212243
 10
551.720934889
 20
384.338641738
 10
556.066527689
 20
386.810159083
 10
560.559006699
 20
389.002966614
 10
565.194825572
 20
390.873120488
 10
569.964902269
 20
392.366849061
 10
574.850863872
 20
393.419224782
 10
579.819509444
 20
393.954271647
 10
584.815629789
 20
393.888608470
 10
589.755088855
 20
393.141674017
 10
594.523319128
 20
391.654564444
 10
598.986570699
 20
389.413600412
 10
603.017992356
 20
386.465532153
 10
606.527038904
 20
382.910752897
 10
609.474201839
 20
378.876742348
 10
611.865254015
 20
374.489143669
 10
613.734599374
 20
369.854343912
 10
615.129235952
 20
365.054689385
 10
616.098207776
 20
360.150905233
 10
616.687229581
 20
355.186816776
 10
616.936622886
 20
350.193904212
 10
616.880976821
 20
345.194912551
 10
616.549566901
 20
340.206486752
 10
615.967031309
 20
335.241027959
 10
615.154074209
 20
330.307984935
 10
614.128103363
 20
325.414752926
 10
612.903774061
 20
320.567304464
 10
612.879886674
 20
320.480095828
  0
LWPOLYLINE
  5
15F9
330
A02
100
AcDbEntity
100
AcDbPolyline
  8
IsoView
 90
14
 70
0
 43
0
 10
597.187194282
 20
321.997045296
 10
595.754578987
 20
317.207126986
 10
594.111392421
 20
312.485257636
 10
592.269853132
 20
307.837124594
 10
590.239831781
 20
303.268139193
 10
588.029221719
 20
298.783727237
 10
585.644222278
 20
294.389572670
 10
583.089554542
 20
290.091840758
 10
580.368624847
 20
285.897401571
 10
577.483648095
 20
281.814072344
 10
574.435741231
 20
277.850897779
 10
571.224996922
 20
274.018490231
 10
567.850549173
 20
270.329457371
 10
565.289847028
 20
267.742409802
  0
LWPOLYLINE
  5
15FA
330
A02
100
AcDbEntity
100
AcDbPolyline
  8
IsoView
 90
15
 70
0
 43
0
 10
612.879886674
 20
320.480095828
 10
611.466289385
 20
315.684389543
 10
609.877276614
 20
310.943890064
 10
608.121599576
 20
306.262535521
 10
606.206613118
 20
301.644045583
 10
604.138466829
 20
297.092068445
 10
601.922258386
 20
292.610303730
 10
599.562156362
 20
288.202611151
 10
597.061498320
 20
283.873112562
 10
594.422868867
 20
279.626293782
 10
591.648161536
 20
275.467111959
 10
588.738627812
 20
271.401114233
 10
585.694916378
 20
267.434573949
 10
582.517105758
 20
263.574651656
 10
580.015646417
 20
260.721466906
  0
LWPOLYLINE
  5
15FB
330
A02
100
AcDbEntity
100
AcDbPolyline
  8
IsoView
 90
13
 70
0
 43
0
 10
540.243522899
 20
232.617001129
 10
535.436588485
 20
231.246970309
 10
530.521776820
 20
230.339761276
 10
525.538023153
 20
229.974162162
 10
520.548512411
 20
230.234161612
 10
515.646693323
 20
231.196228142
 10
510.954731173
 20
232.908246643
 10
506.607548706
 20
235.366733695
 10
502.723934186
 20
238.507184374
 10
499.379837123
 20
242.217905107
 10
496.599972507
 20
246.369311023
 10
494.368187824
 20
250.840300926
 10
492.726309724
 20
255.272181431
  0
LWPOLYLINE
  5
15FC
330
A02
100
AcDbEntity
100
AcDbPolyline
  8
IsoView
 90
11
 70
0
 43
0
 10
582.009592528
 20
370.980826001
 10
577.726384880
 20
373.539320567
 10
572.979898290
 20
375.079328357
 10
568.016538580
 20
375.616160878
 10
563.033796112
 20
375.272359236
 10
558.153276561
 20
374.202975462
 10
553.437398944
 20
372.549207898
 10
548.913401115
 20
370.424306425
 10
544.590289641
 20
367.914887951
 10
540.468470724
 20
365.086429375
 10
540.309037991
 20
364.968361766
  0
LWPOLYLINE
  5
15FD
330
A02
100
AcDbEntity
100
AcDbPolyline
  8
IsoView
 90
12
 70
0
 43
0
 10
590.268415520
 20
321.963102811
 10
591.460059151
 20
326.818382977
 10
592.372962965
 20
331.733586561
 10
592.976844195
 20
336.696076667
 10
593.233315425
 20
341.688350919
 10
593.093680297
 20
346.684897946
 10
592.496510363
 20
351.647039063
 10
591.365956631
 20
356.514553231
 10
589.613649132
 20
361.192900989
 10
587.150893749
 20
365.537200299
 10
583.921647656
 20
369.343283489
 10
582.009592528
 20
370.980826000
  0
LWPOLYLINE
  5
15FE
330
A02
100
AcDbEntity
100
AcDbPolyline
  8
IsoView
 90
14
 70
0
 43
0
 10
558.741924207
 20
270.864317890
 10
562.394420146
 20
274.277938603
 10
565.858475153
 20
277.882758346
 10
569.136873838
 20
281.657293710
 10
572.231196284
 20
285.584202110
 10
575.141678584
 20
289.649274897
 10
577.867103962
 20
293.840688458
 10
580.404685420
 20
298.148430084
 10
582.749914092
 20
302.563838507
 10
584.896352163
 20
307.079212996
 10
586.835348469
 20
311.687451487
 10
588.555650280
 20
316.381678306
 10
590.042876427
 20
321.154814626
 10
590.268415520
 20
321.963102811
  0
LWPOLYLINE
  5
15FF
330
A02
100
AcDbEntity
100
AcDbPolyline
  8
IsoView
 90
5
 70
0
 43
0
 10
613.354983937
 20
381.755475774
 10
617.815491328
 20
379.508824012
 10
621.847760547
 20
376.561740515
 10
625.362801433
 20
373.012771382
 10
628.183591173
 20
369.202415662
  0
LWPOLYLINE
  5
1600
330
A02
100
AcDbEntity
100
AcDbPolyline
  8
IsoView
 90
4
 70
0
 43
0
 10
522.966089075
 20
225.199673632
 10
527.141893086
 20
222.459923334
 10
531.710198429
 20
220.441240209
 10
534.811643332
 20
219.535522333
  0
LWPOLYLINE
  5
1601
330
A02
100
AcDbEntity
100
AcDbPolyline
  8
IsoView
 90
6
 70
0
 43
0
 10
622.271211491
 20
382.654918985
 10
618.048596886
 20
385.323032263
 10
613.463314491
 20
387.304361271
 10
608.632493432
 20
388.576758301
 10
603.671005665
 20
389.165801084
 10
601.645750449
 20
389.222531233
  0
LWPOLYLINE
  5
1602
330
A02
100
AcDbEntity
100
AcDbPolyline
  8
IsoView
 90
6
 70
0
 43
0
 10
510.645750449
 20
231.605907744
 10
513.422297151
 20
227.451719007
 10
516.728155102
 20
223.706049401
 10
520.544659198
 20
220.483234633
 10
524.810903240
 20
217.885474361
 10
526.646196808
 20
217.027542020
  0
LWPOLYLINE
  5
1603
330
A02
100
AcDbEntity
100
AcDbPolyline
  8
IsoView
 90
6
 70
0
 43
0
 10
617.336207885
 20
388.608293612
 10
612.753988482
 20
390.597307838
 10
607.929716424
 20
391.895073987
 10
602.973057730
 20
392.524550414
 10
597.975900547
 20
392.539651198
 10
595.375675416
 20
392.326164509
  0
LWPOLYLINE
  5
1604
330
A02
100
AcDbEntity
100
AcDbPolyline
  8
IsoView
 90
6
 70
0
 43
0
 10
504.822887671
 20
235.484135369
 10
507.076347998
 20
231.023517739
 10
509.830792855
 20
226.854403802
 10
513.101223737
 20
223.077426094
 10
516.872462254
 20
219.801324050
 10
519.022923134
 20
218.324692710
  0
LWPOLYLINE
  5
1605
330
A02
100
AcDbEntity
100
AcDbPolyline
  8
IsoView
 90
10
 70
0
 43
0
 10
614.002834037
 20
391.377486502
 10
609.735979511
 20
393.974892844
 10
605.128310561
 20
395.904505225
 10
600.289944524
 20
397.149184518
 10
595.327760187
 20
397.734451418
 10
590.330530037
 20
397.714787431
 10
585.363814437
 20
397.157643394
 10
580.471944335
 20
396.131462895
 10
575.682856824
 20
394.699081822
 10
571.027542398
 20
392.921298902
  0
LWPOLYLINE
  5
1606
330
A02
100
AcDbEntity
100
AcDbPolyline
  8
IsoView
 90
10
 70
0
 43
0
 10
492.233256385
 20
255.507258607
 10
493.078151119
 20
250.580234210
 10
494.293064049
 20
245.731465766
 10
495.917516425
 20
241.004529889
 10
497.991820424
 20
236.457544806
 10
500.551912868
 20
232.165973745
 10
503.620641654
 20
228.222929136
 10
507.196092261
 20
224.733773263
 10
511.240862973
 20
221.802331799
 10
514.958046236
 20
219.826881806
  0
LWPOLYLINE
  5
1607
330
A02
100
AcDbEntity
100
AcDbPolyline
  8
IsoView
 90
6
 70
0
 43
0
 10
494.291226872
 20
311.816286696
 10
496.083405496
 20
316.483856661
 10
498.013509172
 20
321.096112283
 10
500.076950117
 20
325.650284072
 10
502.269833633
 20
330.143565648
 10
502.835646518
 20
331.252687220
  0
LWPOLYLINE
  5
1608
330
A02
100
AcDbEntity
100
AcDbPolyline
  8
IsoView
 90
4
 70
0
 43
0
 10
511.435106369
 20
346.148985558
 10
514.200200594
 20
350.314628457
 10
517.082932422
 20
354.399740486
 10
518.312660349
 20
356.069004077
  0
LWPOLYLINE
  5
1609
330
A02
100
AcDbEntity
100
AcDbPolyline
  8
IsoView
 90
26
 70
0
 43
0
 10
529.883324973
 20
369.939116413
 10
533.356374907
 20
373.535732279
 10
536.948994557
 20
377.012885261
 10
540.662603668
 20
380.360474006
 10
544.498828754
 20
383.566762651
 10
548.459413596
 20
386.618034049
 10
552.546078823
 20
389.498159471
 10
556.760301524
 20
392.188065937
 10
561.102970225
 20
394.665082415
 10
565.573847045
 20
396.902152255
 10
570.170735067
 20
398.866919313
 10
574.888204473
 20
400.520744598
 10
579.715684050
 20
401.817816532
 10
584.634707840
 20
402.704722837
 10
589.615207478
 20
403.121196661
 10
594.611137597
 20
403.003201794
 10
599.556646235
 20
402.289791002
 10
604.365412575
 20
400.934479102
 10
608.936612676
 20
398.919251254
 10
613.168995349
 20
396.265376827
 10
616.979019386
 20
393.033897621
 10
620.314474439
 20
389.313859404
 10
623.157438709
 20
385.204391162
 10
625.517764005
 20
380.799277509
 10
627.422791670
 20
376.178441557
 10
628.459988611
 20
373.001140941
  0
LWPOLYLINE
  5
160A
330
A02
100
AcDbEntity
100
AcDbPolyline
  8
IsoView
 90
16
 70
0
 43
0
 10
486.007862215
 20
258.475392005
 10
486.638314165
 20
253.516155220
 10
487.601835915
 20
248.610950943
 10
488.933163815
 20
243.792840717
 10
490.669488398
 20
239.105822636
 10
492.847745820
 20
234.607659354
 10
495.499458791
 20
230.371975825
 10
498.642566201
 20
226.487748816
 10
502.271136863
 20
223.053505244
 10
506.346652297
 20
220.164401097
 10
510.796735621
 20
217.894381271
 10
515.524952191
 20
216.280948212
 10
520.428250327
 20
215.320608020
 10
525.413461627
 20
214.976357080
 10
530.406510910
 20
215.191324881
 10
532.592136991
 20
215.446707778
  0
LWPOLYLINE
  5
160B
330
A02
100
AcDbEntity
100
AcDbPolyline
  8
IsoView
 90
21
 70
0
 43
0
 10
611.027119029
 20
402.149704956
 10
606.516632258
 20
404.297982102
 10
601.754889765
 20
405.810767379
 10
596.837302174
 20
406.696806279
 10
591.848780432
 20
406.993462522
 10
586.856628529
 20
406.754645132
 10
581.909690175
 20
406.039901831
 10
577.041071387
 20
404.907140766
 10
572.271947894
 20
403.408877745
 10
567.615081824
 20
401.590908096
 10
563.077576423
 20
399.492326610
 10
558.662859702
 20
397.146162884
 10
554.372048073
 20
394.580218270
 10
550.204859553
 20
391.817901259
 10
546.160216272
 20
388.878976527
 10
542.236638563
 20
385.780202646
 10
538.432501370
 20
382.535860686
 10
534.746200498
 20
379.158186481
 10
531.176260229
 20
375.657722071
 10
527.721403087
 20
372.043601109
 10
527.034540121
 20
371.297355463
  0
LWPOLYLINE
  5
160C
330
A02
100
AcDbEntity
100
AcDbPolyline
  8
IsoView
 90
5
 70
0
 43
0
 10
525.896399878
 20
370.039905620
 10
522.617077693
 20
366.265760654
 10
519.450757024
 20
362.396310679
 10
516.397142581
 20
358.437301731
 10
516.287095108
 20
358.290205274
  0
LWPOLYLINE
  5
160D
330
A02
100
AcDbEntity
100
AcDbPolyline
  8
IsoView
 90
4
 70
0
 43
0
 10
516.287095108
 20
358.290205274
 10
513.350359387
 20
354.243729942
 10
510.526737155
 20
350.117523005
 10
508.894073078
 20
347.616051812
  0
LWPOLYLINE
  5
160E
330
A02
100
AcDbEntity
100
AcDbPolyline
  8
IsoView
 90
2
 70
0
 43
0
 10
506.496988424
 20
343.774224458
 10
505.854972956
 20
342.708530220
  0
LWPOLYLINE
  5
160F
330
A02
100
AcDbEntity
100
AcDbPolyline
  8
IsoView
 90
2
 70
0
 43
0
 10
502.859962284
 20
337.509497208
 10
502.430757079
 20
336.731305119
  0
LWPOLYLINE
  5
1610
330
A02
100
AcDbEntity
100
AcDbPolyline
  8
IsoView
 90
7
 70
0
 43
0
 10
500.360134283
 20
332.846482150
 10
498.121975082
 20
328.375566017
 10
496.007379752
 20
323.844904150
 10
494.019735197
 20
319.257134921
 10
492.163021860
 20
314.614839961
 10
490.441882514
 20
309.920601387
 10
489.634413552
 20
307.556652203
  0
LWPOLYLINE
  5
1611
330
A02
100
AcDbEntity
100
AcDbPolyline
  8
IsoView
 90
12
 70
0
 43
0
 10
482.449679135
 20
260.171856798
 10
482.883713260
 20
255.191425490
 10
483.618731600
 20
250.246602824
 10
484.684840390
 20
245.362661282
 10
486.115166414
 20
240.572990150
 10
487.944568066
 20
235.921475947
 10
490.206840264
 20
231.464904273
 10
492.929711331
 20
227.274479431
 10
496.127316682
 20
223.434767796
 10
499.791187740
 20
220.037854336
 10
503.883086459
 20
217.171486872
 10
504.141173896
 20
217.017817370
  0
LWPOLYLINE
  5
1612
330
A02
100
AcDbEntity
100
AcDbPolyline
  8
IsoView
 90
7
 70
0
 43
0
 10
484.897856169
 20
309.814940397
 10
486.548721311
 20
314.534350272
 10
488.336195199
 20
319.203742179
 10
490.255378790
 20
323.820569636
 10
492.302052273
 20
328.382318090
 10
494.472602669
 20
332.886446903
 10
496.110233209
 20
336.092029392
  0
LWPOLYLINE
  5
1613
330
A02
100
AcDbEntity
100
AcDbPolyline
  8
IsoView
 90
2
 70
0
 43
0
 10
497.768416018
 20
339.190375652
 10
498.294687490
 20
340.145259839
  0
LWPOLYLINE
  5
1614
330
A02
100
AcDbEntity
100
AcDbPolyline
  8
IsoView
 90
2
 70
0
 43
0
 10
501.289756328
 20
345.344259270
 10
502.578382113
 20
347.468357301
  0
LWPOLYLINE
  5
1615
330
A02
100
AcDbEntity
100
AcDbPolyline
  8
IsoView
 90
45
 70
0
 43
0
 10
504.327052600
 20
350.252822314
 10
507.079828247
 20
354.426634708
 10
509.944808959
 20
358.524235621
 10
512.921412792
 20
362.541476774
 10
516.009392027
 20
366.473742484
 10
519.208818686
 20
370.315865846
 10
522.520070502
 20
374.062029968
 10
525.943815559
 20
377.705650276
 10
529.480993176
 20
381.239232971
 10
533.132787537
 20
384.654203505
 10
536.900588991
 20
387.940697465
 10
540.785935461
 20
391.087304451
 10
544.790422666
 20
394.080753557
 10
548.915566123
 20
396.905527155
 10
553.162589221
 20
399.543388501
 10
557.532098688
 20
401.972809821
 10
562.023589822
 20
404.168294162
 10
566.634697469
 20
406.099602637
 10
571.360075434
 20
407.730940611
 10
576.189754164
 20
409.020241761
 10
581.106819087
 20
409.918846675
 10
586.084332783
 20
410.372128700
 10
591.081715050
 20
410.321949278
 10
596.041452645
 20
409.712035315
 10
600.888029510
 20
408.496954793
 10
605.531721921
 20
406.653642271
 10
609.878915472
 20
404.191541997
 10
613.846934555
 20
401.155728780
 10
617.377326860
 20
397.619984853
 10
620.441660405
 20
393.672808758
 10
623.038739915
 20
389.403042062
 10
625.186806616
 20
384.890128318
 10
626.915094375
 20
380.199966506
 10
628.257241180
 20
375.384739765
 10
629.247088362
 20
370.484697673
 10
629.916413593
 20
365.530499564
 10
630.293936035
 20
360.545424348
 10
630.405054724
 20
355.547200540
 10
630.271964276
 20
350.549429293
 10
629.913938542
 20
345.562656412
 10
629.347668632
 20
340.595168130
 10
628.587598382
 20
335.653579012
 10
627.646231685
 20
330.743266936
 10
626.534402591
 20
325.868696787
 10
625.505618464
 20
321.913596701
  0
LWPOLYLINE
  5
1616
330
A02
100
AcDbEntity
100
AcDbPolyline
  8
IsoView
 90
19
 70
0
 43
0
 10
477.591141711
 20
262.488302439
 10
477.988184046
 20
257.504752699
 10
478.678927731
 20
252.553507013
 10
479.692320178
 20
247.658295525
 10
481.060326826
 20
242.850372036
 10
482.816867070
 20
238.170744845
 10
484.995434009
 20
233.672510304
 10
487.624735678
 20
229.422552955
 10
490.721941885
 20
225.501166406
 10
494.284177137
 20
221.997552696
 10
498.280916444
 20
218.999681988
 10
502.651720177
 20
216.579738921
 10
507.312658785
 20
214.780420091
 10
512.169933017
 20
213.608687203
 10
517.134551873
 20
213.039535599
 10
522.132204546
 20
213.026416228
 10
527.106635224
 20
213.512675721
 10
532.018335384
 20
214.440285914
 10
532.049792334
 20
214.447590683
  0
LWPOLYLINE
  5
1617
330
A02
100
AcDbEntity
100
AcDbPolyline
  8
IsoView
 90
17
 70
0
 43
0
 10
590.780436866
 20
255.589047469
 10
593.906372768
 20
259.491204168
 10
596.920943940
 20
263.480030622
 10
599.824013202
 20
267.550733387
 10
602.615114224
 20
271.699013523
 10
605.293435979
 20
275.920990828
 10
607.857804605
 20
280.213137947
 10
610.306661647
 20
284.572221944
 10
612.638037681
 20
288.995251209
 10
614.849520273
 20
293.479425790
 10
616.938215154
 20
298.022089271
 10
618.900699289
 20
302.620680300
 10
620.732964310
 20
307.272681682
 10
622.430348450
 20
311.975564623
 10
623.987454788
 20
316.726725180
 10
625.398053121
 20
321.523409194
 10
625.505618464
 20
321.913596701
  0
LWPOLYLINE
  5
1618
330
A02
100
AcDbEntity
100
AcDbPolyline
  8
IsoView
 90
4
 70
0
 43
0
 10
516.932355649
 20
209.408825525
 10
521.908050243
 20
208.944453430
 10
526.905320081
 20
209.018599766
 10
529.414089114
 20
209.242404964
  0
LWPOLYLINE
  5
1619
330
A02
100
AcDbEntity
100
AcDbPolyline
  8
IsoView
 90
11
 70
0
 43
0
 10
635.938356668
 20
350.209333179
 10
635.996447384
 20
355.208528550
 10
635.807530316
 20
360.204403668
 10
635.349152737
 20
365.182678596
 10
634.595741132
 20
370.124766772
 10
633.518567406
 20
375.006328572
 10
632.086140575
 20
379.795441863
 10
630.265392933
 20
384.450451832
 10
628.024194571
 20
388.917805300
 10
625.335799765
 20
393.130639284
 10
624.012290140
 20
394.876712536
  0
LWPOLYLINE
  5
161A
330
A02
100
AcDbEntity
100
AcDbPolyline
  8
IsoView
 90
24
 70
0
 43
0
 10
462.807437847
 20
269.536852937
 10
462.674898087
 20
264.538962902
 10
462.755825177
 20
259.540026989
 10
463.067064969
 20
254.550203916
 10
463.627610918
 20
249.582296576
 10
464.458710744
 20
244.652543932
 10
465.583819184
 20
239.781621169
 10
467.028261857
 20
234.995857606
 10
468.818404196
 20
230.328623829
 10
470.980043787
 20
225.821716201
 10
473.535712491
 20
221.526348827
 10
476.500693627
 20
217.503056885
 10
479.877986140
 20
213.819546066
 10
483.653260895
 20
210.545620735
 10
487.791760577
 20
207.745217858
 10
492.239254291
 20
205.467262809
 10
496.927778910
 20
203.738506799
 10
501.784489653
 20
202.561168478
 10
506.740393052
 20
201.915902256
 10
511.736309830
 20
201.768163124
 10
516.725305457
 20
202.075229019
 10
521.672379155
 20
202.791956126
 10
526.552692410
 20
203.874606264
 10
527.781664029
 20
204.203566676
  0
LWPOLYLINE
  5
161B
330
A02
100
AcDbEntity
100
AcDbPolyline
  8
IsoView
 90
27
 70
0
 43
0
 10
454.973656200
 20
273.394250092
 10
454.628238735
 20
268.406463524
 10
454.467389495
 20
263.409355004
 10
454.503926285
 20
258.409836345
 10
454.752256555
 20
253.416410137
 10
455.228521412
 20
248.439617589
 10
455.950698459
 20
243.492608036
 10
456.938615749
 20
238.591852857
 10
458.213799501
 20
233.758017674
 10
459.799037023
 20
229.016980729
 10
461.717486992
 20
224.400928378
 10
463.991127884
 20
219.949352538
 10
466.638343401
 20
215.709607924
 10
469.670577098
 20
211.736482080
 10
473.088336672
 20
208.090095917
 10
476.877399621
 20
204.831608583
 10
481.006628737
 20
202.016881917
 10
485.428821331
 20
199.689390859
 10
490.085063074
 20
197.874576453
 10
494.911478525
 20
196.577627579
 10
499.846183785
 20
195.785223815
 10
504.834465102
 20
195.470098780
 10
509.831378838
 20
195.596534901
 10
514.802106611
 20
196.125250365
 10
519.720914941
 20
197.016958411
 10
524.569526322
 20
198.234556497
 10
527.180317967
 20
199.023930079
  0
LWPOLYLINE
  5
161C
330
A02
100
AcDbEntity
100
AcDbPolyline
  8
IsoView
 90
18
 70
0
 43
0
 10
596.611095439
 20
252.809115473
 10
599.617043496
 20
256.804510369
 10
602.531267103
 20
260.867297133
 10
605.353473732
 20
264.994537079
 10
608.083180696
 20
269.183531877
 10
610.719707257
 20
273.431792311
 10
613.262165496
 20
277.737010153
 10
615.709449650
 20
282.097032461
 10
618.060223601
 20
286.509837685
 10
620.312906193
 20
290.973512979
 10
622.465654032
 20
295.486232155
 10
624.516341369
 20
300.046233697
 10
626.462536614
 20
304.651798208
 10
628.301474980
 20
309.301224617
 10
630.030026624
 20
313.992804348
 10
631.644659615
 20
318.724792541
 10
633.141396896
 20
323.495375167
 10
634.401603439
 20
327.884540675
  0
LWPOLYLINE
  5
161D
330
A02
100
AcDbEntity
100
AcDbPolyline
  8
IsoView
 90
56
 70
0
 43
0
 10
634.401603439
 20
327.884540675
 10
635.659836106
 20
332.723482295
 10
636.785545802
 20
337.594946679
 10
637.772452683
 20
342.496401753
 10
638.613497374
 20
347.424963701
 10
639.300739215
 20
352.377294069
 10
639.825240309
 20
357.349469940
 10
640.176934928
 20
362.336818978
 10
640.344485194
 20
367.333708708
 10
640.315126377
 20
372.333276396
 10
640.074509528
 20
377.327082371
 10
639.606556618
 20
382.304666013
 10
638.893355583
 20
387.252980946
 10
637.915142136
 20
392.155686509
 10
636.650444468
 20
396.992281152
 10
635.076507749
 20
401.737088473
 10
633.170164551
 20
406.358162265
 10
630.909359416
 20
410.816280957
 10
628.275530623
 20
415.064366802
 10
625.256924808
 20
419.047869819
 10
621.852580471
 20
422.706797372
 10
618.076150880
 20
425.979929014
 10
613.958171849
 20
428.811094964
 10
609.545335608
 20
431.156273479
 10
604.896250762
 20
432.989327717
 10
600.074741762
 20
434.304364452
 10
595.142864737
 20
435.114119237
 10
590.155644937
 20
435.445460988
 10
585.158386607
 20
435.333899537
 10
580.186252224
 20
434.818660212
 10
575.265268756
 20
433.939074136
 10
570.413946683
 20
432.732344772
 10
565.644969813
 20
431.232407309
 10
560.966685592
 20
429.469524243
 10
556.384307349
 20
427.470317606
 10
551.900834572
 20
425.258028188
 10
547.517734998
 20
422.852870843
 10
543.235440067
 20
420.272411256
 10
539.053700280
 20
417.531925451
 10
534.971838038
 20
414.644724629
 10
530.988926597
 20
411.622439732
 10
527.103916294
 20
408.475266238
 10
523.315723356
 20
405.212172552
 10
519.623292276
 20
401.841076398
 10
516.025639595
 20
398.368993764
 10
512.521884676
 20
394.802164642
 10
509.111271456
 20
391.146159314
 10
505.793184011
 20
387.405968421
 10
502.567158006
 20
383.586079560
 10
499.432889493
 20
379.690542686
 10
496.390242165
 20
375.723026261
 10
493.439253860
 20
371.686865728
 10
490.580142941
 20
367.585105658
 10
487.813315038
 20
363.420536706
 10
485.139370540
 20
359.195728313
 10
483.107729792
 20
355.841657184
  0
LWPOLYLINE
  5
161E
330
A02
100
AcDbEntity
100
AcDbPolyline
  8
IsoView
 90
8
 70
0
 43
0
 10
480.111786235
 20
350.643162773
 10
477.720664823
 20
346.252088898
 10
475.426945845
 20
341.809360567
 10
473.232361278
 20
337.316837375
 10
471.138916700
 20
332.776305065
 10
469.148913312
 20
328.189497761
 10
467.264973622
 20
323.558121160
 10
465.547581387
 20
319.040733215
  0
LWPOLYLINE
  5
161F
330
A02
100
AcDbEntity
100
AcDbPolyline
  8
IsoView
 90
41
 70
0
 43
0
 10
628.532957836
 20
442.957924155
 10
624.416822066
 20
445.792930241
 10
620.041078424
 20
448.207978820
 10
615.449091425
 20
450.181247597
 10
610.688624802
 20
451.704178407
 10
605.807717039
 20
452.781121669
 10
600.851154420
 20
453.427266378
 10
595.858141290
 20
453.665630446
 10
590.861263624
 20
453.523930735
 10
585.886482914
 20
453.031900055
 10
580.953770213
 20
452.219293904
 10
576.078031720
 20
451.114585804
 10
571.270086292
 20
449.744226115
 10
566.537562194
 20
448.132306948
 10
561.885657461
 20
446.300492356
 10
557.317754034
 20
444.268106363
 10
552.835898458
 20
442.052304638
 10
548.441170430
 20
439.668282195
 10
544.133961486
 20
437.129488537
 10
539.914183817
 20
434.447834291
 10
535.781425758
 20
431.633881368
 10
531.735067082
 20
428.697013476
 10
527.774364245
 20
425.645586529
 10
523.898513260
 20
422.487059975
 10
520.106696012
 20
419.228110756
 10
516.398114326
 20
415.874731837
 10
512.772015021
 20
412.432317267
 10
509.227708347
 20
408.905735595
 10
505.764581605
 20
405.299393299
 10
502.382109282
 20
401.617289667
 10
499.079860705
 20
397.863064398
 10
495.857505973
 20
394.040039009
 10
492.714820740
 20
390.151252974
 10
489.651690288
 20
386.199495393
 10
486.668113226
 20
382.187332870
 10
483.764205093
 20
378.117134169
 10
480.940202076
 20
373.991092173
 10
478.196465022
 20
369.811243550
 10
475.533483903
 20
365.579486530
 10
472.951882880
 20
361.297597105
 10
472.245151257
 20
360.092372472
  0
LWPOLYLINE
  5
1620
330
A02
100
AcDbEntity
100
AcDbPolyline
  8
IsoView
 90
9
 70
0
 43
0
 10
470.484810326
 20
357.024589760
 10
468.067307974
 20
352.647955977
 10
465.733910540
 20
348.225909805
 10
463.485843845
 20
343.759879837
 10
461.324506649
 20
339.251239562
 10
459.251482158
 20
334.701319850
 10
457.268551180
 20
330.111421708
 10
455.377707151
 20
325.482829587
 10
454.849892558
 20
324.141160051
  0
LWPOLYLINE
  5
1621
330
A02
100
AcDbEntity
100
AcDbPolyline
  8
IsoView
 90
2
 70
0
 43
0
 10
453.757297119
 20
321.287156724
 10
453.640124946
 20
320.974584322
  0
LWPOLYLINE
  5
1622
330
A02
100
AcDbEntity
100
AcDbPolyline
  8
IsoView
 90
37
 70
0
 43
0
 10
442.657749722
 20
280.504842012
 10
441.908920537
 20
275.561389974
 10
441.297692443
 20
270.599060121
 10
440.831190835
 20
265.621056339
 10
440.517316565
 20
260.631123999
 10
440.364830422
 20
255.633679886
 10
440.383442083
 20
250.633973495
 10
440.583899817
 20
245.638287371
 10
440.978074228
 20
240.654185531
 10
441.579024888
 20
235.690820080
 10
442.401031860
 20
230.759306243
 10
443.459564355
 20
225.873174075
 10
444.771145207
 20
221.048898959
 10
446.353052638
 20
216.306499441
 10
448.222781751
 20
211.670165230
 10
450.397173336
 20
207.168835044
 10
452.891119854
 20
202.836580015
 10
455.715800249
 20
198.712569641
 10
458.876504205
 20
194.840329818
 10
462.370298261
 20
191.266003761
 10
466.184027546
 20
188.035475339
 10
470.293320656
 20
185.190557241
 10
474.663195130
 20
182.764905665
 10
479.250444986
 20
180.780654951
 10
484.007364393
 20
179.246692201
 10
488.885875384
 20
178.158964188
 10
493.841078680
 20
177.502513581
 10
498.833615834
 20
177.254475961
 10
503.830735196
 20
177.387214975
 10
508.806318708
 20
177.871020427
 10
513.740258985
 20
178.676119167
 10
518.617537545
 20
179.773995422
 10
523.427246589
 20
181.138143907
 10
528.161689364
 20
182.744413055
 10
532.815616212
 20
184.571079906
 10
537.385606942
 20
186.598764921
 10
538.262363454
 20
187.013969976
  0
LWPOLYLINE
  5
1623
330
A02
100
AcDbEntity
100
AcDbPolyline
  8
IsoView
 90
20
 70
0
 43
0
 10
607.316021756
 20
247.598508989
 10
610.242329622
 20
251.652632453
 10
613.088811135
 20
255.763198664
 10
615.855140897
 20
259.928128938
 10
618.540865693
 20
264.145487856
 10
621.145399609
 20
268.413466641
 10
623.668018467
 20
272.730367902
 10
626.107853429
 20
277.094591432
 10
628.463883658
 20
281.504620813
 10
630.734927882
 20
285.959010588
 10
632.919634710
 20
290.456373730
 10
635.016471539
 20
294.995369194
 10
637.023711861
 20
299.574689252
 10
638.939420762
 20
304.193046369
 10
640.761438364
 20
308.849159276
 10
642.487360944
 20
313.541737899
 10
644.114519411
 20
318.269466716
 10
645.639954793
 20
323.030986050
 10
647.060390313
 20
327.824870696
 10
647.603570124
 20
329.770125470
  0
LWPOLYLINE
  5
1624
330
A02
100
AcDbEntity
100
AcDbPolyline
  8
IsoView
 90
26
 70
0
 43
0
 10
647.603570124
 20
329.770125470
 10
648.870386942
 20
334.606865476
 10
650.022826365
 20
339.472118476
 10
651.056264338
 20
344.364022153
 10
651.965583017
 20
349.280499835
 10
652.745115525
 20
354.219206406
 10
653.388583860
 20
359.177462301
 10
653.889029617
 20
364.152172500
 10
654.238737496
 20
369.139726626
 10
654.429152175
 20
374.135875287
 10
654.450790131
 20
379.135576617
 10
654.293149651
 20
384.132805674
 10
653.944624917
 20
389.120317927
 10
653.392434143
 20
394.089356950
 10
652.622577931
 20
399.029295969
 10
651.619853057
 20
403.927204282
 10
650.367959540
 20
408.767334513
 10
648.849755286
 20
413.530538141
 10
647.047731561
 20
418.193639215
 10
644.944799188
 20
422.728834862
 10
642.525478677
 20
427.103250379
 10
639.777557183
 20
431.278853464
 10
636.694183969
 20
435.213005988
 10
633.276202825
 20
438.859952946
 10
629.534282895
 20
442.173440052
 10
628.532957835
 20
442.957924154
  0
LWPOLYLINE
  5
1625
330
A02
100
AcDbEntity
100
AcDbPolyline
  8
IsoView
 90
72
 70
0
 43
0
 10
662.640039765
 20
329.212475931
 10
663.912562033
 20
334.047740570
 10
665.082684456
 20
338.908795670
 10
666.146729331
 20
343.794160541
 10
667.100668104
 20
348.702206113
 10
667.940086400
 20
353.631121399
 10
668.660145126
 20
358.578873454
 10
669.255537421
 20
363.543159330
 10
669.720441330
 20
368.521348207
 10
670.048468313
 20
373.510411412
 10
670.232608018
 20
378.506837582
 10
670.265170325
 20
383.506529627
 10
670.137726473
 20
388.504679515
 10
669.841052427
 20
393.495616229
 10
669.365079492
 20
398.472621698
 10
668.698860015
 20
403.427709178
 10
667.830559921
 20
408.351358960
 10
666.747495249
 20
413.232207853
 10
665.436236920
 20
418.056692716
 10
663.882816564
 20
422.808655852
 10
662.073075373
 20
427.468933106
 10
659.993205191
 20
432.014966395
 10
657.630531247
 20
436.420512257
 10
654.974570726
 20
440.655555394
 10
652.018359781
 20
444.686572942
 10
648.759964273
 20
448.477312523
 10
645.203979425
 20
451.990215668
 10
641.362709107
 20
455.188507736
 10
637.256657298
 20
458.038781737
 10
632.914033181
 20
460.513678422
 10
628.369194746
 20
462.594118502
 10
623.660266094
 20
464.270584796
 10
618.826414274
 20
465.543200361
 10
613.905333825
 20
466.420692688
 10
608.931346528
 20
466.918606772
 10
603.934279728
 20
467.057226163
 10
598.939065649
 20
466.859591182
 10
593.965878905
 20
466.349851063
 10
589.030601570
 20
465.552036060
 10
584.145438291
 20
464.489231223
 10
579.319558608
 20
463.183081306
 10
574.559695011
 20
461.653542455
 10
569.870663436
 20
459.918803677
 10
565.255797054
 20
457.995316757
 10
560.717297439
 20
455.897889816
 10
556.256513290
 20
453.639813783
 10
551.874158622
 20
451.233001832
 10
547.570481962
 20
448.688129502
 10
543.345396683
 20
446.014768438
 10
539.198580933
 20
443.221510082
 10
535.129554008
 20
440.316077764
 10
531.137734570
 20
437.305426937
 10
527.222484955
 20
434.195834037
 10
523.383144843
 20
430.992974785
 10
519.619056815
 20
427.701992969
 10
515.929585743
 20
424.327560741
 10
512.314133497
 20
420.873931429
 10
508.772150123
 20
417.344985821
 10
505.303142353
 20
413.744272744
 10
501.906680142
 20
410.075044705
 10
498.582401747
 20
406.340289249
 10
495.330017740
 20
402.542756618
 10
492.149314302
 20
398.684984201
 10
489.040156008
 20
394.769318228
 10
486.002488329
 20
390.797933080
 10
483.036339998
 20
386.772848537
 10
480.141825359
 20
382.695945263
 10
477.319146824
 20
378.568978774
 10
474.568597521
 20
374.393592110
 10
471.890564208
 20
370.171327402
 10
469.285530535
 20
365.903636523
 10
467.479035829
 20
362.844090497
  0
LWPOLYLINE
  5
1626
330
A02
100
AcDbEntity
100
AcDbPolyline
  8
IsoView
 90
10
 70
0
 43
0
 10
465.717871806
 20
359.776782998
 10
463.291971953
 20
355.404781521
 10
460.941510770
 20
350.991764865
 10
458.667451206
 20
346.538897091
 10
456.470879816
 20
342.047299968
 10
454.353013968
 20
337.518061103
 10
452.315209967
 20
332.952242156
 10
450.358972224
 20
328.350887319
 10
448.485963578
 20
323.715032190
 10
448.392288189
 20
323.476639471
  0
LWPOLYLINE
  5
1627
330
A02
100
AcDbEntity
100
AcDbPolyline
  8
IsoView
 90
43
 70
0
 43
0
 10
436.452400192
 20
284.087502234
 10
435.468794529
 20
279.185313924
 10
434.598496783
 20
274.261754885
 10
433.846229182
 20
269.318794767
 10
433.217169871
 20
264.358659578
 10
432.716999100
 20
259.383886747
 10
432.351949635
 20
254.397391638
 10
432.128861058
 20
249.402548136
 10
432.055237143
 20
244.403286492
 10
432.139304720
 20
239.404212218
 10
432.390071309
 20
234.410750514
 10
432.817377056
 20
229.429321298
 10
433.431934006
 20
224.467550311
 10
434.245342114
 20
219.534521635
 10
435.270066447
 20
214.641075747
 10
436.519353362
 20
209.800154142
 10
438.007055261
 20
205.027185189
 10
439.747324308
 20
200.340494487
 10
441.754127417
 20
195.761704421
 10
444.040532059
 20
191.316060125
 10
446.617722548
 20
187.032583253
 10
449.493739947
 20
182.943916688
 10
452.672006094
 20
179.085698321
 10
456.149795141
 20
175.495317308
 10
459.916933955
 20
172.209993598
 10
463.955093139
 20
169.264295433
 10
468.238000857
 20
166.687435135
 10
472.732727123
 20
164.500863141
 10
477.401886673
 20
162.716695439
 10
482.206326602
 20
161.337310152
 10
487.107745477
 20
160.356114272
 10
492.070783521
 20
159.759175308
 10
497.064353209
 20
159.527265756
 10
502.062216888
 20
159.637900603
 10
507.042971407
 20
160.067087856
 10
511.989650738
 20
160.790669534
 10
516.889136403
 20
161.785249044
 10
521.731513509
 20
163.028766079
 10
526.509456371
 20
164.500802452
 10
531.217685748
 20
166.182699048
 10
535.852512036
 20
168.057549696
 10
540.411462980
 20
170.110121003
 10
544.073694549
 20
171.906855899
  0
LWPOLYLINE
  5
1628
330
A02
100
AcDbEntity
100
AcDbPolyline
  8
IsoView
 90
2
 70
0
 43
0
 10
591.595137157
 20
207.265871139
 10
592.183759709
 20
207.853018749
  0
LWPOLYLINE
  5
1629
330
A02
100
AcDbEntity
100
AcDbPolyline
  8
IsoView
 90
21
 70
0
 43
0
 10
620.148658520
 20
241.001301129
 10
623.022089074
 20
245.093092388
 10
625.823606924
 20
249.234452921
 10
628.552891746
 20
253.423770496
 10
631.209528666
 20
257.659530573
 10
633.793004883
 20
261.940305892
 10
636.302705853
 20
266.264746792
 10
638.737910970
 20
270.631572103
 10
641.097788674
 20
275.039560479
 10
643.381390906
 20
279.487542040
 10
645.587646829
 20
283.974390206
 10
647.715355740
 20
288.499013576
 10
649.763179061
 20
293.060347718
 10
651.729631307
 20
297.657346746
 10
653.613069913
 20
302.288974497
 10
655.411683780
 20
306.954195148
 10
657.123480386
 20
311.651963070
 10
658.746271291
 20
316.381211681
 10
660.277655843
 20
321.140841024
 10
661.715002864
 20
325.929703755
 10
662.640039765
 20
329.212475931
  0
LWPOLYLINE
  5
162A
330
A02
100
AcDbEntity
100
AcDbPolyline
  8
IsoView
 90
10
 70
0
 43
0
 10
447.957122949
 20
323.684116853
 10
449.882397740
 20
328.298523847
 10
451.882969755
 20
332.880789578
 10
453.957518143
 20
337.430043071
 10
456.104839567
 20
341.945403295
 10
458.323841333
 20
346.425973077
 10
460.613535232
 20
350.870833228
 10
462.973032026
 20
355.279036796
 10
465.401536511
 20
359.649603366
 10
465.533795405
 20
359.883059558
  0
LWPOLYLINE
  5
162B
330
A02
100
AcDbEntity
100
AcDbPolyline
  8
IsoView
 90
79
 70
0
 43
0
 10
467.295576397
 20
362.950010850
 10
469.843945038
 20
367.251790004
 10
472.459579359
 20
371.513003665
 10
475.142002058
 20
375.732492953
 10
477.890812715
 20
379.909036546
 10
480.705685227
 20
384.041343717
 10
483.586365514
 20
388.128046862
 10
486.532669440
 20
392.167693452
 10
489.544480929
 20
396.158737291
 10
492.621750211
 20
400.099528969
 10
495.764492146
 20
403.988305394
 10
498.972784586
 20
407.823178251
 10
502.246766679
 20
411.602121229
 10
505.586637057
 20
415.322955845
 10
508.992651786
 20
418.983335658
 10
512.465121970
 20
422.580728625
 10
516.004410847
 20
426.112397361
 10
519.610930193
 20
429.575376976
 10
523.285135781
 20
432.966450162
 10
527.027521606
 20
436.282119133
 10
530.838612478
 20
439.518573995
 10
534.718954507
 20
442.671657039
 10
538.669102844
 20
445.736822436
 10
542.689605897
 20
448.709090753
 10
546.780985006
 20
451.582997665
 10
550.943708295
 20
454.352536261
 10
555.178157059
 20
457.011092365
 10
559.484582618
 20
459.551372414
 10
563.863051015
 20
461.965323671
 10
568.313372289
 20
464.244046992
 10
572.835010258
 20
466.377703048
 10
577.426967883
 20
468.355414078
 10
582.087642366
 20
470.165164942
 10
586.814643318
 20
471.793709887
 10
591.604566889
 20
473.226495130
 10
596.452719176
 20
474.447612601
 10
601.352784238
 20
475.439806991
 10
606.296436873
 20
476.184566698
 10
611.272909483
 20
476.662338393
 10
616.268537558
 20
476.852912835
 10
621.266330756
 20
476.736031981
 10
626.245645400
 20
476.292258046
 10
631.182064182
 20
475.504115830
 10
636.047608360
 20
474.357463778
 10
640.811398465
 20
472.842968786
 10
645.440823184
 20
470.957472302
 10
649.903167369
 20
468.704977348
 10
654.167512410
 20
466.097000861
 10
658.206608809
 20
463.152145705
 10
661.998391350
 20
459.894927191
 10
665.526887525
 20
456.354070022
 10
668.782428776
 20
452.560597262
 10
671.761241295
 20
448.546028314
 10
674.464604776
 20
444.340910336
 10
676.897799229
 20
439.973782414
 10
679.069028015
 20
435.470564513
 10
680.988443126
 20
430.854298230
 10
682.667336085
 20
426.145142776
 10
684.117510215
 20
421.360534235
 10
685.350821109
 20
416.515434312
 10
686.378858547
 20
411.622615954
 10
687.212739723
 20
406.692951962
 10
687.862985809
 20
401.735686944
 10
688.339458429
 20
396.758682817
 10
688.651337609
 20
391.768634352
 10
688.807127348
 20
386.771254935
 10
688.814678740
 20
381.771434683
 10
688.681223504
 20
376.773373940
 10
688.413413021
 20
371.780695419
 10
688.017359566
 20
366.796538118
 10
687.498677565
 20
361.823635898
 10
686.862523537
 20
356.864383210
 10
686.113633923
 20
351.920890154
 10
685.256360351
 20
346.995028662
 10
684.294702190
 20
342.088471356
 10
683.232336345
 20
337.202724327
 10
682.072644398
 20
332.339154898
 10
680.818737218
 20
327.499015237
 10
680.493968310
 20
326.304037561
  0
LWPOLYLINE
  5
162C
330
A02
100
AcDbEntity
100
AcDbPolyline
  8
IsoView
 90
23
 70
0
 43
0
 10
680.493968310
 20
326.304037561
 10
679.126498800
 20
321.494743636
 10
677.670929696
 20
316.711373341
 10
676.129635250
 20
311.954930093
 10
674.504799494
 20
307.226370639
 10
672.798430520
 20
302.526616127
 10
671.012373306
 20
297.856561923
 10
669.148321248
 20
293.217086394
 10
667.207826519
 20
288.609058850
 10
665.192309370
 20
284.033346823
 10
663.103066486
 20
279.490822805
 10
660.941278476
 20
274.982370585
 10
658.708016598
 20
270.508891287
 10
656.404248779
 20
266.071309214
 10
654.030845012
 20
261.670577573
 10
651.588582182
 20
257.307684183
 10
649.078148373
 20
252.983657232
 10
646.500146722
 20
248.699571158
 10
643.855098855
 20
244.456552746
 10
641.143447941
 20
240.255787492
 10
638.365561433
 20
236.098526342
 10
635.521733504
 20
231.986092866
 10
635.406969154
 20
231.823054270
  0
LWPOLYLINE
  5
162D
330
A02
100
AcDbEntity
100
AcDbPolyline
  8
IsoView
 90
4
 70
0
 43
0
 10
597.273081354
 20
187.689601569
 10
593.587659911
 20
184.310722353
 10
589.833973527
 20
181.007853639
 10
588.378268009
 20
179.763912007
  0
LWPOLYLINE
  5
162E
330
A02
100
AcDbEntity
100
AcDbPolyline
  8
IsoView
 90
49
 70
0
 43
0
 10
550.136426421
 20
154.064241678
 10
545.630075808
 20
151.898472203
 10
541.053145191
 20
149.886213152
 10
536.407092967
 20
148.039226598
 10
531.694122500
 20
146.370486084
 10
526.917397915
 20
144.894258525
 10
522.081309271
 20
143.626158791
 10
517.191792419
 20
142.583156409
 10
512.256704720
 20
141.783505725
 10
507.286249742
 20
141.246561750
 10
502.293430263
 20
140.992435487
 10
497.294488047
 20
141.041438473
 10
492.309261148
 20
141.413272441
 10
487.361359035
 20
142.125944408
 10
482.478032706
 20
143.194437339
 10
477.689618340
 20
144.629242574
 10
473.028478113
 20
146.434948627
 10
468.527460026
 20
148.609149039
 10
464.218033772
 20
151.141935913
 10
460.128383673
 20
154.016156089
 10
456.281791164
 20
157.208436882
 10
452.695582010
 20
160.690800308
 10
449.380766250
 20
164.432557931
 10
446.342327107
 20
168.402159379
 10
443.579987915
 20
172.568745385
 10
441.089237356
 20
176.903279214
 10
438.862414251
 20
181.379244518
 10
436.889711613
 20
185.972972437
 10
435.160024079
 20
190.663692345
 10
433.661614298
 20
195.433400789
 10
432.382606680
 20
200.266626849
 10
431.311333396
 20
205.150151016
 10
430.436562623
 20
210.072715151
 10
429.747637769
 20
215.024745842
 10
429.234552173
 20
219.998102738
 10
428.887978771
 20
224.985856480
 10
428.699269499
 20
229.982096657
 10
428.660435265
 20
234.981767982
 10
428.764114172
 20
239.980531760
 10
429.003533343
 20
244.974649432
 10
429.372467950
 20
249.960884982
 10
429.865199820
 20
254.936423284
 10
430.476477124
 20
259.898801799
 10
431.201476055
 20
264.845853391
 10
432.035764982
 20
269.775658362
 10
432.975271308
 20
274.686504143
 10
434.016251087
 20
279.576851291
 10
435.155261317
 20
284.445304732
 10
435.239238336
 20
284.787921558
  0
LWPOLYLINE
  5
162F
330
A02
100
AcDbEntity
100
AcDbPolyline
  8
IsoView
 90
34
 70
0
 43
0
 10
700.647085725
 20
319.449121598
 10
701.926265502
 20
324.282652490
 10
703.116939479
 20
329.138739663
 10
704.216385156
 20
334.016286933
 10
705.221656086
 20
338.914106306
 10
706.129562719
 20
343.830900001
 10
706.936651347
 20
348.765239535
 10
707.639181052
 20
353.715541273
 10
708.233098579
 20
358.680037754
 10
708.714011078
 20
363.656743959
 10
709.077156809
 20
368.643417531
 10
709.317373951
 20
373.637511754
 10
709.429067938
 20
378.636119901
 10
709.406177959
 20
383.635909320
 10
709.242143720
 20
388.633043359
 10
708.929874151
 20
393.623089035
 10
708.461720540
 20
398.600908115
 10
707.829457748
 20
403.560529244
 10
707.024278672
 20
408.494998910
 10
706.036809149
 20
413.396209616
 10
704.857153051
 20
418.254704902
 10
703.474980432
 20
423.059463218
 10
701.879675006
 20
427.797666558
 10
700.060560614
 20
432.454465949
 10
698.007228467
 20
437.012764777
 10
695.709986363
 20
441.453052911
 10
693.160444940
 20
445.753338934
 10
690.352241223
 20
449.889242045
 10
687.281873312
 20
453.834314420
 10
683.949581524
 20
457.560660738
 10
680.360165843
 20
461.039894775
 10
676.523590613
 20
464.244416886
 10
672.455215678
 20
467.148915020
 10
669.257989776
 20
469.120742110
  0
LWPOLYLINE
  5
1630
330
A02
100
AcDbEntity
100
AcDbPolyline
  8
IsoView
 90
18
 70
0
 43
0
 10
475.257989776
 20
133.102885442
 10
479.680319379
 20
130.772522166
 10
484.268409980
 20
128.788257447
 10
488.993079572
 20
127.155491142
 10
493.824776824
 20
125.873353632
 10
498.734993487
 20
124.935364220
 10
503.697359278
 20
124.330453580
 10
508.688347598
 20
124.044148121
 10
513.687607371
 20
124.059738433
 10
518.677992003
 20
124.359309936
 10
523.645377427
 20
124.924574770
 10
528.578356452
 20
125.737492783
 10
533.467878717
 20
126.780700360
 10
538.306884221
 20
128.037780496
 10
543.089959554
 20
129.493410869
 10
547.813031710
 20
131.133423587
 10
552.473104761
 20
132.944804450
 10
556.698983319
 20
134.750642873
  0
LWPOLYLINE
  5
1631
330
A02
100
AcDbEntity
100
AcDbPolyline
  8
IsoView
 90
2
 70
0
 43
0
 10
595.603331590
 20
158.500556654
 10
598.830914776
 20
161.053657749
  0
LWPOLYLINE
  5
1632
330
A02
100
AcDbEntity
100
AcDbPolyline
  8
IsoView
 90
25
 70
0
 43
0
 10
648.777751857
 20
213.823280958
 10
651.717963610
 20
217.867370772
 10
654.595935451
 20
221.955988408
 10
657.411499256
 20
226.087831049
 10
660.164427229
 20
230.261668182
 10
662.854430226
 20
234.476335081
 10
665.481155912
 20
238.730726746
 10
668.044186713
 20
243.023792224
 10
670.543037539
 20
247.354529255
 10
672.977153240
 20
251.721979175
 10
675.345905781
 20
256.125222023
 10
677.648591082
 20
260.563371802
 10
679.884425510
 20
265.035571828
 10
682.052541965
 20
269.540990118
 10
684.151985543
 20
274.078814760
 10
686.181708708
 20
278.648249203
 10
688.140565944
 20
283.248507399
 10
690.027307815
 20
287.878808738
 10
691.840574394
 20
292.538372682
 10
693.578887971
 20
297.226413026
 10
695.240644987
 20
301.942131676
 10
696.824107101
 20
306.684711840
 10
698.327391301
 20
311.453310485
 10
699.748458964
 20
316.247049925
 10
700.647085725
 20
319.449121598
  0
LWPOLYLINE
  5
1633
330
A02
100
AcDbEntity
100
AcDbPolyline
  8
IsoView
 90
34
 70
0
 43
0
 10
715.292085914
 20
310.993826797
 10
716.571265691
 20
315.827357688
 10
717.761939669
 20
320.683444861
 10
718.861385345
 20
325.560992131
 10
719.866656275
 20
330.458811504
 10
720.774562909
 20
335.375605199
 10
721.581651536
 20
340.309944733
 10
722.284181242
 20
345.260246472
 10
722.878098768
 20
350.224742952
 10
723.359011268
 20
355.201449157
 10
723.722156998
 20
360.188122729
 10
723.962374140
 20
365.182216952
 10
724.074068128
 20
370.180825100
 10
724.051178148
 20
375.180614518
 10
723.887143910
 20
380.177748557
 10
723.574874341
 20
385.167794233
 10
723.106720730
 20
390.145613313
 10
722.474457938
 20
395.105234442
 10
721.669278861
 20
400.039704108
 10
720.681809338
 20
404.940914814
 10
719.502153241
 20
409.799410100
 10
718.119980621
 20
414.604168416
 10
716.524675196
 20
419.342371756
 10
714.705560804
 20
423.999171147
 10
712.652228656
 20
428.557469975
 10
710.354986553
 20
432.997758109
 10
707.805445130
 20
437.298044133
 10
704.997241412
 20
441.433947244
 10
701.926873502
 20
445.379019618
 10
698.594581714
 20
449.105365936
 10
695.005166032
 20
452.584599973
 10
691.168590803
 20
455.789122084
 10
687.100215867
 20
458.693620218
 10
683.902989966
 20
460.665447308
  0
LWPOLYLINE
  5
1634
330
A02
100
AcDbEntity
100
AcDbPolyline
  8
IsoView
 90
16
 70
0
 43
0
 10
489.902989965
 20
124.647590640
 10
494.325319568
 20
122.317227364
 10
498.913410170
 20
120.332962646
 10
503.638079762
 20
118.700196340
 10
508.469777014
 20
117.418058830
 10
513.379993676
 20
116.480069418
 10
518.342359468
 20
115.875158779
 10
523.333347788
 20
115.588853320
 10
528.332607560
 20
115.604443631
 10
533.322992192
 20
115.904015134
 10
538.290377616
 20
116.469279968
 10
543.223356641
 20
117.282197981
 10
548.112878907
 20
118.325405559
 10
552.951884410
 20
119.582485695
 10
557.734959743
 20
121.038116067
 10
560.982451055
 20
122.144401338
  0
LWPOLYLINE
  5
1635
330
A02
100
AcDbEntity
100
AcDbPolyline
  8
IsoView
 90
28
 70
0
 43
0
 10
653.607631869
 20
192.756079306
 10
656.746336363
 20
196.648122929
 10
659.822955303
 20
200.589429719
 10
662.837501502
 20
204.578415375
 10
665.789932678
 20
208.613592680
 10
668.680150106
 20
212.693562993
 10
671.507997206
 20
216.817008476
 10
674.273258040
 20
220.982684933
 10
676.975655663
 20
225.189415199
 10
679.614850316
 20
229.436082992
 10
682.190437420
 20
233.721627170
 10
684.701945348
 20
238.045036310
 10
687.148832936
 20
242.405343569
 10
689.530486714
 20
246.801621760
 10
691.846217815
 20
251.232978577
 10
694.095258539
 20
255.698551939
 10
696.276758521
 20
260.197505372
 10
698.389780482
 20
264.729023387
 10
700.433295499
 20
269.292306792
 10
702.406177765
 20
273.886567866
 10
704.307198769
 20
278.511025344
 10
706.135020855
 20
283.164899114
 10
707.888190076
 20
287.847404559
 10
709.565128288
 20
292.557746440
 10
711.164124391
 20
297.295112211
 10
712.683324642
 20
302.058664630
 10
714.120721920
 20
306.847533536
 10
715.292085914
 20
310.993826797
  0
LWPOLYLINE
  5
1636
330
A02
100
AcDbEntity
100
AcDbPolyline
  8
IsoView
 90
4
 70
0
 43
0
 10
543.066828478
 20
301.366790790
 10
546.942118972
 20
304.514950429
 10
550.252480509
 20
308.256094423
 10
552.077568002
 20
310.871684524
  0
LWPOLYLINE
  5
1637
330
A02
100
AcDbEntity
100
AcDbPolyline
  8
IsoView
 90
5
 70
0
 43
0
 10
552.077568002
 20
310.871684524
 10
554.476813508
 20
315.254317705
 10
556.261370219
 20
319.920544175
 10
557.306791225
 20
324.803827788
 10
557.480975148
 20
327.920791386
  0
LWPOLYLINE
  5
1638
330
A02
100
AcDbEntity
100
AcDbPolyline
  8
IsoView
 90
4
 70
0
 43
0
 10
542.383443743
 20
300.107847123
 10
546.408583934
 20
303.060518950
 10
549.873352720
 20
306.658786128
 10
552.661814773
 20
310.491385108
  0
LWPOLYLINE
  5
1639
330
A02
100
AcDbEntity
100
AcDbPolyline
  8
IsoView
 90
5
 70
0
 43
0
 10
552.661814773
 20
310.491385108
 10
555.067579676
 20
314.870626702
 10
556.874350143
 20
319.528530134
 10
557.966298792
 20
324.402058928
 10
558.133693575
 20
329.123241027
  0
LWPOLYLINE
  5
163A
330
A02
100
AcDbEntity
100
AcDbPolyline
  8
IsoView
 90
2
 70
0
 43
0
 10
461.333858858
 20
366.271719149
 10
461.494915749
 20
366.237386824
  0
LWPOLYLINE
  5
163B
330
A02
100
AcDbEntity
100
AcDbPolyline
  8
IsoView
 90
2
 70
0
 43
0
 10
461.494915749
 20
366.237386824
 10
461.508023033
 20
366.229270800
  0
LWPOLYLINE
  5
163C
330
A02
100
AcDbEntity
100
AcDbPolyline
  8
IsoView
 90
2
 70
0
 43
0
 10
461.508023033
 20
366.229270800
 10
461.606204842
 20
366.112957063
  0
LWPOLYLINE
  5
163D
330
A02
100
AcDbEntity
100
AcDbPolyline
  8
IsoView
 90
2
 70
0
 43
0
 10
453.660849874
 20
370.935061500
 10
453.667674865
 20
370.931254344
  0
LWPOLYLINE
  5
163E
330
A02
100
AcDbEntity
100
AcDbPolyline
  8
IsoView
 90
2
 70
0
 43
0
 10
453.596979143
 20
370.943808003
 10
453.660849873
 20
370.935061500
  0
LWPOLYLINE
  5
163F
330
A02
100
AcDbEntity
100
AcDbPolyline
  8
IsoView
 90
2
 70
0
 43
0
 10
432.706067876
 20
383.915050956
 10
432.699242885
 20
383.918858112
  0
LWPOLYLINE
  5
1640
330
A02
100
AcDbEntity
100
AcDbPolyline
  8
IsoView
 90
2
 70
0
 43
0
 10
432.699242885
 20
383.918858112
 10
432.630935688
 20
383.926978782
  0
LWPOLYLINE
  5
1641
330
A02
100
AcDbEntity
100
AcDbPolyline
  8
IsoView
 90
2
 70
0
 43
0
 10
428.775656305
 20
386.271753461
 10
428.762549021
 20
386.279869485
  0
LWPOLYLINE
  5
1642
330
A02
100
AcDbEntity
100
AcDbPolyline
  8
IsoView
 90
2
 70
0
 43
0
 10
428.762549021
 20
386.279869485
 10
428.596917439
 20
386.313859911
  0
LWPOLYLINE
  5
1643
330
A02
100
AcDbEntity
100
AcDbPolyline
  8
IsoView
 90
2
 70
0
 43
0
 10
428.874801384
 20
386.153423541
 10
428.775656305
 20
386.271753461
  0
LWPOLYLINE
  5
1644
330
A02
100
AcDbEntity
100
AcDbPolyline
  8
IsoView
 90
2
 70
0
 43
0
 10
461.520433824
 20
365.409105860
 10
462.217751099
 20
365.758420628
  0
LWPOLYLINE
  5
1645
330
A02
100
AcDbEntity
100
AcDbPolyline
  8
IsoView
 90
2
 70
0
 43
0
 10
462.217751099
 20
365.758420628
 10
462.230858383
 20
365.750304604
  0
LWPOLYLINE
  5
1646
330
A02
100
AcDbEntity
100
AcDbPolyline
  8
IsoView
 90
2
 70
0
 43
0
 10
462.230858383
 20
365.750304604
 10
462.263894274
 20
364.979868769
  0
LWPOLYLINE
  5
1647
330
A02
100
AcDbEntity
100
AcDbPolyline
  8
IsoView
 90
2
 70
0
 43
0
 10
453.749257764
 20
369.895796450
 10
453.768457627
 20
369.928143478
  0
LWPOLYLINE
  5
1648
330
A02
100
AcDbEntity
100
AcDbPolyline
  8
IsoView
 90
2
 70
0
 43
0
 10
454.383685224
 20
370.456095303
 10
454.390510215
 20
370.452288148
  0
LWPOLYLINE
  5
1649
330
A02
100
AcDbEntity
100
AcDbPolyline
  8
IsoView
 90
2
 70
0
 43
0
 10
453.768457627
 20
369.928143478
 10
454.383685224
 20
370.456095303
  0
LWPOLYLINE
  5
164A
330
A02
100
AcDbEntity
100
AcDbPolyline
  8
IsoView
 90
2
 70
0
 43
0
 10
432.806850639
 20
382.911940090
 10
432.639038676
 20
382.160893013
  0
LWPOLYLINE
  5
164B
330
A02
100
AcDbEntity
100
AcDbPolyline
  8
IsoView
 90
2
 70
0
 43
0
 10
432.639038676
 20
382.160893013
 10
432.645863667
 20
382.157085857
  0
LWPOLYLINE
  5
164C
330
A02
100
AcDbEntity
100
AcDbPolyline
  8
IsoView
 90
2
 70
0
 43
0
 10
433.428903226
 20
383.436084760
 10
433.422078235
 20
383.439891915
  0
LWPOLYLINE
  5
164D
330
A02
100
AcDbEntity
100
AcDbPolyline
  8
IsoView
 90
2
 70
0
 43
0
 10
433.422078235
 20
383.439891915
 10
432.806850639
 20
382.911940090
  0
LWPOLYLINE
  5
164E
330
A02
100
AcDbEntity
100
AcDbPolyline
  8
IsoView
 90
2
 70
0
 43
0
 10
428.722277086
 20
384.509981207
 10
428.735384371
 20
384.501865183
  0
LWPOLYLINE
  5
164F
330
A02
100
AcDbEntity
100
AcDbPolyline
  8
IsoView
 90
2
 70
0
 43
0
 10
428.735384371
 20
384.501865183
 10
429.471802046
 20
384.911901138
  0
LWPOLYLINE
  5
1650
330
A02
100
AcDbEntity
100
AcDbPolyline
  8
IsoView
 90
2
 70
0
 43
0
 10
428.722277086
 20
385.344639575
 10
428.722277086
 20
384.509981207
  0
LWPOLYLINE
  5
1651
330
A02
100
AcDbEntity
100
AcDbPolyline
  8
IsoView
 90
2
 70
0
 43
0
 10
429.498491655
 20
385.792787265
 10
429.485384371
 20
385.800903289
  0
LWPOLYLINE
  5
1652
330
A02
100
AcDbEntity
100
AcDbPolyline
  8
IsoView
 90
2
 70
0
 43
0
 10
429.485384371
 20
385.800903289
 10
428.748966696
 20
385.390867334
  0
LWPOLYLINE
  5
1653
330
A02
100
AcDbEntity
100
AcDbPolyline
  8
IsoView
 90
2
 70
0
 43
0
 10
429.471802046
 20
384.911901138
 10
429.498491655
 20
385.792787265
  0
LWPOLYLINE
  5
1654
330
A02
100
AcDbEntity
100
AcDbPolyline
  8
IsoView
 90
2
 70
0
 43
0
 10
460.611023508
 20
366.750685346
 10
460.772080399
 20
366.716353020
  0
LWPOLYLINE
  5
1655
330
A02
100
AcDbEntity
100
AcDbPolyline
  8
IsoView
 90
2
 70
0
 43
0
 10
460.772080399
 20
366.716353020
 10
460.785187683
 20
366.708236997
  0
LWPOLYLINE
  5
1656
330
A02
100
AcDbEntity
100
AcDbPolyline
  8
IsoView
 90
2
 70
0
 43
0
 10
460.785187683
 20
366.708236997
 10
460.883369492
 20
366.591923260
  0
LWPOLYLINE
  5
1657
330
A02
100
AcDbEntity
100
AcDbPolyline
  8
IsoView
 90
2
 70
0
 43
0
 10
452.938014523
 20
371.414027696
 10
452.944839514
 20
371.410220540
  0
LWPOLYLINE
  5
1658
330
A02
100
AcDbEntity
100
AcDbPolyline
  8
IsoView
 90
2
 70
0
 43
0
 10
452.944839514
 20
371.410220540
 10
452.987569311
 20
371.352517475
  0
LWPOLYLINE
  5
1659
330
A02
100
AcDbEntity
100
AcDbPolyline
  8
IsoView
 90
2
 70
0
 43
0
 10
452.874143793
 20
371.422774199
 10
452.938014523
 20
371.414027696
  0
LWPOLYLINE
  5
165A
330
A02
100
AcDbEntity
100
AcDbPolyline
  8
IsoView
 90
2
 70
0
 43
0
 10
432.027011165
 20
384.333202000
 10
431.983232526
 20
384.394017152
  0
LWPOLYLINE
  5
165B
330
A02
100
AcDbEntity
100
AcDbPolyline
  8
IsoView
 90
2
 70
0
 43
0
 10
431.983232526
 20
384.394017152
 10
431.976407535
 20
384.397824308
  0
LWPOLYLINE
  5
165C
330
A02
100
AcDbEntity
100
AcDbPolyline
  8
IsoView
 90
2
 70
0
 43
0
 10
431.976407535
 20
384.397824308
 10
431.908100337
 20
384.405944978
  0
LWPOLYLINE
  5
165D
330
A02
100
AcDbEntity
100
AcDbPolyline
  8
IsoView
 90
2
 70
0
 43
0
 10
428.052820955
 20
386.750719658
 10
428.039713670
 20
386.758835681
  0
LWPOLYLINE
  5
165E
330
A02
100
AcDbEntity
100
AcDbPolyline
  8
IsoView
 90
2
 70
0
 43
0
 10
428.039713670
 20
386.758835681
 10
427.874082089
 20
386.792826107
  0
LWPOLYLINE
  5
165F
330
A02
100
AcDbEntity
100
AcDbPolyline
  8
IsoView
 90
2
 70
0
 43
0
 10
428.151966034
 20
386.632389737
 10
428.052820955
 20
386.750719658
  0
LWPOLYLINE
  5
1660
330
A02
100
AcDbEntity
100
AcDbPolyline
  8
IsoView
 90
7
 70
0
 43
0
 10
-768.848829803
 20
879.506676847
 10
-763.914413803
 20
880.299851485
 10
-758.923154567
 20
880.540391845
 10
-753.942504700
 20
880.146606246
 10
-749.069613129
 20
879.047573048
 10
-744.427589927
 20
877.204328917
 10
-742.701399374
 20
876.280616836
  0
LWPOLYLINE
  5
1661
330
A02
100
AcDbEntity
100
AcDbPolyline
  8
IsoView
 90
18
 70
0
 43
0
 10
-742.701399374
 20
876.280616836
 10
-738.595310207
 20
873.437312304
 10
-734.993864006
 20
869.976187563
 10
-731.944046831
 20
866.019297886
 10
-729.447116691
 20
861.691174441
 10
-727.473549752
 20
857.099871430
 10
-725.979000322
 20
852.330451720
 10
-724.915482061
 20
847.446352107
 10
-724.237403746
 20
842.493681042
 10
-723.904096653
 20
837.505695768
 10
-723.880426366
 20
832.506471286
 10
-724.136517888
 20
827.513627580
 10
-724.647148328
 20
822.540271251
 10
-725.391072376
 20
817.596354905
 10
-726.350393162
 20
812.689626618
 10
-727.510017141
 20
807.826297178
 10
-728.857198595
 20
803.011514645
 10
-730.359588464
 20
798.313234416
  0
LINE
  5
1662
330
A02
100
AcDbEntity
  8
IsoView
100
AcDbLine
 10
-730.359588483
 20
798.313234360
 30
0.000000000
 11
-719.918241495
 21
792.284919866
 31
0.000000000
  0
LINE
  5
1663
330
A02
100
AcDbEntity
  8
IsoView
100
AcDbLine
 10
-724.757066822
 20
784.590454373
 30
0.000000000
 11
-736.593536871
 21
791.424243543
 31
0.000000000
  0
LINE
  5
1664
330
A02
100
AcDbEntity
  8
IsoView
100
AcDbLine
 10
-742.442642495
 20
786.264424643
 30
0.000000000
 11
-729.327542515
 21
778.692418139
 31
0.000000000
  0
LWPOLYLINE
  5
1665
330
A02
100
AcDbEntity
100
AcDbPolyline
  8
IsoView
 90
5
 70
0
 43
0
 10
-742.442642551
 20
786.264424521
 10
-744.615978385
 20
781.761751015
 10
-746.944292199
 20
777.337220442
 10
-749.423560581
 20
772.995473478
 10
-752.033197525
 20
768.768852889
  0
LWPOLYLINE
  5
1666
330
A02
100
AcDbEntity
100
AcDbPolyline
  8
IsoView
 90
9
 70
0
 43
0
 10
-752.033197816
 20
768.768853057
 10
-754.805035055
 20
764.607795968
 10
-757.721074739
 20
760.546502595
 10
-760.780606515
 20
756.592197714
 10
-763.983614674
 20
752.753210801
 10
-767.330739067
 20
749.039237370
 10
-770.823231778
 20
745.461666078
 10
-774.462897978
 20
742.033994392
 10
-778.137369161
 20
738.866600007
  0
LINE
  5
1667
330
A02
100
AcDbEntity
  8
IsoView
100
AcDbLine
 10
-778.137369161
 20
738.866600007
 30
0.000000000
 11
-765.022268890
 21
731.294593335
 31
0.000000000
  0
LINE
  5
1668
330
A02
100
AcDbEntity
  8
IsoView
100
AcDbLine
 10
-781.293922123
 20
732.068111518
 30
0.000000000
 11
-769.457451752
 21
725.234322163
 31
0.000000000
  0
LINE
  5
1669
330
A02
100
AcDbEntity
  8
IsoView
100
AcDbLine
 10
-785.922024680
 20
724.533745465
 30
0.000000000
 11
-775.115029850
 21
718.294324091
 31
0.000000000
  0
LWPOLYLINE
  5
166A
330
A02
100
AcDbEntity
100
AcDbPolyline
  8
IsoView
 90
7
 70
0
 43
0
 10
-849.568913593
 20
739.695160524
 10
-847.788604716
 20
735.025247681
 10
-845.501258662
 20
730.582436326
 10
-842.669848668
 20
726.465999140
 10
-839.281564235
 20
722.795511596
 10
-835.364245328
 20
719.697036415
 10
-833.701358577
 20
718.664056124
  0
LWPOLYLINE
  5
166B
330
A02
100
AcDbEntity
100
AcDbPolyline
  8
IsoView
 90
12
 70
0
 43
0
 10
-833.701358577
 20
718.664056124
 10
-829.185962789
 20
716.529683146
 10
-824.387823408
 20
715.141284062
 10
-819.436146858
 20
714.478519387
 10
-814.439417163
 20
714.480215186
 10
-809.476453025
 20
715.066746141
 10
-804.598741398
 20
716.157147189
 10
-799.837221377
 20
717.678143172
 10
-795.209031282
 20
719.567216290
 10
-790.722646509
 20
721.772537446
 10
-786.381354335
 20
724.251647622
 10
-785.922024680
 20
724.533745464
  0
LWPOLYLINE
  5
166C
330
A02
100
AcDbEntity
100
AcDbPolyline
  8
IsoView
 90
39
 70
0
 43
0
 10
-732.375296975
 20
799.042560402
 10
-730.854753973
 20
803.805454235
 10
-729.513536609
 20
808.621892553
 10
-728.362756950
 20
813.487311792
 10
-727.415592488
 20
818.396388397
 10
-726.687683016
 20
823.342672171
 10
-726.197615407
 20
828.318076667
 10
-725.967504017
 20
833.312158827
 10
-726.023658883
 20
838.311088535
 10
-726.397295046
 20
843.296166251
 10
-727.125149386
 20
848.241698274
 10
-728.249691648
 20
853.112010208
 10
-729.818277960
 20
857.857451148
 10
-731.880051908
 20
862.409617330
 10
-734.478807853
 20
866.677085331
 10
-737.640211208
 20
870.545023992
 10
-741.354556093
 20
873.884273565
 10
-745.562672320
 20
876.573908560
 10
-750.157411871
 20
878.531501352
 10
-755.005619777
 20
879.733753212
 10
-759.978450739
 20
880.214082036
 10
-764.972378693
 20
880.042304334
 10
-769.914847414
 20
879.301795232
 10
-774.759884098
 20
878.073907509
 10
-779.480675027
 20
876.430610791
 10
-784.062914296
 20
874.432509116
 10
-788.499973534
 20
872.129461618
 10
-792.789720371
 20
869.562129174
 10
-796.932523245
 20
866.763649170
 10
-800.930031225
 20
863.761130227
 10
-804.784437564
 20
860.576886020
 10
-808.498038431
 20
857.229418298
 10
-812.072969602
 20
853.734188162
 10
-815.511049355
 20
850.104218430
 10
-818.813683823
 20
846.350564841
 10
-821.981807999
 20
842.482686714
 10
-825.015845768
 20
838.508740998
 10
-827.915678468
 20
834.435818163
 10
-830.636837173
 20
830.338431805
  0
LWPOLYLINE
  5
166D
330
A02
100
AcDbEntity
100
AcDbPolyline
  8
IsoView
 90
2
 70
0
 43
0
 10
-730.359588464
 20
798.313234416
 10
-732.375296935
 20
799.042560474
  0
LWPOLYLINE
  5
166E
330
A02
100
AcDbEntity
100
AcDbPolyline
  8
IsoView
 90
2
 70
0
 43
0
 10
-744.385135179
 20
787.176826225
 10
-742.442640466
 20
786.264431862
  0
LWPOLYLINE
  5
166F
330
A02
100
AcDbEntity
100
AcDbPolyline
  8
IsoView
 90
5
 70
0
 43
0
 10
-753.843851171
 20
769.921761038
 10
-751.218688541
 20
774.176873004
 10
-748.743513335
 20
778.520946766
 10
-746.421522891
 20
782.948791037
 10
-744.385135377
 20
787.176826378
  0
LWPOLYLINE
  5
1670
330
A02
100
AcDbEntity
100
AcDbPolyline
  8
IsoView
 90
9
 70
0
 43
0
 10
-779.589167968
 20
740.430576225
 10
-775.805581042
 20
743.698591091
 10
-772.173408191
 20
747.134189852
 10
-768.690342248
 20
750.720929259
 10
-765.354561983
 20
754.445086038
 10
-762.164827857
 20
758.295101048
 10
-759.120542753
 20
762.261148143
 10
-756.221796987
 20
766.334795642
 10
-753.843851171
 20
769.921761038
  0
LWPOLYLINE
  5
1671
330
A02
100
AcDbEntity
100
AcDbPolyline
  8
IsoView
 90
2
 70
0
 43
0
 10
-778.137368941
 20
738.866600189
 10
-779.589163726
 20
740.430580481
  0
LWPOLYLINE
  5
1672
330
A02
100
AcDbEntity
100
AcDbPolyline
  8
IsoView
 90
2
 70
0
 43
0
 10
-787.232640907
 20
726.199324422
 10
-785.921998468
 20
724.533760639
  0
LWPOLYLINE
  5
1673
330
A02
100
AcDbEntity
100
AcDbPolyline
  8
IsoView
 90
36
 70
0
 43
0
 10
-830.636837173
 20
830.338431805
 10
-833.267804647
 20
826.086861888
 10
-835.760674884
 20
821.752874507
 10
-838.112822928
 20
817.340932364
 10
-840.320866956
 20
812.855139984
 10
-842.380589219
 20
808.299345398
 10
-844.286836692
 20
803.677242389
 10
-846.033396730
 20
798.992479731
 10
-847.612841806
 20
794.248785153
 10
-849.016336055
 20
789.450114026
 10
-850.233394523
 20
784.600836342
 10
-851.251584234
 20
779.705981085
 10
-852.056154464
 20
774.771565535
 10
-852.629583178
 20
769.805049808
 10
-852.951029451
 20
764.815976028
 10
-852.995692588
 20
759.816879512
 10
-852.734107566
 20
754.824598131
 10
-852.131473097
 20
749.862153952
 10
-851.147250171
 20
744.961422217
 10
-849.735545271
 20
740.166780169
 10
-847.847266839
 20
735.539689484
 10
-845.435663987
 20
731.163389660
 10
-842.467096494
 20
727.145149076
 10
-838.937229102
 20
723.611088075
 10
-834.887509390
 20
720.688231556
 10
-830.410260170
 20
718.475346123
 10
-825.633167928
 20
717.016858963
 10
-820.689654694
 20
716.296996637
 10
-815.693240430
 20
716.255606258
 10
-810.726882056
 20
716.811730297
 10
-805.844816793
 20
717.882133014
 10
-801.079561200
 20
719.391221258
 10
-796.449047674
 20
721.274501882
 10
-791.962090412
 20
723.478603999
 10
-787.622080205
 20
725.959922999
 10
-787.232641481
 20
726.199324451
  0
LWPOLYLINE
  5
1674
330
A02
100
AcDbEntity
100
AcDbPolyline
  8
IsoView
 90
38
 70
0
 43
0
 10
-828.605915622
 20
827.692156119
 10
-825.824335081
 20
831.846618193
 10
-822.879242611
 20
835.886796564
 10
-819.771369840
 20
839.803112385
 10
-816.500448508
 20
843.584273444
 10
-813.065276849
 20
847.216805643
 10
-809.463802307
 20
850.684443921
 10
-805.693251865
 20
853.967326627
 10
-801.750364383
 20
857.040916697
 10
-797.631822341
 20
859.874547179
 10
-793.335059873
 20
862.429463907
 10
-788.859768512
 20
864.656237542
 10
-784.210672848
 20
866.491511086
 10
-779.402533551
 20
867.854425076
 10
-774.468730422
 20
868.644147792
 10
-769.474438902
 20
868.742410576
 10
-764.532094087
 20
868.028716630
 10
-759.807636699
 20
866.416087291
 10
-755.497033543
 20
863.899420550
 10
-751.768970748
 20
860.579300241
 10
-748.712648503
 20
856.630143776
 10
-746.332187379
 20
852.238476576
 10
-744.577710454
 20
847.559968912
 10
-743.378982837
 20
842.708250798
 10
-742.665627757
 20
837.761160834
 10
-742.375470060
 20
832.770896867
 10
-742.456486696
 20
827.772564978
 10
-742.866140930
 20
822.790184401
 10
-743.569938840
 20
817.840634436
 10
-744.539947028
 20
812.936198069
 10
-745.753513197
 20
808.086206080
 10
-747.192234002
 20
803.298116718
 10
-748.841146794
 20
798.578242932
 10
-750.688104975
 20
793.932259707
 10
-752.723298023
 20
789.365575108
 10
-754.938883677
 20
784.883619014
 10
-757.328706798
 20
780.492085885
 10
-759.717944507
 20
776.471164273
  0
LWPOLYLINE
  5
1675
330
A02
100
AcDbEntity
100
AcDbPolyline
  8
IsoView
 90
2
 70
0
 43
0
 10
-759.717944507
 20
776.471164273
 10
-760.797404870
 20
774.758308792
  0
LWPOLYLINE
  5
1676
330
A02
100
AcDbEntity
100
AcDbPolyline
  8
IsoView
 90
39
 70
0
 43
0
 10
-760.797404870
 20
774.758308792
 10
-763.578985411
 20
770.603846718
 10
-766.524077881
 20
766.563668347
 10
-769.631950652
 20
762.647352526
 10
-772.902871985
 20
758.866191467
 10
-776.338043643
 20
755.233659268
 10
-779.939518185
 20
751.766020990
 10
-783.710068628
 20
748.483138284
 10
-787.652956110
 20
745.409548214
 10
-791.771498152
 20
742.575917732
 10
-796.068260620
 20
740.021001004
 10
-800.543551981
 20
737.794227369
 10
-805.192647645
 20
735.958953826
 10
-810.000786942
 20
734.596039835
 10
-814.934590070
 20
733.806317119
 10
-819.928881590
 20
733.708054335
 10
-824.871226405
 20
734.421748281
 10
-829.595683794
 20
736.034377620
 10
-833.906286950
 20
738.551044361
 10
-837.634349745
 20
741.871164670
 10
-840.690671989
 20
745.820321135
 10
-843.071133113
 20
750.211988335
 10
-844.825610039
 20
754.890495999
 10
-846.024337655
 20
759.742214113
 10
-846.737692735
 20
764.689304077
 10
-847.027850432
 20
769.679568044
 10
-846.946833797
 20
774.677899933
 10
-846.537179562
 20
779.660280510
 10
-845.833381653
 20
784.609830475
 10
-844.863373464
 20
789.514266842
 10
-843.649807296
 20
794.364258831
 10
-842.211086491
 20
799.152348193
 10
-840.562173699
 20
803.872221979
 10
-838.715215517
 20
808.518205204
 10
-836.680022470
 20
813.084889803
 10
-834.464436815
 20
817.566845897
 10
-832.074613694
 20
821.958379026
 10
-829.515235244
 20
826.253307224
 10
-828.605915622
 20
827.692156119
  0
LWPOLYLINE
  5
1677
330
A02
100
AcDbEntity
100
AcDbPolyline
  8
IsoView
 90
34
 70
0
 43
0
 10
-765.037835588
 20
780.062890556
 10
-762.500114607
 20
784.370550401
 10
-760.154801120
 20
788.785913211
 10
-758.008301001
 20
793.301257657
 10
-756.069432154
 20
797.909550182
 10
-754.348878145
 20
802.603686563
 10
-752.861353909
 20
807.376728433
 10
-751.625448798
 20
812.220945147
 10
-750.663836673
 20
817.126877259
 10
-750.005168522
 20
822.082425412
 10
-749.687040605
 20
827.071197855
 10
-749.756089456
 20
832.069288926
 10
-750.271275597
 20
837.040723500
 10
-751.306142158
 20
841.929650231
 10
-752.947635041
 20
846.648290108
 10
-755.285195973
 20
851.061657964
 10
-758.384436092
 20
854.974817634
 10
-762.232818488
 20
858.150947197
 10
-766.694713759
 20
860.383380900
 10
-771.538379891
 20
861.585939438
 10
-776.526105102
 20
861.817586499
 10
-781.485305871
 20
861.218809703
 10
-786.316554406
 20
859.943509418
 10
-790.971361596
 20
858.124172894
 10
-795.429912858
 20
855.864779822
 10
-799.686826060
 20
853.244413301
 10
-803.743237786
 20
850.322793002
 10
-807.602895382
 20
847.145494710
 10
-811.270034107
 20
843.747621030
 10
-814.748477250
 20
840.156690828
 10
-818.041101628
 20
836.394563443
 10
-821.149593490
 20
832.478865713
 10
-824.074197376
 20
828.423943021
 10
-826.059307032
 20
825.434821627
  0
LWPOLYLINE
  5
1678
330
A02
100
AcDbEntity
100
AcDbPolyline
  8
IsoView
 90
2
 70
0
 43
0
 10
-765.037835588
 20
780.062890556
 10
-765.994029515
 20
778.545630576
  0
LWPOLYLINE
  5
1679
330
A02
100
AcDbEntity
100
AcDbPolyline
  8
IsoView
 90
35
 70
0
 43
0
 10
-765.994029515
 20
778.545630576
 10
-768.786172290
 20
774.398368591
 10
-771.762760766
 20
770.381459605
 10
-774.923112536
 20
766.507510327
 10
-778.267959605
 20
762.791757697
 10
-781.799334102
 20
759.252899331
 10
-785.520403426
 20
755.914219750
 10
-789.435169824
 20
752.805147025
 10
-793.547872363
 20
749.963429156
 10
-797.861774682
 20
747.438178435
 10
-802.376717811
 20
745.294043798
 10
-807.084251827
 20
743.616551144
 10
-811.958274525
 20
742.517647640
 10
-816.938459489
 20
742.137385788
 10
-821.906425266
 20
742.630897047
 10
-826.668041060
 20
744.123749609
 10
-830.977581690
 20
746.637626844
 10
-834.622409057
 20
750.046082227
 10
-837.503486031
 20
754.123408083
 10
-839.636099522
 20
758.639997764
 10
-841.096772969
 20
763.418141248
 10
-841.976641559
 20
768.337596017
 10
-842.359110640
 20
773.321165402
 10
-842.313449655
 20
778.319635544
 10
-841.895059552
 20
783.301073940
 10
-841.147693813
 20
788.244072950
 10
-840.105839784
 20
793.133625492
 10
-838.796731636
 20
797.958601382
 10
-837.241919457
 20
802.710169675
 10
-835.458453607
 20
807.380776866
 10
-833.459767266
 20
811.963450753
 10
-831.256330706
 20
816.451291710
 10
-828.856134789
 20
820.837064881
 10
-826.265046722
 20
825.112835119
 10
-826.059307033
 20
825.434821626
  0
LWPOLYLINE
  5
167A
330
A02
100
AcDbEntity
100
AcDbPolyline
  8
IsoView
 90
5
 70
0
 43
0
 10
-712.245005520
 20
853.998124493
 10
-715.232162646
 20
858.002621306
 10
-718.775034936
 20
861.523749306
 10
-722.831756667
 20
864.437048816
 10
-726.983184251
 20
866.514416448
  0
LWPOLYLINE
  5
167B
330
A02
100
AcDbEntity
100
AcDbPolyline
  8
IsoView
 90
5
 70
0
 43
0
 10
-799.176006245
 20
703.429229133
 10
-804.137580642
 20
704.013935828
 10
-808.958402750
 20
705.321590459
 10
-813.509754446
 20
707.378166004
 10
-817.384627814
 20
709.934808034
  0
LWPOLYLINE
  5
167C
330
A02
100
AcDbEntity
100
AcDbPolyline
  8
IsoView
 90
6
 70
0
 43
0
 10
-718.157384241
 20
867.450626328
 10
-722.379998846
 20
870.118739606
 10
-726.965281241
 20
872.100068616
 10
-731.796102299
 20
873.372465646
 10
-736.757590067
 20
873.961508429
 10
-738.782845287
 20
874.018238578
  0
LWPOLYLINE
  5
167D
330
A02
100
AcDbEntity
100
AcDbPolyline
  8
IsoView
 90
6
 70
0
 43
0
 10
-829.782845287
 20
716.401615090
 10
-827.006298585
 20
712.247426353
 10
-823.700440634
 20
708.501756746
 10
-819.883936538
 20
705.278941979
 10
-815.617692496
 20
702.681181707
 10
-813.782395713
 20
701.823247985
  0
LWPOLYLINE
  5
167E
330
A02
100
AcDbEntity
100
AcDbPolyline
  8
IsoView
 90
6
 70
0
 43
0
 10
-744.392368723
 20
877.189752969
 10
-739.399172534
 20
877.395550061
 10
-734.417114121
 20
877.012640967
 10
-729.529030581
 20
875.979685832
 10
-724.839036421
 20
874.259686327
 10
-723.092387850
 20
873.404000957
  0
LWPOLYLINE
  5
167F
330
A02
100
AcDbEntity
100
AcDbPolyline
  8
IsoView
 90
6
 70
0
 43
0
 10
-821.405671185
 20
703.120399163
 10
-825.419317735
 20
706.094210459
 10
-828.955352217
 20
709.623269542
 10
-831.978824141
 20
713.601123675
 10
-834.490480395
 20
717.921238351
 10
-835.334219401
 20
719.673848496
  0
LWPOLYLINE
  5
1680
330
A02
100
AcDbEntity
100
AcDbPolyline
  8
IsoView
 90
3
 70
0
 43
0
 10
-753.661537038
 20
882.162007333
 10
-758.578098082
 20
881.262208925
 10
-760.775493039
 20
880.711557374
  0
LWPOLYLINE
  5
1681
330
A02
100
AcDbEntity
100
AcDbPolyline
  8
IsoView
 90
7
 70
0
 43
0
 10
-726.425761699
 20
876.173193847
 10
-730.692616225
 20
878.770600189
 10
-735.300285175
 20
880.700212571
 10
-740.138651212
 20
881.944891864
 10
-745.100835549
 20
882.530158764
 10
-750.098065699
 20
882.510494777
 10
-753.661537038
 20
882.162007333
  0
LWPOLYLINE
  5
1682
330
A02
100
AcDbEntity
100
AcDbPolyline
  8
IsoView
 90
9
 70
0
 43
0
 10
-846.575762391
 20
732.101181726
 10
-845.089657172
 20
727.328800684
 10
-843.166714575
 20
722.715574219
 10
-840.768791258
 20
718.331084367
 10
-837.867579375
 20
714.262917964
 10
-834.455548139
 20
710.613516200
 10
-830.557656149
 20
707.489241682
 10
-826.237479034
 20
704.981536255
 10
-825.470549500
 20
704.622589152
  0
LWPOLYLINE
  5
1683
330
A02
100
AcDbEntity
100
AcDbPolyline
  8
IsoView
 90
24
 70
0
 43
0
 10
-711.968607125
 20
857.796848287
 10
-713.588881920
 20
862.525355803
 10
-715.641119383
 20
867.082548389
 10
-718.159031464
 20
871.399303629
 10
-721.165303511
 20
875.390596041
 10
-724.661660931
 20
878.959561415
 10
-728.619172926
 20
882.008432443
 10
-732.974343942
 20
884.455572312
 10
-737.635846994
 20
886.252363796
 10
-742.500608600
 20
887.391238168
 10
-747.471431554
 20
887.901159686
 10
-752.468511046
 20
887.834911200
 10
-757.432858839
 20
887.255505699
 10
-762.324215415
 20
886.226276011
 10
-767.116823207
 20
884.805415038
 10
-771.795197122
 20
883.043821366
 10
-776.350729550
 20
880.984848434
 10
-780.779238049
 20
878.664944560
 10
-785.079290917
 20
876.114601847
 10
-789.251098833
 20
873.359327779
 10
-793.295793790
 20
870.420520268
 10
-797.214964562
 20
867.316210304
 10
-801.010359197
 20
864.061673722
 10
-803.838310841
 20
861.472149951
  0
LWPOLYLINE
  5
1684
330
A02
100
AcDbEntity
100
AcDbPolyline
  8
IsoView
 90
24
 70
0
 43
0
 10
-802.327590129
 20
701.290498804
 10
-807.232735157
 20
700.329444180
 10
-812.205498438
 20
699.828137664
 10
-817.202874178
 20
699.850335871
 10
-822.162570825
 20
700.458197629
 10
-827.001564214
 20
701.701649288
 10
-831.620719974
 20
703.604519697
 10
-835.917590776
 20
706.152638501
 10
-839.804409371
 20
709.291222821
 10
-843.223084313
 20
712.934792769
 10
-846.150100779
 20
716.984690967
 10
-848.591267653
 20
721.345412994
 10
-850.571661666
 20
725.934367047
 10
-852.126000898
 20
730.685020945
 10
-853.291803096
 20
735.545971529
 10
-854.105405182
 20
740.478359024
 10
-854.600048531
 20
745.453052300
 10
-854.805207092
 20
750.448205099
 10
-854.746571948
 20
755.447331476
 10
-854.446338569
 20
760.437860145
 10
-853.923604086
 20
765.410072484
 10
-853.194778181
 20
770.356328916
 10
-852.273964141
 20
775.270505379
 10
-851.445346387
 20
779.014346112
  0
LWPOLYLINE
  5
1685
330
A02
100
AcDbEntity
100
AcDbPolyline
  8
IsoView
 90
27
 70
0
 43
0
 10
-729.401476706
 20
886.945412301
 10
-733.911963478
 20
889.093689448
 10
-738.673705971
 20
890.606474725
 10
-743.591293562
 20
891.492513625
 10
-748.579815304
 20
891.789169868
 10
-753.571967207
 20
891.550352478
 10
-758.518905560
 20
890.835609176
 10
-763.387524349
 20
889.702848112
 10
-768.156647842
 20
888.204585091
 10
-772.813513912
 20
886.386615441
 10
-777.351019313
 20
884.288033955
 10
-781.765736034
 20
881.941870230
 10
-786.056547663
 20
879.375925616
 10
-790.223736183
 20
876.613608605
 10
-794.268379464
 20
873.674683872
 10
-798.191957173
 20
870.575909992
 10
-801.996094366
 20
867.331568032
 10
-805.682395238
 20
863.953893827
 10
-809.252335507
 20
860.453429416
 10
-812.707192649
 20
856.839308455
 10
-816.048000267
 20
853.119488454
 10
-819.275517491
 20
849.300940554
 10
-822.390207335
 20
845.389805480
 10
-825.392219870
 20
841.391522674
 10
-828.281377370
 20
837.310938166
 10
-831.057159370
 20
833.152395675
 10
-831.519615852
 20
832.435005619
  0
LWPOLYLINE
  5
1686
330
A02
100
AcDbEntity
100
AcDbPolyline
  8
IsoView
 90
30
 70
0
 43
0
 10
-831.519615852
 20
832.435005619
 10
-834.161523503
 20
828.190150607
 10
-836.687662983
 20
823.875396951
 10
-839.096302128
 20
819.493966410
 10
-841.385272551
 20
815.048848484
 10
-843.551933758
 20
810.542851702
 10
-845.593129593
 20
805.978653951
 10
-847.505135531
 20
801.358853961
 10
-849.283595061
 20
796.686026272
 10
-850.923443024
 20
791.962782477
 10
-852.418813362
 20
787.191842181
 10
-853.762928213
 20
782.376118119
 10
-854.947964732
 20
777.518821311
 10
-855.964895472
 20
772.623594168
 10
-856.803297697
 20
767.694682392
 10
-857.451126994
 20
762.737160623
 10
-857.894451368
 20
757.757232583
 10
-858.117144751
 20
752.762634446
 10
-858.100545352
 20
747.763180905
 10
-857.823097826
 20
742.771506946
 10
-857.260024927
 20
737.804073366
 10
-856.383123710
 20
732.882515326
 10
-855.160867884
 20
728.035406168
 10
-853.559136602
 20
723.300449996
 10
-851.543079976
 20
718.726940294
 10
-849.080806373
 20
714.377928377
 10
-846.149510583
 20
710.330864834
 10
-842.743904652
 20
706.674701104
 10
-838.884967254
 20
703.501401343
 10
-836.287421840
 20
701.813524715
  0
LWPOLYLINE
  5
1687
330
A02
100
AcDbEntity
100
AcDbPolyline
  8
IsoView
 90
56
 70
0
 43
0
 10
-736.957786139
 20
757.816567320
 10
-734.315207191
 20
762.061008621
 10
-731.787029542
 20
766.374572429
 10
-729.374937979
 20
770.754107335
 10
-727.081037691
 20
775.196687338
 10
-724.907888313
 20
779.699562858
 10
-722.858545151
 20
784.260112716
 10
-720.936608973
 20
788.875795136
 10
-719.146285981
 20
793.544095589
 10
-717.492459925
 20
798.262468931
 10
-715.980778712
 20
803.028272674
 10
-714.617758307
 20
807.838687353
 10
-713.410907255
 20
812.690618670
 10
-712.368875656
 20
817.580574277
 10
-711.501632867
 20
822.504505502
 10
-710.820678279
 20
827.457600671
 10
-710.339288950
 20
832.434011604
 10
-710.072805663
 20
837.426487849
 10
-710.038953783
 20
842.425883771
 10
-710.258184271
 20
847.420491538
 10
-710.753998505
 20
852.395139226
 10
-711.553180208
 20
857.329981442
 10
-712.685786613
 20
862.198910845
 10
-714.184634770
 20
866.967558098
 10
-716.083852533
 20
871.590976963
 10
-718.415886288
 20
876.011414901
 10
-721.206326931
 20
880.157130641
 10
-724.466390111
 20
883.943960794
 10
-728.184303213
 20
887.281691634
 10
-732.319018269
 20
890.086075810
 10
-736.800765533
 20
892.293859692
 10
-741.540444221
 20
893.874550268
 10
-746.444414879
 20
894.833151968
 10
-751.427999609
 20
895.203484353
 10
-756.423061544
 20
895.036805439
 10
-761.379455313
 20
894.391047103
 10
-766.262733874
 20
893.323345964
 10
-771.050554776
 20
891.886012120
 10
-775.729227764
 20
890.124963628
 10
-780.290949317
 20
888.079582994
 10
-784.731781107
 20
885.783253043
 10
-789.050244839
 20
883.264138617
 10
-793.246373011
 20
880.545993966
 10
-797.321078035
 20
877.648899472
 10
-801.275736912
 20
874.589895533
 10
-805.111919373
 20
871.383511630
 10
-808.831210589
 20
868.042201057
 10
-812.435095810
 20
864.576695548
 10
-815.924885262
 20
860.996293949
 10
-819.301664974
 20
857.309097488
 10
-822.566263957
 20
853.522202202
 10
-825.719231372
 20
849.641857130
 10
-828.760819333
 20
845.673595253
 10
-831.690968349
 20
841.622342767
 10
-834.509293295
 20
837.492511182
 10
-836.031768363
 20
835.157405378
  0
LWPOLYLINE
  5
1688
330
A02
100
AcDbEntity
100
AcDbPolyline
  8
IsoView
 90
56
 70
0
 43
0
 10
-736.957786139
 20
757.816567320
 10
-739.713473950
 20
753.644677149
 10
-742.581347436
 20
749.549100478
 10
-745.560833491
 20
745.533996720
 10
-748.651692842
 20
741.603994703
 10
-751.854005598
 20
737.764276826
 10
-755.168157204
 20
734.020678262
 10
-758.594823022
 20
730.379805200
 10
-762.134949076
 20
726.849177089
 10
-765.789725440
 20
723.437399019
 10
-769.560547121
 20
720.154371936
 10
-773.448954835
 20
717.011550118
 10
-777.456544218
 20
714.022257371
 10
-781.584826293
 20
711.202075294
 10
-785.835013178
 20
708.569318093
 10
-790.207689979
 20
706.145607197
 10
-794.702314635
 20
703.956552123
 10
-799.316460911
 20
702.032525224
 10
-804.044686334
 20
700.409475215
 10
-808.876874204
 20
699.129637526
 10
-813.795892671
 20
698.241839497
 10
-818.774498264
 20
697.800839768
 10
-823.771709709
 20
697.864811265
 10
-828.729546519
 20
698.489875158
 10
-833.572050764
 20
699.721035228
 10
-838.209240270
 20
701.580625650
 10
-842.547588075
 20
704.058278602
 10
-846.504900073
 20
707.108047479
 10
-850.023467208
 20
710.655576570
 10
-853.075628686
 20
714.612190097
 10
-855.660801232
 20
718.889192191
 10
-857.797612034
 20
723.407459058
 10
-859.515481410
 20
728.101456661
 10
-860.848095809
 20
732.919337646
 10
-861.829264895
 20
737.821130386
 10
-862.490695626
 20
742.776392881
 10
-862.861022361
 20
747.762011017
 10
-862.965558735
 20
752.760379284
 10
-862.826419837
 20
757.757987707
 10
-862.462808389
 20
762.744357914
 10
-861.891353240
 20
767.711253547
 10
-861.126444331
 20
772.652096951
 10
-860.180539133
 20
777.561537532
 10
-859.064431746
 20
782.435130502
 10
-857.787483846
 20
787.269095611
 10
-856.357820309
 20
792.060133822
 10
-854.782493655
 20
796.805285948
 10
-853.067621700
 20
801.501821679
 10
-851.218502510
 20
806.147150551
 10
-849.239710272
 20
810.738748591
 10
-847.135175171
 20
815.274095945
 10
-844.908249869
 20
819.750621896
 10
-842.561764749
 20
824.165654390
 10
-840.098073735
 20
828.516371722
 10
-837.519092179
 20
832.799754318
 10
-836.031768363
 20
835.157405378
  0
LWPOLYLINE
  5
1689
330
A02
100
AcDbEntity
100
AcDbPolyline
  8
IsoView
 90
54
 70
0
 43
0
 10
-656.525605770
 20
945.461154654
 10
-652.296287172
 20
942.796486511
 10
-648.283818217
 20
939.815215855
 10
-644.507466322
 20
936.539915117
 10
-640.981254041
 20
932.996611308
 10
-637.713823050
 20
929.213233646
 10
-634.708772174
 20
925.218154128
 10
-631.965330213
 20
921.038984182
 10
-629.479201933
 20
916.701703063
 10
-627.243446148
 20
912.230117445
 10
-625.249287143
 20
907.645603061
 10
-623.486805281
 20
902.967058903
 10
-621.945488411
 20
898.211004620
 10
-620.614648992
 20
893.391762856
 10
-619.483724207
 20
888.521682924
 10
-618.542480805
 20
883.611376093
 10
-617.781146123
 20
878.669944017
 10
-617.190484132
 20
873.705189965
 10
-616.761831965
 20
868.723808123
 10
-616.487108932
 20
863.731549651
 10
-616.358807105
 20
858.733366276
 10
-616.369970106
 20
853.733533233
 10
-616.514164860
 20
848.735753839
 10
-616.785449609
 20
843.743248068
 10
-617.178340487
 20
838.758827412
 10
-617.687778146
 20
833.784958082
 10
-618.309095400
 20
828.823814367
 10
-619.037986491
 20
823.877323735
 10
-619.870478279
 20
818.947205005
 10
-620.802903517
 20
814.035000738
 10
-621.831876247
 20
809.142104787
 10
-622.954269247
 20
804.269785807
 10
-624.167193471
 20
799.419207390
 10
-625.467979325
 20
794.591445389
 10
-626.854159685
 20
789.787502874
 10
-628.323454489
 20
785.008323130
 10
-629.873756800
 20
780.254801005
 10
-631.503120180
 20
775.527792886
 10
-633.209747286
 20
770.828125534
 10
-634.991979554
 20
766.156603965
 10
-636.848287883
 20
761.514018549
 10
-638.777264213
 20
756.901151461
 10
-640.777613921
 20
752.318782611
 10
-642.848148963
 20
747.767695150
 10
-644.987781671
 20
743.248680654
 10
-647.195519172
 20
738.762544057
 10
-649.470458346
 20
734.310108416
 10
-651.811781293
 20
729.892219566
 10
-654.218751244
 20
725.509750733
 10
-656.690708890
 20
721.163607159
 10
-659.227069086
 20
716.854730804
 10
-661.827317881
 20
712.584105162
 10
-664.491009871
 20
708.352760268
 10
-664.663658653
 20
708.083282957
  0
LWPOLYLINE
  5
168A
330
A02
100
AcDbEntity
100
AcDbPolyline
  8
IsoView
 90
47
 70
0
 43
0
 10
-664.663658653
 20
708.083282957
 10
-667.394439782
 20
703.894922306
 10
-670.187951584
 20
699.748138357
 10
-673.043944835
 20
695.644137711
 10
-675.962230555
 20
691.584196923
 10
-678.942678432
 20
687.569669341
 10
-681.985215362
 20
683.601992544
 10
-685.089824068
 20
679.682696423
 10
-688.256541774
 20
675.813412050
 10
-691.485458861
 20
671.995881395
 10
-694.776717476
 20
668.231968059
 10
-698.130510015
 20
664.523669116
 10
-701.547077406
 20
660.873128260
 10
-705.026707100
 20
657.282650397
 10
-708.569730647
 20
653.754717908
 10
-712.176520714
 20
650.292008783
 10
-715.847487382
 20
646.897416899
 10
-719.583073467
 20
643.574074711
 10
-723.383748613
 20
640.325378682
 10
-727.250001799
 20
637.155017801
 10
-731.182331808
 20
634.067005571
 10
-735.181235118
 20
631.065715903
 10
-739.247190508
 20
628.155923328
 10
-743.380639509
 20
625.342848014
 10
-747.581961582
 20
622.632205986
 10
-751.851442659
 20
620.030264946
 10
-756.189235295
 20
617.543905932
 10
-760.595308304
 20
615.180690830
 10
-765.069383217
 20
612.948935380
 10
-769.610854354
 20
610.857786705
 10
-774.218688659
 20
608.917303450
 10
-778.891300835
 20
607.138535258
 10
-783.626398792
 20
605.533596288
 10
-788.420794217
 20
604.115724678
 10
-793.270173529
 20
602.899316060
 10
-798.168826046
 20
601.899914338
 10
-803.109329782
 20
601.134137022
 10
-808.082201675
 20
600.619506053
 10
-813.075529556
 20
600.374149528
 10
-818.074618316
 20
600.416337575
 10
-823.061702383
 20
600.763820794
 10
-828.015797815
 20
601.432957174
 10
-832.912783593
 20
602.437647821
 10
-837.725802366
 20
603.788153816
 10
-842.426043599
 20
605.489928179
 10
-846.983909423
 20
607.542648933
 10
-850.525605770
 20
609.443297985
  0
LWPOLYLINE
  5
168B
330
A02
100
AcDbEntity
100
AcDbPolyline
  8
IsoView
 90
54
 70
0
 43
0
 10
-671.170605959
 20
953.916449455
 10
-666.941287361
 20
951.251781313
 10
-662.928818406
 20
948.270510657
 10
-659.152466511
 20
944.995209919
 10
-655.626254230
 20
941.451906110
 10
-652.358823240
 20
937.668528448
 10
-649.353772364
 20
933.673448929
 10
-646.610330403
 20
929.494278984
 10
-644.124202122
 20
925.156997865
 10
-641.888446338
 20
920.685412247
 10
-639.894287332
 20
916.100897863
 10
-638.131805470
 20
911.422353704
 10
-636.590488601
 20
906.666299421
 10
-635.259649182
 20
901.847057658
 10
-634.128724396
 20
896.976977725
 10
-633.187480995
 20
892.066670895
 10
-632.426146312
 20
887.125238818
 10
-631.835484321
 20
882.160484767
 10
-631.406832155
 20
877.179102925
 10
-631.132109122
 20
872.186844452
 10
-631.003807294
 20
867.188661078
 10
-631.014970296
 20
862.188828035
 10
-631.159165049
 20
857.191048641
 10
-631.430449798
 20
852.198542870
 10
-631.823340677
 20
847.214122214
 10
-632.332778335
 20
842.240252884
 10
-632.954095590
 20
837.279109169
 10
-633.682986681
 20
832.332618537
 10
-634.515478468
 20
827.402499806
 10
-635.447903707
 20
822.490295540
 10
-636.476876436
 20
817.597399589
 10
-637.599269437
 20
812.725080608
 10
-638.812193660
 20
807.874502192
 10
-640.112979515
 20
803.046740191
 10
-641.499159874
 20
798.242797676
 10
-642.968454679
 20
793.463617932
 10
-644.518756990
 20
788.710095807
 10
-646.148120369
 20
783.983087688
 10
-647.854747475
 20
779.283420336
 10
-649.636979744
 20
774.611898767
 10
-651.493288073
 20
769.969313351
 10
-653.422264402
 20
765.356446263
 10
-655.422614111
 20
760.774077413
 10
-657.493149152
 20
756.222989952
 10
-659.632781860
 20
751.703975456
 10
-661.840519361
 20
747.217838859
 10
-664.115458536
 20
742.765403218
 10
-666.456781482
 20
738.347514368
 10
-668.863751433
 20
733.965045534
 10
-671.335709080
 20
729.618901961
 10
-673.872069275
 20
725.310025606
 10
-676.472318071
 20
721.039399963
 10
-679.136010061
 20
716.808055070
 10
-679.308658842
 20
716.538577759
  0
LWPOLYLINE
  5
168C
330
A02
100
AcDbEntity
100
AcDbPolyline
  8
IsoView
 90
47
 70
0
 43
0
 10
-679.308658842
 20
716.538577759
 10
-682.039439972
 20
712.350217108
 10
-684.832951774
 20
708.203433159
 10
-687.688945024
 20
704.099432513
 10
-690.607230744
 20
700.039491724
 10
-693.587678622
 20
696.024964143
 10
-696.630215551
 20
692.057287346
 10
-699.734824258
 20
688.137991225
 10
-702.901541964
 20
684.268706852
 10
-706.130459050
 20
680.451176197
 10
-709.421717665
 20
676.687262861
 10
-712.775510204
 20
672.978963918
 10
-716.192077596
 20
669.328423062
 10
-719.671707290
 20
665.737945199
 10
-723.214730836
 20
662.210012710
 10
-726.821520904
 20
658.747303585
 10
-730.492487572
 20
655.352711701
 10
-734.228073656
 20
652.029369513
 10
-738.028748803
 20
648.780673484
 10
-741.895001989
 20
645.610312603
 10
-745.827331998
 20
642.522300373
 10
-749.826235307
 20
639.521010704
 10
-753.892190697
 20
636.611218130
 10
-758.025639698
 20
633.798142816
 10
-762.226961772
 20
631.087500788
 10
-766.496442848
 20
628.485559748
 10
-770.834235484
 20
625.999200733
 10
-775.240308493
 20
623.635985631
 10
-779.714383406
 20
621.404230182
 10
-784.255854543
 20
619.313081507
 10
-788.863688849
 20
617.372598252
 10
-793.536301025
 20
615.593830059
 10
-798.271398981
 20
613.988891090
 10
-803.065794406
 20
612.571019480
 10
-807.915173718
 20
611.354610862
 10
-812.813826235
 20
610.355209140
 10
-817.754329971
 20
609.589431824
 10
-822.727201865
 20
609.074800855
 10
-827.720529746
 20
608.829444330
 10
-832.719618505
 20
608.871632377
 10
-837.706702572
 20
609.219115595
 10
-842.660798005
 20
609.888251975
 10
-847.557783782
 20
610.892942623
 10
-852.370802555
 20
612.243448618
 10
-857.071043788
 20
613.945222981
 10
-861.628909612
 20
615.997943735
 10
-865.170605959
 20
617.898592787
  0
LWPOLYLINE
  5
168D
330
A02
100
AcDbEntity
100
AcDbPolyline
  8
IsoView
 90
94
 70
0
 43
0
 10
-865.953402195
 20
859.492953427
 10
-863.220908611
 20
863.680190775
 10
-860.422279627
 20
867.823516421
 10
-857.557786863
 20
871.921582418
 10
-854.627631496
 20
875.972957936
 10
-851.631946199
 20
879.976120700
 10
-848.570796913
 20
883.929447654
 10
-845.444184544
 20
887.831204731
 10
-842.252046600
 20
891.679535591
 10
-838.994258866
 20
895.472449167
 10
-835.670637182
 20
899.207805855
 10
-832.280939418
 20
902.883302137
 10
-828.824867780
 20
906.496453430
 10
-825.302071565
 20
910.044574878
 10
-821.712150572
 20
913.524759821
 10
-818.054659379
 20
916.933855593
 10
-814.329112790
 20
920.268436277
 10
-810.534992789
 20
923.524771991
 10
-806.671757493
 20
926.698794242
 10
-802.738852664
 20
929.786056800
 10
-798.735726541
 20
932.781691547
 10
-794.661848939
 20
935.680358674
 10
-790.516735829
 20
938.476190625
 10
-786.299980934
 20
941.162729185
 10
-782.011296310
 20
943.732855219
 10
-777.650564374
 20
946.178710780
 10
-773.217904494
 20
948.491613655
 10
-768.713757977
 20
950.661965059
 10
-764.138996188
 20
952.679152221
 10
-759.495057401
 20
954.531449129
 10
-754.784118892
 20
956.205921117
 10
-750.009311299
 20
957.688342357
 10
-745.174982177
 20
958.963140165
 10
-740.287014110
 20
960.013386431
 10
-735.353198749
 20
960.820864560
 10
-730.383660214
 20
961.366249434
 10
-725.391307717
 20
961.629446351
 10
-720.392276625
 20
961.590139223
 10
-715.406289674
 20
961.228592536
 10
-710.456839499
 20
960.526727871
 10
-705.571070127
 20
959.469446816
 10
-700.779235361
 20
958.046096730
 10
-696.113655483
 20
956.251887395
 10
-691.607190368
 20
954.088997269
 10
-687.291381683
 20
951.567101460
 10
-683.194542164
 20
948.703140298
 10
-679.340124423
 20
945.520315620
 10
-675.745647837
 20
942.046490557
 10
-672.422316849
 20
938.312298291
 10
-669.375291862
 20
934.349287779
 10
-666.604444607
 20
930.188359000
 10
-664.105378598
 20
925.858617785
 10
-661.870514525
 20
921.386665187
 10
-659.890098264
 20
916.796260253
 10
-658.153053748
 20
912.108262177
 10
-656.647654960
 20
907.340757018
 10
-655.362024712
 20
902.509290087
 10
-654.284484778
 20
897.627146286
 10
-653.403787339
 20
892.705640281
 10
-652.709256577
 20
887.754393770
 10
-652.190865053
 20
882.781588025
 10
-651.839264524
 20
877.794186900
 10
-651.645786107
 20
872.798129786
 10
-651.602420718
 20
867.798496269
 10
-651.701787574
 20
862.799645397
 10
-651.937096152
 20
857.805332775
 10
-652.302105263
 20
852.818808690
 10
-652.791081644
 20
847.842900225
 10
-653.398759603
 20
842.880079935
 10
-654.120302619
 20
837.932523347
 10
-654.951267417
 20
833.002157187
 10
-655.887570747
 20
828.090699904
 10
-656.925458903
 20
823.199695847
 10
-658.061479949
 20
818.330544179
 10
-659.292458501
 20
813.484523434
 10
-660.615472905
 20
808.662812479
 10
-662.027834640
 20
803.866508498
 10
-663.527069751
 20
799.096642508
 10
-665.110902126
 20
794.354192836
 10
-666.777238457
 20
789.640096913
 10
-668.524154717
 20
784.955261686
 10
-670.349883999
 20
780.300572874
 10
-672.252805601
 20
775.676903315
 10
-674.231435209
 20
771.085120548
 10
-676.284416091
 20
766.526093799
 10
-678.410511189
 20
762.000700506
 10
-680.608596027
 20
757.509832491
 10
-682.877652349
 20
753.054401886
 10
-685.216762424
 20
748.635346909
 10
-687.625103948
 20
744.253637568
 10
-690.101945481
 20
739.910281385
 10
-692.646642382
 20
735.606329206
 10
-695.258633167
 20
731.342881182
 10
-697.418151820
 20
727.928064101
  0
LWPOLYLINE
  5
168E
330
A02
100
AcDbEntity
100
AcDbPolyline
  8
IsoView
 90
94
 70
0
 43
0
 10
-697.418151820
 20
727.928064101
 10
-700.150645404
 20
723.740826753
 10
-702.949274388
 20
719.597501107
 10
-705.813767152
 20
715.499435110
 10
-708.743922519
 20
711.448059592
 10
-711.739607817
 20
707.444896828
 10
-714.800757102
 20
703.491569874
 10
-717.927369471
 20
699.589812797
 10
-721.119507415
 20
695.741481937
 10
-724.377295149
 20
691.948568361
 10
-727.700916834
 20
688.213211673
 10
-731.090614597
 20
684.537715391
 10
-734.546686235
 20
680.924564098
 10
-738.069482450
 20
677.376442650
 10
-741.659403444
 20
673.896257707
 10
-745.316894636
 20
670.487161935
 10
-749.042441225
 20
667.152581251
 10
-752.836561226
 20
663.896245537
 10
-756.699796522
 20
660.722223286
 10
-760.632701351
 20
657.634960727
 10
-764.635827475
 20
654.639325981
 10
-768.709705076
 20
651.740658854
 10
-772.854818186
 20
648.944826903
 10
-777.071573081
 20
646.258288343
 10
-781.360257706
 20
643.688162309
 10
-785.720989641
 20
641.242306747
 10
-790.153649521
 20
638.929403873
 10
-794.657796038
 20
636.759052469
 10
-799.232557827
 20
634.741865307
 10
-803.876496614
 20
632.889568399
 10
-808.587435123
 20
631.215096411
 10
-813.362242716
 20
629.732675171
 10
-818.196571838
 20
628.457877363
 10
-823.084539905
 20
627.407631097
 10
-828.018355266
 20
626.600152968
 10
-832.987893801
 20
626.054768094
 10
-837.980246298
 20
625.791571177
 10
-842.979277390
 20
625.830878305
 10
-847.965264341
 20
626.192424992
 10
-852.914714516
 20
626.894289657
 10
-857.800483889
 20
627.951570712
 10
-862.592318654
 20
629.374920798
 10
-867.257898532
 20
631.169130133
 10
-871.764363647
 20
633.332020259
 10
-876.080172332
 20
635.853916068
 10
-880.177011851
 20
638.717877230
 10
-884.031429592
 20
641.900701908
 10
-887.625906178
 20
645.374526971
 10
-890.949237167
 20
649.108719236
 10
-893.996262153
 20
653.071729749
 10
-896.767109408
 20
657.232658527
 10
-899.266175417
 20
661.562399743
 10
-901.501039491
 20
666.034352341
 10
-903.481455752
 20
670.624757275
 10
-905.218500267
 20
675.312755351
 10
-906.723899056
 20
680.080260510
 10
-908.009529303
 20
684.911727441
 10
-909.087069237
 20
689.793871242
 10
-909.967766676
 20
694.715377247
 10
-910.662297438
 20
699.666623758
 10
-911.180688962
 20
704.639429503
 10
-911.532289491
 20
709.626830627
 10
-911.725767908
 20
714.622887742
 10
-911.769133298
 20
719.622521259
 10
-911.669766441
 20
724.621372130
 10
-911.434457863
 20
729.615684753
 10
-911.069448752
 20
734.602208838
 10
-910.580472371
 20
739.578117303
 10
-909.972794412
 20
744.540937593
 10
-909.251251397
 20
749.488494180
 10
-908.420286598
 20
754.418860341
 10
-907.483983269
 20
759.330317624
 10
-906.446095112
 20
764.221321681
 10
-905.310074066
 20
769.090473349
 10
-904.079095514
 20
773.936494094
 10
-902.756081110
 20
778.758205049
 10
-901.343719375
 20
783.554509030
 10
-899.844484264
 20
788.324375020
 10
-898.260651889
 20
793.066824692
 10
-896.594315558
 20
797.780920614
 10
-894.847399298
 20
802.465755842
 10
-893.021670016
 20
807.120444654
 10
-891.118748414
 20
811.744114212
 10
-889.140118806
 20
816.335896980
 10
-887.087137924
 20
820.894923729
 10
-884.961042826
 20
825.420317022
 10
-882.762957988
 20
829.911185037
 10
-880.493901666
 20
834.366615642
 10
-878.154791591
 20
838.785670619
 10
-875.746450068
 20
843.167379960
 10
-873.269608534
 20
847.510736143
 10
-870.724911633
 20
851.814688322
 10
-868.112920848
 20
856.078136346
 10
-865.953402195
 20
859.492953427
  0
LWPOLYLINE
  5
168F
330
A02
100
AcDbEntity
100
AcDbPolyline
  8
IsoView
 90
86
 70
0
 43
0
 10
-866.421351836
 20
858.317476128
 10
-863.685806191
 20
862.502708118
 10
-860.878058906
 20
866.639847673
 10
-857.998422273
 20
870.727273599
 10
-855.047117293
 20
874.763254707
 10
-852.024276369
 20
878.745937389
 10
-848.929945791
 20
882.673331933
 10
-845.764088105
 20
886.543297378
 10
-842.526584465
 20
890.353524644
 10
-839.217237090
 20
894.101517684
 10
-835.835771984
 20
897.784572312
 10
-832.381842097
 20
901.399752355
 10
-828.855031173
 20
904.943862701
 10
-825.254858574
 20
908.413418755
 10
-821.580785476
 20
911.804611731
 10
-817.832222920
 20
915.113269165
 10
-814.008542374
 20
918.334809871
 10
-810.109089624
 20
921.464192566
 10
-806.133203079
 20
924.495857198
 10
-802.080237911
 20
927.423658017
 10
-797.949597855
 20
930.240787324
 10
-793.740777067
 20
932.939688886
 10
-789.453415149
 20
935.511960112
 10
-785.087369349
 20
937.948242428
 10
-780.642809097
 20
940.238099922
 10
-776.120339393
 20
942.369887466
 10
-771.521161164
 20
944.330611480
 10
-766.847278387
 20
946.105789542
 10
-762.101763262
 20
947.679319889
 10
-757.289091425
 20
949.033378911
 10
-752.415557974
 20
950.148374866
 10
-747.489780160
 20
951.002999448
 10
-742.523281111
 20
951.574435016
 10
-737.531127358
 20
951.838791611
 10
-732.532557831
 20
951.771857803
 10
-727.551492944
 20
951.350241334
 10
-722.616756852
 20
950.552932689
 10
-717.761805599
 20
949.363231640
 10
-713.023765447
 20
947.770833574
 10
-708.441689027
 20
945.773714438
 10
-704.054141411
 20
943.379358207
 10
-699.896477006
 20
940.604928270
 10
-695.998340940
 20
937.476225160
 10
-692.381911734
 20
934.025615601
 10
-689.061182647
 20
930.289398657
 10
-686.042267901
 20
926.305162406
 10
-683.324469542
 20
922.109569848
 10
-680.901739312
 20
917.736793696
 10
-678.764207137
 20
913.217612964
 10
-676.899556439
 20
908.579055457
 10
-675.294140985
 20
903.844424496
 10
-673.933822917
 20
899.033558121
 10
-672.804560101
 20
894.163203687
 10
-671.892790651
 20
889.247428979
 10
-671.185664677
 20
884.298022681
 10
-670.671167002
 20
879.324859730
 10
-670.338165597
 20
874.336221565
 10
-670.176411624
 20
869.339069804
 10
-670.176509574
 20
864.339276317
 10
-670.329870267
 20
859.341814630
 10
-670.628655221
 20
854.350918164
 10
-671.065717940
 20
849.370210613
 10
-671.634545578
 20
844.402813232
 10
-672.329203046
 20
839.451433151
 10
-673.144280691
 20
834.518436191
 10
-674.074846092
 20
829.605907049
 10
-675.116400126
 20
824.715699211
 10
-676.264837226
 20
819.849476520
 10
-677.516409619
 20
815.008747957
 10
-678.867695275
 20
810.194896907
 10
-680.315569246
 20
805.409205937
 10
-681.857178089
 20
800.652877927
 10
-683.489917064
 20
795.927054241
 10
-685.211409827
 20
791.232830490
 10
-687.019490351
 20
786.571270357
 10
-688.912186841
 20
781.943417861
 10
-690.887707425
 20
777.350308378
 10
-692.944427431
 20
772.792978697
 10
-695.080878084
 20
768.272476329
 10
-697.295736464
 20
763.789868276
 10
-699.587816592
 20
759.346249425
 10
-701.956061531
 20
754.942750743
 10
-704.399536386
 20
750.580547391
 10
-706.917422117
 20
746.260866910
 10
-709.509010068
 20
741.984997606
 10
-712.108835826
 20
737.855382616
  0
LWPOLYLINE
  5
1690
330
A02
100
AcDbEntity
100
AcDbPolyline
  8
IsoView
 90
86
 70
0
 43
0
 10
-712.108835826
 20
737.855382616
 10
-714.844381470
 20
733.670150626
 10
-717.652128756
 20
729.533011071
 10
-720.531765388
 20
725.445585145
 10
-723.483070368
 20
721.409604037
 10
-726.505911292
 20
717.426921355
 10
-729.600241870
 20
713.499526811
 10
-732.766099556
 20
709.629561366
 10
-736.003603197
 20
705.819334100
 10
-739.312950572
 20
702.071341060
 10
-742.694415678
 20
698.388286432
 10
-746.148345564
 20
694.773106389
 10
-749.675156488
 20
691.228996043
 10
-753.275329087
 20
687.759439989
 10
-756.949402186
 20
684.368247013
 10
-760.697964742
 20
681.059589579
 10
-764.521645287
 20
677.838048873
 10
-768.421098038
 20
674.708666178
 10
-772.396984583
 20
671.677001546
 10
-776.449949751
 20
668.749200727
 10
-780.580589806
 20
665.932071420
 10
-784.789410594
 20
663.233169858
 10
-789.076772512
 20
660.660898632
 10
-793.442818312
 20
658.224616316
 10
-797.887378564
 20
655.934758822
 10
-802.409848268
 20
653.802971278
 10
-807.009026497
 20
651.842247264
 10
-811.682909275
 20
650.067069202
 10
-816.428424400
 20
648.493538855
 10
-821.241096236
 20
647.139479833
 10
-826.114629687
 20
646.024483878
 10
-831.040407501
 20
645.169859297
 10
-836.006906550
 20
644.598423728
 10
-840.999060304
 20
644.334067133
 10
-845.997629830
 20
644.401000941
 10
-850.978694718
 20
644.822617410
 10
-855.913430810
 20
645.619926055
 10
-860.768382063
 20
646.809627105
 10
-865.506422214
 20
648.402025170
 10
-870.088498634
 20
650.399144306
 10
-874.476046250
 20
652.793500537
 10
-878.633710656
 20
655.567930474
 10
-882.531846721
 20
658.696633584
 10
-886.148275927
 20
662.147243143
 10
-889.469005015
 20
665.883460087
 10
-892.487919761
 20
669.867696338
 10
-895.205718120
 20
674.063288896
 10
-897.628448349
 20
678.436065048
 10
-899.765980524
 20
682.955245781
 10
-901.630631222
 20
687.593803287
 10
-903.236046676
 20
692.328434248
 10
-904.596364744
 20
697.139300623
 10
-905.725627561
 20
702.009655057
 10
-906.637397010
 20
706.925429765
 10
-907.344522984
 20
711.874836063
 10
-907.859020659
 20
716.847999014
 10
-908.192022064
 20
721.836637179
 10
-908.353776038
 20
726.833788940
 10
-908.353678087
 20
731.833582427
 10
-908.200317394
 20
736.831044114
 10
-907.901532441
 20
741.821940580
 10
-907.464469722
 20
746.802648131
 10
-906.895642083
 20
751.770045512
 10
-906.200984615
 20
756.721425593
 10
-905.385906970
 20
761.654422553
 10
-904.455341570
 20
766.566951695
 10
-903.413787535
 20
771.457159533
 10
-902.265350435
 20
776.323382224
 10
-901.013778042
 20
781.164110787
 10
-899.662492386
 20
785.977961837
 10
-898.214618415
 20
790.763652807
 10
-896.673009572
 20
795.519980817
 10
-895.040270597
 20
800.245804503
 10
-893.318777834
 20
804.940028254
 10
-891.510697310
 20
809.601588387
 10
-889.618000820
 20
814.229440883
 10
-887.642480237
 20
818.822550366
 10
-885.585760231
 20
823.379880047
 10
-883.449309577
 20
827.900382415
 10
-881.234451197
 20
832.382990469
 10
-878.942371069
 20
836.826609319
 10
-876.574126130
 20
841.230108001
 10
-874.130651275
 20
845.592311353
 10
-871.612765544
 20
849.911991834
 10
-869.021177594
 20
854.187861138
 10
-866.421351836
 20
858.317476128
  0
LWPOLYLINE
  5
1691
330
A02
100
AcDbEntity
100
AcDbPolyline
  8
IsoView
 90
78
 70
0
 43
0
 10
-862.370427262
 20
854.391552509
 10
-859.630811463
 20
858.574103563
 10
-856.810907794
 20
862.702948389
 10
-853.911083599
 20
866.776057820
 10
-850.931581346
 20
870.791247434
 10
-847.872522658
 20
874.746157981
 10
-844.733912044
 20
878.638233560
 10
-841.515640499
 20
882.464697110
 10
-838.217489195
 20
886.222522707
 10
-834.839133526
 20
889.908404111
 10
-831.380147847
 20
893.518718869
 10
-827.840011330
 20
897.049487201
 10
-824.218115519
 20
900.496324743
 10
-820.513774312
 20
903.854388061
 10
-816.726237376
 20
907.118311701
 10
-812.854708295
 20
910.282135319
 10
-808.898369237
 20
913.339219261
 10
-804.856414487
 20
916.282146765
 10
-800.728096039
 20
919.102610846
 10
-796.512785504
 20
921.791283899
 10
-792.210058033
 20
924.337668299
 10
-787.819805849
 20
926.729926923
 10
-783.342391397
 20
928.954693953
 10
-778.778853043
 20
930.996868938
 10
-774.131179742
 20
932.839401784
 10
-769.402674442
 20
934.463084109
 10
-764.598428500
 20
935.846374765
 10
-759.725928558
 20
936.965305975
 10
-754.795809385
 20
937.793542762
 10
-749.822744484
 20
938.302701285
 10
-744.826421901
 20
938.463065418
 10
-739.832477287
 20
938.244858951
 10
-734.873150527
 20
937.620202037
 10
-729.987322053
 20
936.565762203
 10
-725.219537555
 20
935.065872401
 10
-720.617746102
 20
933.115565431
 10
-716.229824257
 20
930.722712964
 10
-712.099460329
 20
927.908482030
 10
-708.262363857
 20
924.705758533
 10
-704.743753378
 20
921.155878051
 10
-701.557615093
 20
917.304558205
 10
-698.707594622
 20
913.198037267
 10
-696.188943727
 20
908.880114137
 10
-693.990849057
 20
904.390324944
 10
-692.098631605
 20
899.763134952
 10
-690.495547002
 20
895.027861657
 10
-689.164114394
 20
890.209035424
 10
-688.087016712
 20
885.326968581
 10
-687.247661010
 20
880.398383117
 10
-686.630491939
 20
875.437012521
 10
-686.221137306
 20
870.454138012
 10
-686.006445662
 20
865.459046256
 10
-685.974458422
 20
860.459409959
 10
-686.114345156
 20
855.461599312
 10
-686.416320679
 20
850.470934455
 10
-686.871555528
 20
845.491889124
 10
-687.472086780
 20
840.528254616
 10
-688.210733160
 20
835.583271856
 10
-689.081016416
 20
830.659737992
 10
-690.077089822
 20
825.760092722
 10
-691.193673916
 20
820.886488519
 10
-692.425999207
 20
816.040848078
 10
-693.769755379
 20
811.224911604
 10
-695.221046407
 20
806.440276041
 10
-696.776350996
 20
801.688427885
 10
-698.432487774
 20
796.970770923
 10
-700.186584684
 20
792.288649933
 10
-702.036052101
 20
787.643371220
 10
-703.978559222
 20
783.036220665
 10
-706.012013347
 20
778.468479861
 10
-708.134541706
 20
773.941440816
 10
-710.344475523
 20
769.456419607
 10
-712.640336062
 20
765.014769347
 10
-715.020822422
 20
760.617892750
 10
-717.484800868
 20
756.267254586
 10
-720.031295532
 20
751.964394268
 10
-722.659480306
 20
747.710938819
 10
-723.672501556
 20
746.118789364
  0
LWPOLYLINE
  5
1692
330
A02
100
AcDbEntity
100
AcDbPolyline
  8
IsoView
 90
78
 70
0
 43
0
 10
-723.672501556
 20
746.118789364
 10
-726.412117355
 20
741.936238310
 10
-729.232021024
 20
737.807393484
 10
-732.131845219
 20
733.734284053
 10
-735.111347472
 20
729.719094439
 10
-738.170406160
 20
725.764183892
 10
-741.309016773
 20
721.872108313
 10
-744.527288319
 20
718.045644763
 10
-747.825439623
 20
714.287819166
 10
-751.203795292
 20
710.601937762
 10
-754.662780971
 20
706.991623004
 10
-758.202917488
 20
703.460854672
 10
-761.824813299
 20
700.014017130
 10
-765.529154505
 20
696.655953812
 10
-769.316691442
 20
693.392030172
 10
-773.188220522
 20
690.228206554
 10
-777.144559581
 20
687.171122612
 10
-781.186514331
 20
684.228195108
 10
-785.314832779
 20
681.407731027
 10
-789.530143313
 20
678.719057974
 10
-793.832870785
 20
676.172673575
 10
-798.223122968
 20
673.780414950
 10
-802.700537421
 20
671.555647920
 10
-807.264075774
 20
669.513472935
 10
-811.911749076
 20
667.670940089
 10
-816.640254376
 20
666.047257764
 10
-821.444500317
 20
664.663967108
 10
-826.317000260
 20
663.545035898
 10
-831.247119433
 20
662.716799111
 10
-836.220184334
 20
662.207640589
 10
-841.216506917
 20
662.047276456
 10
-846.210451531
 20
662.265482922
 10
-851.169778290
 20
662.890139836
 10
-856.055606765
 20
663.944579670
 10
-860.823391263
 20
665.444469472
 10
-865.425182715
 20
667.394776442
 10
-869.813104561
 20
669.787628909
 10
-873.943468489
 20
672.601859843
 10
-877.780564961
 20
675.804583340
 10
-881.299175440
 20
679.354463822
 10
-884.485313725
 20
683.205783669
 10
-887.335334196
 20
687.312304606
 10
-889.853985091
 20
691.630227737
 10
-892.052079761
 20
696.120016930
 10
-893.944297213
 20
700.747206922
 10
-895.547381815
 20
705.482480216
 10
-896.878814424
 20
710.301306449
 10
-897.955912105
 20
715.183373292
 10
-898.795267807
 20
720.111958756
 10
-899.412436878
 20
725.073329352
 10
-899.821791512
 20
730.056203861
 10
-900.036483155
 20
735.051295618
 10
-900.068470396
 20
740.050931914
 10
-899.928583662
 20
745.048742561
 10
-899.626608138
 20
750.039407418
 10
-899.171373290
 20
755.018452749
 10
-898.570842037
 20
759.982087257
 10
-897.832195657
 20
764.927070017
 10
-896.961912401
 20
769.850603881
 10
-895.965838995
 20
774.750249151
 10
-894.849254902
 20
779.623853354
 10
-893.616929611
 20
784.469493796
 10
-892.273173439
 20
789.285430269
 10
-890.821882411
 20
794.070065832
 10
-889.266577822
 20
798.821913988
 10
-887.610441043
 20
803.539570950
 10
-885.856344133
 20
808.221691940
 10
-884.006876717
 20
812.866970653
 10
-882.064369596
 20
817.474121208
 10
-880.030915471
 20
822.041862012
 10
-877.908387111
 20
826.568901057
 10
-875.698453295
 20
831.053922266
 10
-873.402592755
 20
835.495572527
 10
-871.022106396
 20
839.892449123
 10
-868.558127950
 20
844.243087287
 10
-866.011633285
 20
848.545947605
 10
-863.383448511
 20
852.799403055
 10
-862.370427262
 20
854.391552509
  0
LWPOLYLINE
  5
1693
330
A02
100
AcDbEntity
100
AcDbPolyline
  8
IsoView
 90
43
 70
0
 43
0
 10
-759.745171928
 20
919.683179892
 10
-754.769200841
 20
920.159692996
 10
-749.771199204
 20
920.228537548
 10
-744.787318630
 20
919.850674202
 10
-739.863889807
 20
918.991220039
 10
-735.056808453
 20
917.624478693
 10
-730.428585544
 20
915.739415102
 10
-726.042851153
 20
913.343943633
 10
-721.957294721
 20
910.466169721
 10
-718.217122799
 20
907.151634877
 10
-714.851150938
 20
903.457338028
 10
-711.871424635
 20
899.444631390
 10
-709.275714311
 20
895.173113183
 10
-707.051409991
 20
890.696642286
 10
-705.179464482
 20
886.061504031
 10
-703.637618653
 20
881.306152851
 10
-702.402690231
 20
876.461856697
 10
-701.452022798
 20
871.553723502
 10
-700.764302554
 20
866.601793521
 10
-700.319948073
 20
861.622040249
 10
-700.101234140
 20
856.627221047
 10
-700.092261983
 20
851.627570355
 10
-700.278848596
 20
846.631351290
 10
-700.648379630
 20
841.645288854
 10
-701.189651762
 20
836.674908051
 10
-701.892718787
 20
831.724797330
 10
-702.748748565
 20
826.798814146
 10
-703.749893898
 20
821.900245955
 10
-704.889178028
 20
817.031937007
 10
-706.160394264
 20
812.196388903
 10
-707.558018609
 20
807.395841048
 10
-709.077134070
 20
802.632335666
 10
-710.713365248
 20
797.907770987
 10
-712.462821927
 20
793.223945371
 10
-714.322050472
 20
788.582594532
 10
-716.287991979
 20
783.985423554
 10
-718.357946265
 20
779.434135047
 10
-720.529540910
 20
774.930454524
 10
-722.800704658
 20
770.476153912
 10
-725.169644607
 20
766.073073941
 10
-727.634826665
 20
761.723146105
 10
-730.194958851
 20
757.428414779
 10
-732.809978978
 20
753.251844336
  0
LWPOLYLINE
  5
1694
330
A02
100
AcDbEntity
100
AcDbPolyline
  8
IsoView
 90
68
 70
0
 43
0
 10
-732.809978978
 20
753.251844336
 10
-735.555696019
 20
749.073326315
 10
-738.393815495
 20
744.957013165
 10
-741.323888081
 20
740.905642375
 10
-744.345653342
 20
736.922197560
 10
-747.459032862
 20
733.009944358
 10
-750.664123815
 20
729.172471309
 10
-753.961192537
 20
725.413736774
 10
-757.350667510
 20
721.738123205
 10
-760.833130997
 20
718.150500282
 10
-764.409308314
 20
714.656298770
 10
-768.080053356
 20
711.261597294
 10
-771.846328474
 20
707.973224663
 10
-775.709176061
 20
704.798880864
 10
-779.669678160
 20
701.747280360
 10
-783.728898921
 20
698.828321832
 10
-787.887802655
 20
696.053288874
 10
-792.147137306
 20
693.435086139
 10
-796.507269135
 20
690.988514645
 10
-800.967948952
 20
688.730587641
 10
-805.527983090
 20
686.680883203
 10
-810.184773674
 20
684.861919506
 10
-814.933683552
 20
683.299520017
 10
-819.767174760
 20
682.023103736
 10
-824.673673128
 20
681.065784444
 10
-829.636140436
 20
680.464088997
 10
-834.630414432
 20
680.257015015
 10
-839.623536863
 20
680.484077367
 10
-844.572544112
 20
681.182024758
 10
-849.424482667
 20
682.380178067
 10
-854.118524635
 20
684.094956529
 10
-858.590670486
 20
686.324985991
 10
-862.780484791
 20
689.048683087
 10
-866.638069316
 20
692.225694041
 10
-870.129013225
 20
695.802004108
 10
-873.235926800
 20
699.716933509
 10
-875.956745992
 20
703.909755645
 10
-878.301126970
 20
708.324428591
 10
-880.286402969
 20
712.912089612
 10
-881.934076673
 20
717.631752918
 10
-883.267224201
 20
722.449893965
 10
-884.308791044
 20
727.339504089
 10
-885.080591847
 20
732.278995984
 10
-885.602800705
 20
737.251162599
 10
-885.893754655
 20
742.242274605
 10
-885.969942729
 20
747.241336546
 10
-885.846096127
 20
752.239491148
 10
-885.535326964
 20
757.229549901
 10
-885.049284467
 20
762.205626143
 10
-884.398311174
 20
767.162849131
 10
-883.591590038
 20
772.097141107
 10
-882.637278288
 20
777.005042945
 10
-881.542626719
 20
781.883577112
 10
-880.314084604
 20
786.730139258
 10
-878.957391186
 20
791.542411733
 10
-877.477655060
 20
796.318293956
 10
-875.879422803
 20
801.055845681
 10
-874.166738204
 20
805.753240163
 10
-872.343193308
 20
810.408724873
 10
-870.411972377
 20
815.020587940
 10
-868.375889721
 20
819.587128855
 10
-866.237422235
 20
824.106632292
 10
-863.998737362
 20
828.577344072
 10
-861.661717086
 20
832.997448482
 10
-859.227978498
 20
837.365046247
 10
-856.698891382
 20
841.678132524
 10
-854.075593235
 20
845.934574347
 10
-853.232949841
 20
847.258497537
  0
LWPOLYLINE
  5
1695
330
A02
100
AcDbEntity
100
AcDbPolyline
  8
IsoView
 90
26
 70
0
 43
0
 10
-853.232949840
 20
847.258497537
 10
-850.487232799
 20
851.437015558
 10
-847.649113323
 20
855.553328708
 10
-844.719040737
 20
859.604699498
 10
-841.697275476
 20
863.588144313
 10
-838.583895956
 20
867.500397514
 10
-835.378805003
 20
871.337870564
 10
-832.081736281
 20
875.096605098
 10
-828.692261308
 20
878.772218668
 10
-825.209797821
 20
882.359841591
 10
-821.633620504
 20
885.854043103
 10
-817.962875462
 20
889.248744579
 10
-814.196600344
 20
892.537117209
 10
-810.333752757
 20
895.711461008
 10
-806.373250658
 20
898.763061513
 10
-802.314029896
 20
901.682020041
 10
-798.155126162
 20
904.457052998
 10
-793.895791512
 20
907.075255733
 10
-789.535659683
 20
909.521827227
 10
-785.074979865
 20
911.779754231
 10
-780.514945728
 20
913.829458669
 10
-775.858155144
 20
915.648422366
 10
-771.109245266
 20
917.210821855
 10
-766.275754057
 20
918.487238136
 10
-761.369255689
 20
919.444557428
 10
-759.745171928
 20
919.683179892
  0
LWPOLYLINE
  5
1696
330
A02
100
AcDbEntity
100
AcDbPolyline
  8
IsoView
 90
45
 70
0
 43
0
 10
-847.098535084
 20
842.938514796
 10
-844.349675210
 20
847.114948652
 10
-841.502175360
 20
851.224760268
 10
-838.556525781
 20
855.264800277
 10
-835.512987839
 20
859.231613826
 10
-832.371602846
 20
863.121392842
 10
-829.132200373
 20
866.929921096
 10
-825.794406780
 20
870.652510401
 10
-822.357654895
 20
874.283925917
 10
-818.821196111
 20
877.818298127
 10
-815.184116614
 20
881.249018534
 10
-811.445360180
 20
884.568615473
 10
-807.603760952
 20
887.768605753
 10
-803.658091094
 20
890.839316990
 10
-799.607130286
 20
893.769674698
 10
-795.449767129
 20
896.546947584
 10
-791.185146841
 20
899.156444329
 10
-786.812885841
 20
901.581156282
 10
-782.333382355
 20
903.801344103
 10
-777.748263492
 20
905.794074892
 10
-773.061023062
 20
907.532733743
 10
-768.277918487
 20
908.986566391
 10
-763.409202519
 20
910.120366814
 10
-758.470749900
 20
910.894515169
 10
-753.486068260
 20
911.265699328
 10
-748.488506459
 20
911.188789323
 10
-743.523145163
 20
910.620380147
 10
-738.647406933
 20
909.524273322
 10
-733.929109809
 20
907.878400487
 10
-729.441032442
 20
905.681454293
 10
-725.252466326
 20
902.956530082
 10
-721.420166864
 20
899.749600388
 10
-717.981982777
 20
896.122930299
 10
-714.955178050
 20
892.146010702
 10
-712.339045543
 20
887.887261173
 10
-710.119801650
 20
883.408489181
 10
-708.275713665
 20
878.762346902
 10
-706.781270442
 20
873.991992738
 10
-705.610066126
 20
869.131972833
 10
-704.736551387
 20
864.209578373
 10
-704.136961047
 20
859.246247375
 10
-703.789709201
 20
854.258813108
 10
-703.675469526
 20
849.260537072
 10
-703.777085340
 20
844.261930316
 10
-704.032687518
 20
839.873498674
  0
LWPOLYLINE
  5
1697
330
A02
100
AcDbEntity
100
AcDbPolyline
  8
IsoView
 90
16
 70
0
 43
0
 10
-734.332491794
 20
754.909144251
 10
-737.081351669
 20
750.732710395
 10
-739.928851518
 20
746.622898779
 10
-742.874501097
 20
742.582858770
 10
-745.918039039
 20
738.616045221
 10
-749.059424032
 20
734.726266205
 10
-752.298826505
 20
730.917737951
 10
-755.636620099
 20
727.195148646
 10
-759.073371983
 20
723.563733130
 10
-762.609830767
 20
720.029360920
 10
-766.246910264
 20
716.598640514
 10
-769.985666699
 20
713.279043575
 10
-773.827265926
 20
710.079053294
 10
-777.772935785
 20
707.008342057
 10
-781.823896593
 20
704.077984349
 10
-782.837554239
 20
703.379465629
  0
LWPOLYLINE
  5
1698
330
A02
100
AcDbEntity
100
AcDbPolyline
  8
IsoView
 90
49
 70
0
 43
0
 10
-782.837554239
 20
703.379465629
 10
-787.021259405
 20
700.642054187
 10
-791.312369955
 20
698.076376495
 10
-795.711110283
 20
695.700073049
 10
-800.216827416
 20
693.533624939
 10
-804.827502572
 20
691.600826183
 10
-809.539056375
 20
689.929271485
 10
-814.344376511
 20
688.550791351
 10
-819.231992868
 20
687.501701662
 10
-824.184350720
 20
686.822633880
 10
-829.175724013
 20
686.557577670
 10
-834.170021305
 20
686.751640923
 10
-839.119103591
 20
687.447035320
 10
-843.962682719
 20
688.677151105
 10
-848.631075897
 20
690.459493827
 10
-853.051501912
 20
692.789525901
 10
-857.156965936
 20
695.638159056
 10
-860.894940868
 20
698.954645700
 10
-864.232680283
 20
702.674079722
 10
-867.157714629
 20
706.726551062
 10
-869.674463210
 20
711.044876683
 10
-871.799118185
 20
715.569369451
 10
-873.554680418
 20
720.249745821
 10
-874.967100602
 20
725.045077983
 10
-876.062699021
 20
729.922738826
 10
-876.866646863
 20
734.857004425
 10
-877.402194207
 20
739.827678382
 10
-877.690369575
 20
744.818894159
 10
-877.749952465
 20
749.818136037
 10
-877.597589860
 20
754.815465851
 10
-877.247978607
 20
759.802923476
 10
-876.714069078
 20
764.774066174
 10
-876.007266194
 20
769.723615643
 10
-875.137616070
 20
774.647187261
 10
-874.113973478
 20
779.541081533
 10
-872.944149046
 20
784.402122432
 10
-871.635037030
 20
789.227531054
 10
-870.192725380
 20
794.014825876
 10
-868.622590094
 20
798.761743055
 10
-866.929375888
 20
803.466171820
 10
-865.117265042
 20
808.126101187
 10
-863.189936106
 20
812.739575116
 10
-861.150613906
 20
817.304653874
 10
-859.002112132
 20
821.819379815
 10
-856.746869541
 20
826.281746170
 10
-854.386980719
 20
830.689667641
 10
-851.924222151
 20
835.040951793
 10
-849.360074285
 20
839.333270306
 10
-847.098535084
 20
842.938514796
  0
LWPOLYLINE
  5
1699
330
A02
100
AcDbEntity
100
AcDbPolyline
  8
IsoView
 90
11
 70
0
 43
0
 10
-704.490238443
 20
835.005058358
 10
-704.432148573
 20
840.004253739
 10
-704.621066560
 20
845.000128821
 10
-705.079445145
 20
849.978403656
 10
-705.832857852
 20
854.920491664
 10
-706.910032789
 20
859.802053196
 10
-708.342460946
 20
864.591166089
 10
-710.163210033
 20
869.246175491
 10
-712.404409948
 20
873.713528179
 10
-715.092806386
 20
877.926361119
 10
-716.416305596
 20
879.672419882
  0
LWPOLYLINE
  5
169A
330
A02
100
AcDbEntity
100
AcDbPolyline
  8
IsoView
 90
11
 70
0
 43
0
 10
-823.496240088
 20
694.204532871
 10
-818.520545494
 20
693.740160776
 10
-813.523275656
 20
693.814307112
 10
-808.556143812
 20
694.371244793
 10
-803.655280827
 20
695.354953209
 10
-798.844529501
 20
696.713484156
 10
-794.138793325
 20
698.400829604
 10
-789.546802773
 20
700.377280713
 10
-785.073179005
 20
702.609026760
 10
-780.719889708
 20
705.067450322
 10
-778.850139380
 20
706.209934844
  0
LWPOLYLINE
  5
169B
330
A02
100
AcDbEntity
100
AcDbPolyline
  8
IsoView
 90
2
 70
0
 43
0
 10
-642.156829022
 20
714.529503290
 10
-642.044412336
 20
713.920078623
  0
LWPOLYLINE
  5
169C
330
A02
100
AcDbEntity
100
AcDbPolyline
  8
IsoView
 90
2
 70
0
 43
0
 10
-642.044412336
 20
713.920078623
 10
-641.878397922
 20
713.886119483
  0
LWPOLYLINE
  5
169D
330
A02
100
AcDbEntity
100
AcDbPolyline
  8
IsoView
 90
2
 70
0
 43
0
 10
-641.878397922
 20
713.886119483
 10
-641.403628581
 20
714.193131030
  0
LWPOLYLINE
  5
169E
330
A02
100
AcDbEntity
100
AcDbPolyline
  8
IsoView
 90
2
 70
0
 43
0
 10
-643.131662392
 20
714.449314518
 10
-643.019245707
 20
713.839889851
  0
LWPOLYLINE
  5
169F
330
A02
100
AcDbEntity
100
AcDbPolyline
  8
IsoView
 90
2
 70
0
 43
0
 10
-643.019245707
 20
713.839889851
 10
-642.853231292
 20
713.805930711
  0
LWPOLYLINE
  5
16A0
330
A02
100
AcDbEntity
100
AcDbPolyline
  8
IsoView
 90
2
 70
0
 43
0
 10
-642.853231292
 20
713.805930711
 10
-642.378461951
 20
714.112942258
  0
LWPOLYLINE
  5
16A1
330
A02
100
AcDbEntity
100
AcDbPolyline
  8
IsoView
 90
2
 70
0
 43
0
 10
-641.181995651
 20
714.609692062
 10
-641.069578966
 20
714.000267395
  0
LWPOLYLINE
  5
16A2
330
A02
100
AcDbEntity
100
AcDbPolyline
  8
IsoView
 90
2
 70
0
 43
0
 10
-641.069578966
 20
714.000267395
 10
-640.903564552
 20
713.966308255
  0
LWPOLYLINE
  5
16A3
330
A02
100
AcDbEntity
100
AcDbPolyline
  8
IsoView
 90
2
 70
0
 43
0
 10
-640.903564552
 20
713.966308255
 10
-640.207162281
 20
714.689880834
  0
LWPOLYLINE
  5
16A4
330
A02
100
AcDbEntity
100
AcDbPolyline
  8
IsoView
 90
2
 70
0
 43
0
 10
-640.207162281
 20
714.689880834
 10
-640.319578966
 20
715.299305501
  0
LWPOLYLINE
  5
16A5
330
A02
100
AcDbEntity
100
AcDbPolyline
  8
IsoView
 90
2
 70
0
 43
0
 10
-640.319578966
 20
715.299305501
 10
-640.485593380
 20
715.333264641
  0
LWPOLYLINE
  5
16A6
330
A02
100
AcDbEntity
100
AcDbPolyline
  8
IsoView
 90
2
 70
0
 43
0
 10
-640.485593380
 20
715.333264641
 10
-640.903564552
 20
715.091948872
  0
LWPOLYLINE
  5
16A7
330
A02
100
AcDbEntity
100
AcDbPolyline
  8
IsoView
 90
2
 70
0
 43
0
 10
-632.285870097
 20
711.807385038
 10
-632.391047410
 20
711.162639897
  0
LWPOLYLINE
  5
16A8
330
A02
100
AcDbEntity
100
AcDbPolyline
  8
IsoView
 90
2
 70
0
 43
0
 10
-631.922034262
 20
712.217052969
 10
-631.981836424
 20
712.268587910
  0
LWPOLYLINE
  5
16A9
330
A02
100
AcDbEntity
100
AcDbPolyline
  8
IsoView
 90
2
 70
0
 43
0
 10
-631.981836424
 20
712.268587910
 10
-632.285870097
 20
711.807385038
  0
ENDSEC
  0
SECTION
  2
OBJECTS
  0
DICTIONARY
  5
F000
330
0
100
AcDbDictionary
  3
ACAD_GROUP
350
F001
  0
DICTIONARY
  5
F001
330
F000
100
AcDbDictionary
  0
ENDSEC
  0
EOF